[06May2026 21:14:16.687] [main/INFO] [cpw.mods.modlauncher.Launcher/MODLAUNCHER]: ModLauncher running: args [--username, Pink_Evil, --version, 1.21.1, --gameDir, D:/Spiele/minecraft/instances/instances prism Launcher/Blurple modded event stuff/minecraft, --assetsDir, C:/Users/robin/AppData/Roaming/PrismLauncher/assets, --assetIndex, 17, --uuid, 91088abe0167486ba79a7be62a6a7051, --accessToken, ❄❄❄❄❄❄❄❄, --userType, msa, --versionType, release, --fml.neoForgeVersion, 21.1.228, --fml.fmlVersion, 4.0.42, --fml.mcVersion, 1.21.1, --fml.neoFormVersion, 20240808.144430, --launchTarget, forgeclient, --width, 2560, --height, 1361]
[06May2026 21:14:16.692] [main/INFO] [cpw.mods.modlauncher.Launcher/MODLAUNCHER]: JVM identified as Microsoft OpenJDK 64-Bit Server VM 21.0.3+9-LTS
[06May2026 21:14:16.695] [main/INFO] [cpw.mods.modlauncher.Launcher/MODLAUNCHER]: ModLauncher 11.0.5+main.901c6ea8 starting: java version 21.0.3 by Microsoft; OS Windows 11 arch amd64 version 10.0
[06May2026 21:14:17.075] [main/INFO] [net.neoforged.fml.loading.ImmediateWindowHandler/]: Loading ImmediateWindowProvider fmlearlywindow
[06May2026 21:14:17.152] [main/INFO] [EARLYDISPLAY/]: Trying GL version 4.6
[06May2026 21:14:17.231] [main/INFO] [EARLYDISPLAY/]: Requested GL version 4.6 got version 4.6
[06May2026 21:14:17.320] [main/INFO] [mixin/]: SpongePowered MIXIN Subsystem Version=0.8.7 Source=union:/C:/Users/robin/AppData/Roaming/PrismLauncher/libraries/net/fabricmc/sponge-mixin/0.15.2+mixin.0.8.7/sponge-mixin-0.15.2+mixin.0.8.7.jar%23175!/ Service=ModLauncher Env=CLIENT
[06May2026 21:14:17.567] [pool-2-thread-1/INFO] [EARLYDISPLAY/]: GL info: AMD Radeon RX 6700 XT GL version 4.6.0 Core Profile Context 26.3.1.260303, ATI Technologies Inc.
[06May2026 21:14:17.624] [main/INFO] [net.neoforged.fml.loading.moddiscovery.ModDiscoverer/SCAN]: Found mod file "client-1.21.1-20240808.144430-srg.jar" [locator: production client provider +net.neoforged:neoforge:21.1.228:client]
[06May2026 21:14:17.646] [main/INFO] [net.neoforged.fml.loading.moddiscovery.ModDiscoverer/SCAN]: Found mod file "neoforge-21.1.228-universal.jar" [locator: PathBasedLocator[name=neoforge, paths=[C:\Users\robin\AppData\Roaming\PrismLauncher\libraries\net\neoforged\neoforge\21.1.228\neoforge-21.1.228-universal.jar]], reader: mod manifest]
[06May2026 21:14:17.659] [main/INFO] [net.neoforged.fml.loading.moddiscovery.ModDiscoverer/SCAN]: Found mod file "Apotheosis-1.21.1-8.5.2.jar" [locator: {mods folder locator at D:\Spiele\minecraft\instances\instances prism Launcher\Blurple modded event stuff\minecraft\mods}, reader: mod manifest]
[06May2026 21:14:17.665] [main/INFO] [net.neoforged.fml.loading.moddiscovery.ModDiscoverer/SCAN]: Found mod file "ApothicAttributes-1.21.1-2.9.1.jar" [locator: {mods folder locator at D:\Spiele\minecraft\instances\instances prism Launcher\Blurple modded event stuff\minecraft\mods}, reader: mod manifest]
[06May2026 21:14:17.671] [main/INFO] [net.neoforged.fml.loading.moddiscovery.ModDiscoverer/SCAN]: Found mod file "ApothicEnchanting-1.21.1-1.5.2.jar" [locator: {mods folder locator at D:\Spiele\minecraft\instances\instances prism Launcher\Blurple modded event stuff\minecraft\mods}, reader: mod manifest]
[06May2026 21:14:17.676] [main/INFO] [net.neoforged.fml.loading.moddiscovery.ModDiscoverer/SCAN]: Found mod file "ApothicSpawners-1.21.1-1.3.4.jar" [locator: {mods folder locator at D:\Spiele\minecraft\instances\instances prism Launcher\Blurple modded event stuff\minecraft\mods}, reader: mod manifest]
[06May2026 21:14:17.688] [main/INFO] [net.neoforged.fml.loading.moddiscovery.ModDiscoverer/SCAN]: Found mod file "appleskin-neoforge-mc1.21-3.0.9.jar" [locator: {mods folder locator at D:\Spiele\minecraft\instances\instances prism Launcher\Blurple modded event stuff\minecraft\mods}, reader: mod manifest]
[06May2026 21:14:17.694] [main/INFO] [net.neoforged.fml.loading.moddiscovery.ModDiscoverer/SCAN]: Found mod file "architectury-13.0.8-neoforge.jar" [locator: {mods folder locator at D:\Spiele\minecraft\instances\instances prism Launcher\Blurple modded event stuff\minecraft\mods}, reader: mod manifest]
[06May2026 21:14:17.702] [main/INFO] [net.neoforged.fml.loading.moddiscovery.ModDiscoverer/SCAN]: Found mod file "artifacts-neoforge-13.2.1.jar" [locator: {mods folder locator at D:\Spiele\minecraft\instances\instances prism Launcher\Blurple modded event stuff\minecraft\mods}, reader: mod manifest]
[06May2026 21:14:17.710] [main/INFO] [net.neoforged.fml.loading.moddiscovery.ModDiscoverer/SCAN]: Found mod file "baguettelib-1.21.1-NeoForge-2.0.3.jar" [locator: {mods folder locator at D:\Spiele\minecraft\instances\instances prism Launcher\Blurple modded event stuff\minecraft\mods}, reader: mod manifest]
[06May2026 21:14:17.715] [main/INFO] [net.neoforged.fml.loading.moddiscovery.ModDiscoverer/SCAN]: Found mod file "balm-neoforge-1.21.1-21.0.56.jar" [locator: {mods folder locator at D:\Spiele\minecraft\instances\instances prism Launcher\Blurple modded event stuff\minecraft\mods}, reader: mod manifest]
[06May2026 21:14:17.720] [main/INFO] [net.neoforged.fml.loading.moddiscovery.ModDiscoverer/SCAN]: Found mod file "biolith-neoforge-3.0.10.jar" [locator: {mods folder locator at D:\Spiele\minecraft\instances\instances prism Launcher\Blurple modded event stuff\minecraft\mods}, reader: mod manifest]
[06May2026 21:14:17.726] [main/INFO] [net.neoforged.fml.loading.moddiscovery.ModDiscoverer/SCAN]: Found mod file "caelus-neoforge-7.0.1+1.21.1.jar" [locator: {mods folder locator at D:\Spiele\minecraft\instances\instances prism Launcher\Blurple modded event stuff\minecraft\mods}, reader: mod manifest]
[06May2026 21:14:17.731] [main/INFO] [net.neoforged.fml.loading.moddiscovery.ModDiscoverer/SCAN]: Found mod file "cloth-config-15.0.140-neoforge.jar" [locator: {mods folder locator at D:\Spiele\minecraft\instances\instances prism Launcher\Blurple modded event stuff\minecraft\mods}, reader: mod manifest]
[06May2026 21:14:17.740] [main/INFO] [net.neoforged.fml.loading.moddiscovery.ModDiscoverer/SCAN]: Found mod file "configured-neoforge-1.21.1-2.6.3.jar" [locator: {mods folder locator at D:\Spiele\minecraft\instances\instances prism Launcher\Blurple modded event stuff\minecraft\mods}, reader: mod manifest]
[06May2026 21:14:17.746] [main/INFO] [net.neoforged.fml.loading.moddiscovery.ModDiscoverer/SCAN]: Found mod file "connectedglass-1.1.14-neoforge-mc1.21.jar" [locator: {mods folder locator at D:\Spiele\minecraft\instances\instances prism Launcher\Blurple modded event stuff\minecraft\mods}, reader: mod manifest]
[06May2026 21:14:17.754] [main/INFO] [net.neoforged.fml.loading.moddiscovery.ModDiscoverer/SCAN]: Found mod file "connectivity-1.21.1-7.6.jar" [locator: {mods folder locator at D:\Spiele\minecraft\instances\instances prism Launcher\Blurple modded event stuff\minecraft\mods}, reader: mod manifest]
[06May2026 21:14:17.760] [main/INFO] [net.neoforged.fml.loading.moddiscovery.ModDiscoverer/SCAN]: Found mod file "Controlling-neoforge-1.21.1-19.0.5.jar" [locator: {mods folder locator at D:\Spiele\minecraft\instances\instances prism Launcher\Blurple modded event stuff\minecraft\mods}, reader: mod manifest]
[06May2026 21:14:17.764] [main/INFO] [net.neoforged.fml.loading.moddiscovery.ModDiscoverer/SCAN]: Found mod file "coolcatlib-neoforge-1.21-2100.1.0.0.jar" [locator: {mods folder locator at D:\Spiele\minecraft\instances\instances prism Launcher\Blurple modded event stuff\minecraft\mods}, reader: mod manifest]
[06May2026 21:14:17.771] [main/INFO] [net.neoforged.fml.loading.moddiscovery.ModDiscoverer/SCAN]: Found mod file "corpse-neoforge-1.21.1-1.1.13.jar" [locator: {mods folder locator at D:\Spiele\minecraft\instances\instances prism Launcher\Blurple modded event stuff\minecraft\mods}, reader: mod manifest]
[06May2026 21:14:17.776] [main/INFO] [net.neoforged.fml.loading.moddiscovery.ModDiscoverer/SCAN]: Found mod file "corpsecurioscompat-1.21.1-NeoForge-4.0.1.jar" [locator: {mods folder locator at D:\Spiele\minecraft\instances\instances prism Launcher\Blurple modded event stuff\minecraft\mods}, reader: mod manifest]
[06May2026 21:14:17.781] [main/INFO] [net.neoforged.fml.loading.moddiscovery.ModDiscoverer/SCAN]: Found mod file "craftingstationjei-1.21.1-NeoForge-2.1.1.jar" [locator: {mods folder locator at D:\Spiele\minecraft\instances\instances prism Launcher\Blurple modded event stuff\minecraft\mods}, reader: mod manifest]
[06May2026 21:14:17.786] [main/INFO] [net.neoforged.fml.loading.moddiscovery.ModDiscoverer/SCAN]: Found mod file "CreeperOverhaul-neoforge-1.21.1-4.0.6.jar" [locator: {mods folder locator at D:\Spiele\minecraft\instances\instances prism Launcher\Blurple modded event stuff\minecraft\mods}, reader: mod manifest]
[06May2026 21:14:17.808] [main/INFO] [net.neoforged.fml.loading.moddiscovery.ModDiscoverer/SCAN]: Found mod file "cristellib-neoforge-1.21.1-3.0.3.jar" [locator: {mods folder locator at D:\Spiele\minecraft\instances\instances prism Launcher\Blurple modded event stuff\minecraft\mods}, reader: mod manifest]
[06May2026 21:14:17.815] [main/INFO] [net.neoforged.fml.loading.moddiscovery.ModDiscoverer/SCAN]: Found mod file "cupboard-1.21-3.5.jar" [locator: {mods folder locator at D:\Spiele\minecraft\instances\instances prism Launcher\Blurple modded event stuff\minecraft\mods}, reader: mod manifest]
[06May2026 21:14:17.824] [main/INFO] [net.neoforged.fml.loading.moddiscovery.ModDiscoverer/SCAN]: Found mod file "curios-neoforge-9.5.1+1.21.1.jar" [locator: {mods folder locator at D:\Spiele\minecraft\instances\instances prism Launcher\Blurple modded event stuff\minecraft\mods}, reader: mod manifest]
[06May2026 21:14:17.831] [main/INFO] [net.neoforged.fml.loading.moddiscovery.ModDiscoverer/SCAN]: Found mod file "dummmmmmy-1.21-2.0.12-neoforge.jar" [locator: {mods folder locator at D:\Spiele\minecraft\instances\instances prism Launcher\Blurple modded event stuff\minecraft\mods}, reader: mod manifest]
[06May2026 21:14:17.837] [main/INFO] [net.neoforged.fml.loading.moddiscovery.ModDiscoverer/SCAN]: Found mod file "elytraslot-neoforge-9.0.2+1.21.1.jar" [locator: {mods folder locator at D:\Spiele\minecraft\instances\instances prism Launcher\Blurple modded event stuff\minecraft\mods}, reader: mod manifest]
[06May2026 21:14:17.842] [main/INFO] [net.neoforged.fml.loading.moddiscovery.ModDiscoverer/SCAN]: Found mod file "emi-1.1.22+1.21.1+neoforge.jar" [locator: {mods folder locator at D:\Spiele\minecraft\instances\instances prism Launcher\Blurple modded event stuff\minecraft\mods}, reader: mod manifest]
[06May2026 21:14:17.849] [main/INFO] [net.neoforged.fml.loading.moddiscovery.ModDiscoverer/SCAN]: Found mod file "emi_enchanting-0.1.2+1.21+neoforge.jar" [locator: {mods folder locator at D:\Spiele\minecraft\instances\instances prism Launcher\Blurple modded event stuff\minecraft\mods}, reader: mod manifest]
[06May2026 21:14:17.856] [main/INFO] [net.neoforged.fml.loading.moddiscovery.ModDiscoverer/SCAN]: Found mod file "emi_loot-0.7.9+1.21+neoforge.jar" [locator: {mods folder locator at D:\Spiele\minecraft\instances\instances prism Launcher\Blurple modded event stuff\minecraft\mods}, reader: mod manifest]
[06May2026 21:14:17.862] [main/INFO] [net.neoforged.fml.loading.moddiscovery.ModDiscoverer/SCAN]: Found mod file "emiffect-neoforge-2.1.5+mc1.21.1.jar" [locator: {mods folder locator at D:\Spiele\minecraft\instances\instances prism Launcher\Blurple modded event stuff\minecraft\mods}, reader: mod manifest]
[06May2026 21:14:17.868] [main/INFO] [net.neoforged.fml.loading.moddiscovery.ModDiscoverer/SCAN]: Found mod file "EMIProfessions-neoforge-1.21.1-1.0.3.jar" [locator: {mods folder locator at D:\Spiele\minecraft\instances\instances prism Launcher\Blurple modded event stuff\minecraft\mods}, reader: mod manifest]
[06May2026 21:14:17.874] [main/INFO] [net.neoforged.fml.loading.moddiscovery.ModDiscoverer/SCAN]: Found mod file "FastFurnace-1.21.1-9.0.1.jar" [locator: {mods folder locator at D:\Spiele\minecraft\instances\instances prism Launcher\Blurple modded event stuff\minecraft\mods}, reader: mod manifest]
[06May2026 21:14:17.880] [main/INFO] [net.neoforged.fml.loading.moddiscovery.ModDiscoverer/SCAN]: Found mod file "fastleafdecay-35.jar" [locator: {mods folder locator at D:\Spiele\minecraft\instances\instances prism Launcher\Blurple modded event stuff\minecraft\mods}, reader: mod manifest]
[06May2026 21:14:17.885] [main/INFO] [net.neoforged.fml.loading.moddiscovery.ModDiscoverer/SCAN]: Found mod file "FastWorkbench-1.21.1-9.1.3.jar" [locator: {mods folder locator at D:\Spiele\minecraft\instances\instances prism Launcher\Blurple modded event stuff\minecraft\mods}, reader: mod manifest]
[06May2026 21:14:17.899] [main/INFO] [net.neoforged.fml.loading.moddiscovery.ModDiscoverer/SCAN]: Found mod file "ferritecore-7.0.3-neoforge.jar" [locator: {mods folder locator at D:\Spiele\minecraft\instances\instances prism Launcher\Blurple modded event stuff\minecraft\mods}, reader: mod manifest]
[06May2026 21:14:17.907] [main/INFO] [net.neoforged.fml.loading.moddiscovery.ModDiscoverer/SCAN]: Found mod file "ftb-chunks-neoforge-2101.1.14.jar" [locator: {mods folder locator at D:\Spiele\minecraft\instances\instances prism Launcher\Blurple modded event stuff\minecraft\mods}, reader: mod manifest]
[06May2026 21:14:17.912] [main/INFO] [net.neoforged.fml.loading.moddiscovery.ModDiscoverer/SCAN]: Found mod file "ftb-essentials-neoforge-2101.1.9.jar" [locator: {mods folder locator at D:\Spiele\minecraft\instances\instances prism Launcher\Blurple modded event stuff\minecraft\mods}, reader: mod manifest]
[06May2026 21:14:17.918] [main/INFO] [net.neoforged.fml.loading.moddiscovery.ModDiscoverer/SCAN]: Found mod file "ftb-library-neoforge-2101.1.31.jar" [locator: {mods folder locator at D:\Spiele\minecraft\instances\instances prism Launcher\Blurple modded event stuff\minecraft\mods}, reader: mod manifest]
[06May2026 21:14:17.922] [main/INFO] [net.neoforged.fml.loading.moddiscovery.ModDiscoverer/SCAN]: Found mod file "ftb-quests-neoforge-2101.1.24.jar" [locator: {mods folder locator at D:\Spiele\minecraft\instances\instances prism Launcher\Blurple modded event stuff\minecraft\mods}, reader: mod manifest]
[06May2026 21:14:17.927] [main/INFO] [net.neoforged.fml.loading.moddiscovery.ModDiscoverer/SCAN]: Found mod file "ftb-teams-neoforge-2101.1.10.jar" [locator: {mods folder locator at D:\Spiele\minecraft\instances\instances prism Launcher\Blurple modded event stuff\minecraft\mods}, reader: mod manifest]
[06May2026 21:14:17.932] [main/INFO] [net.neoforged.fml.loading.moddiscovery.ModDiscoverer/SCAN]: Found mod file "ftb-ultimine-neoforge-2101.1.13.jar" [locator: {mods folder locator at D:\Spiele\minecraft\instances\instances prism Launcher\Blurple modded event stuff\minecraft\mods}, reader: mod manifest]
[06May2026 21:14:17.937] [main/INFO] [net.neoforged.fml.loading.moddiscovery.ModDiscoverer/SCAN]: Found mod file "ftb-xmod-compat-neoforge-21.1.8.jar" [locator: {mods folder locator at D:\Spiele\minecraft\instances\instances prism Launcher\Blurple modded event stuff\minecraft\mods}, reader: mod manifest]
[06May2026 21:14:17.942] [main/INFO] [net.neoforged.fml.loading.moddiscovery.ModDiscoverer/SCAN]: Found mod file "ftbbackups2-neoforge-1.21-1.0.28.jar" [locator: {mods folder locator at D:\Spiele\minecraft\instances\instances prism Launcher\Blurple modded event stuff\minecraft\mods}, reader: mod manifest]
[06May2026 21:14:17.946] [main/INFO] [net.neoforged.fml.loading.moddiscovery.ModDiscoverer/SCAN]: Found mod file "fusion-1.2.12-neoforge-mc1.21.1.jar" [locator: {mods folder locator at D:\Spiele\minecraft\instances\instances prism Launcher\Blurple modded event stuff\minecraft\mods}, reader: mod manifest]
[06May2026 21:14:17.951] [main/INFO] [net.neoforged.fml.loading.moddiscovery.ModDiscoverer/SCAN]: Found mod file "fzzy_config-0.7.6+1.21+neoforge.jar" [locator: {mods folder locator at D:\Spiele\minecraft\instances\instances prism Launcher\Blurple modded event stuff\minecraft\mods}, reader: mod manifest]
[06May2026 21:14:17.956] [main/INFO] [net.neoforged.fml.loading.moddiscovery.ModDiscoverer/SCAN]: Found mod file "GatewaysToEternity-1.21.1-5.1.0.jar" [locator: {mods folder locator at D:\Spiele\minecraft\instances\instances prism Launcher\Blurple modded event stuff\minecraft\mods}, reader: mod manifest]
[06May2026 21:14:17.962] [main/INFO] [net.neoforged.fml.loading.moddiscovery.ModDiscoverer/SCAN]: Found mod file "geckolib-neoforge-1.21.1-4.8.4.jar" [locator: {mods folder locator at D:\Spiele\minecraft\instances\instances prism Launcher\Blurple modded event stuff\minecraft\mods}, reader: mod manifest]
[06May2026 21:14:17.975] [main/INFO] [net.neoforged.fml.loading.moddiscovery.ModDiscoverer/SCAN]: Found mod file "gpumemleakfix-1.21-1.8.jar" [locator: {mods folder locator at D:\Spiele\minecraft\instances\instances prism Launcher\Blurple modded event stuff\minecraft\mods}, reader: mod manifest]
[06May2026 21:14:17.980] [main/INFO] [net.neoforged.fml.loading.moddiscovery.ModDiscoverer/SCAN]: Found mod file "Highlighter-1.21-neoforge-1.1.11.jar" [locator: {mods folder locator at D:\Spiele\minecraft\instances\instances prism Launcher\Blurple modded event stuff\minecraft\mods}, reader: mod manifest]
[06May2026 21:14:17.986] [main/INFO] [net.neoforged.fml.loading.moddiscovery.ModDiscoverer/SCAN]: Found mod file "Iceberg-1.21.1-neoforge-1.3.2.jar" [locator: {mods folder locator at D:\Spiele\minecraft\instances\instances prism Launcher\Blurple modded event stuff\minecraft\mods}, reader: mod manifest]
[06May2026 21:14:17.990] [main/INFO] [net.neoforged.fml.loading.moddiscovery.ModDiscoverer/SCAN]: Found mod file "ImmediatelyFast-NeoForge-1.6.10+1.21.1.jar" [locator: {mods folder locator at D:\Spiele\minecraft\instances\instances prism Launcher\Blurple modded event stuff\minecraft\mods}, reader: mod manifest]
[06May2026 21:14:17.994] [main/INFO] [net.neoforged.fml.loading.moddiscovery.ModDiscoverer/SCAN]: Found mod file "incontrol-1.21-10.2.6.jar" [locator: {mods folder locator at D:\Spiele\minecraft\instances\instances prism Launcher\Blurple modded event stuff\minecraft\mods}, reader: mod manifest]
[06May2026 21:14:17.999] [main/INFO] [net.neoforged.fml.loading.moddiscovery.ModDiscoverer/SCAN]: Found mod file "InventoryProfilesNext-neoforge-1.21.1-2.2.5.jar" [locator: {mods folder locator at D:\Spiele\minecraft\instances\instances prism Launcher\Blurple modded event stuff\minecraft\mods}, reader: mod manifest]
[06May2026 21:14:18.003] [main/INFO] [net.neoforged.fml.loading.moddiscovery.ModDiscoverer/SCAN]: Found mod file "Jade-1.21.1-NeoForge-15.10.5.jar" [locator: {mods folder locator at D:\Spiele\minecraft\instances\instances prism Launcher\Blurple modded event stuff\minecraft\mods}, reader: mod manifest]
[06May2026 21:14:18.008] [main/INFO] [net.neoforged.fml.loading.moddiscovery.ModDiscoverer/SCAN]: Found library file "kotlinforforge-5.11.0-all.jar" [locator: {mods folder locator at D:\Spiele\minecraft\instances\instances prism Launcher\Blurple modded event stuff\minecraft\mods}, reader: mod manifest]
[06May2026 21:14:18.013] [main/INFO] [net.neoforged.fml.loading.moddiscovery.ModDiscoverer/SCAN]: Found mod file "kubejs-neoforge-2101.7.2-build.363.jar" [locator: {mods folder locator at D:\Spiele\minecraft\instances\instances prism Launcher\Blurple modded event stuff\minecraft\mods}, reader: mod manifest]
[06May2026 21:14:18.018] [main/INFO] [net.neoforged.fml.loading.moddiscovery.ModDiscoverer/SCAN]: Found mod file "libIPN-neoforge-1.21.1-6.6.3.jar" [locator: {mods folder locator at D:\Spiele\minecraft\instances\instances prism Launcher\Blurple modded event stuff\minecraft\mods}, reader: mod manifest]
[06May2026 21:14:18.022] [main/INFO] [net.neoforged.fml.loading.moddiscovery.ModDiscoverer/SCAN]: Found mod file "lootintegrations-1.21.1-4.7.jar" [locator: {mods folder locator at D:\Spiele\minecraft\instances\instances prism Launcher\Blurple modded event stuff\minecraft\mods}, reader: mod manifest]
[06May2026 21:14:18.026] [main/INFO] [net.neoforged.fml.loading.moddiscovery.ModDiscoverer/SCAN]: Found mod file "lootjs-neoforge-1.21.1-3.7.0.jar" [locator: {mods folder locator at D:\Spiele\minecraft\instances\instances prism Launcher\Blurple modded event stuff\minecraft\mods}, reader: mod manifest]
[06May2026 21:14:18.030] [main/INFO] [net.neoforged.fml.loading.moddiscovery.ModDiscoverer/SCAN]: Found mod file "lootr-neoforge-1.21.1-1.11.37.119.jar" [locator: {mods folder locator at D:\Spiele\minecraft\instances\instances prism Launcher\Blurple modded event stuff\minecraft\mods}, reader: mod manifest]
[06May2026 21:14:18.035] [main/INFO] [net.neoforged.fml.loading.moddiscovery.ModDiscoverer/SCAN]: Found mod file "mahoutsukai-1.21.1-v1.36.26.jar" [locator: {mods folder locator at D:\Spiele\minecraft\instances\instances prism Launcher\Blurple modded event stuff\minecraft\mods}, reader: mod manifest]
[06May2026 21:14:18.040] [main/INFO] [net.neoforged.fml.loading.moddiscovery.ModDiscoverer/SCAN]: Found mod file "modernfix-neoforge-5.27.4+mc1.21.1.jar" [locator: {mods folder locator at D:\Spiele\minecraft\instances\instances prism Launcher\Blurple modded event stuff\minecraft\mods}, reader: mod manifest]
[06May2026 21:14:18.046] [main/INFO] [net.neoforged.fml.loading.moddiscovery.ModDiscoverer/SCAN]: Found mod file "moonlight-neoforge-1.21.1-3.0.3.jar" [locator: {mods folder locator at D:\Spiele\minecraft\instances\instances prism Launcher\Blurple modded event stuff\minecraft\mods}, reader: mod manifest]
[06May2026 21:14:18.050] [main/INFO] [net.neoforged.fml.loading.moddiscovery.ModDiscoverer/SCAN]: Found mod file "MouseTweaks-neoforge-mc1.21-2.26.1.jar" [locator: {mods folder locator at D:\Spiele\minecraft\instances\instances prism Launcher\Blurple modded event stuff\minecraft\mods}, reader: mod manifest]
[06May2026 21:14:18.056] [main/INFO] [net.neoforged.fml.loading.moddiscovery.ModDiscoverer/SCAN]: Found mod file "NoChatReports-NEOFORGE-1.21.1-v2.9.1.jar" [locator: {mods folder locator at D:\Spiele\minecraft\instances\instances prism Launcher\Blurple modded event stuff\minecraft\mods}, reader: mod manifest]
[06May2026 21:14:18.063] [main/INFO] [net.neoforged.fml.loading.moddiscovery.ModDiscoverer/SCAN]: Found mod file "nomansland-1.4.6.jar" [locator: {mods folder locator at D:\Spiele\minecraft\instances\instances prism Launcher\Blurple modded event stuff\minecraft\mods}, reader: mod manifest]
[06May2026 21:14:18.066] [main/INFO] [net.neoforged.fml.loading.moddiscovery.ModDiscoverer/SCAN]: Found mod file "OctoLib-NEOFORGE-0.6.1+1.21.jar" [locator: {mods folder locator at D:\Spiele\minecraft\instances\instances prism Launcher\Blurple modded event stuff\minecraft\mods}, reader: mod manifest]
[06May2026 21:14:18.070] [main/INFO] [net.neoforged.fml.loading.moddiscovery.ModDiscoverer/SCAN]: Found mod file "Patchouli-1.21.1-93-NEOFORGE.jar" [locator: {mods folder locator at D:\Spiele\minecraft\instances\instances prism Launcher\Blurple modded event stuff\minecraft\mods}, reader: mod manifest]
[06May2026 21:14:18.076] [main/INFO] [net.neoforged.fml.loading.moddiscovery.ModDiscoverer/SCAN]: Found mod file "Placebo-1.21.1-9.9.1.jar" [locator: {mods folder locator at D:\Spiele\minecraft\instances\instances prism Launcher\Blurple modded event stuff\minecraft\mods}, reader: mod manifest]
[06May2026 21:14:18.080] [main/INFO] [net.neoforged.fml.loading.moddiscovery.ModDiscoverer/SCAN]: Found mod file "polylib-2100.1.0-build.183-neoforge.jar" [locator: {mods folder locator at D:\Spiele\minecraft\instances\instances prism Launcher\Blurple modded event stuff\minecraft\mods}, reader: mod manifest]
[06May2026 21:14:18.084] [main/INFO] [net.neoforged.fml.loading.moddiscovery.ModDiscoverer/SCAN]: Found mod file "quickstack-1.21.1-neoforge-1.0.3.jar" [locator: {mods folder locator at D:\Spiele\minecraft\instances\instances prism Launcher\Blurple modded event stuff\minecraft\mods}, reader: mod manifest]
[06May2026 21:14:18.088] [main/INFO] [net.neoforged.fml.loading.moddiscovery.ModDiscoverer/SCAN]: Found mod file "relics-1.21.1-0.12.0.jar" [locator: {mods folder locator at D:\Spiele\minecraft\instances\instances prism Launcher\Blurple modded event stuff\minecraft\mods}, reader: mod manifest]
[06May2026 21:14:18.091] [main/INFO] [net.neoforged.fml.loading.moddiscovery.ModDiscoverer/SCAN]: Found mod file "reliquified_artifacts-1.21.1-1.0.5.jar" [locator: {mods folder locator at D:\Spiele\minecraft\instances\instances prism Launcher\Blurple modded event stuff\minecraft\mods}, reader: mod manifest]
[06May2026 21:14:18.096] [main/INFO] [net.neoforged.fml.loading.moddiscovery.ModDiscoverer/SCAN]: Found mod file "resourcefulconfig-neoforge-1.21-3.0.11.jar" [locator: {mods folder locator at D:\Spiele\minecraft\instances\instances prism Launcher\Blurple modded event stuff\minecraft\mods}, reader: mod manifest]
[06May2026 21:14:18.100] [main/INFO] [net.neoforged.fml.loading.moddiscovery.ModDiscoverer/SCAN]: Found mod file "resourcefullib-neoforge-1.21-3.0.12.jar" [locator: {mods folder locator at D:\Spiele\minecraft\instances\instances prism Launcher\Blurple modded event stuff\minecraft\mods}, reader: mod manifest]
[06May2026 21:14:18.104] [main/INFO] [net.neoforged.fml.loading.moddiscovery.ModDiscoverer/SCAN]: Found mod file "rhino-2101.2.7-build.81.jar" [locator: {mods folder locator at D:\Spiele\minecraft\instances\instances prism Launcher\Blurple modded event stuff\minecraft\mods}, reader: mod manifest]
[06May2026 21:14:18.108] [main/INFO] [net.neoforged.fml.loading.moddiscovery.ModDiscoverer/SCAN]: Found mod file "Searchables-neoforge-1.21.1-1.0.2.jar" [locator: {mods folder locator at D:\Spiele\minecraft\instances\instances prism Launcher\Blurple modded event stuff\minecraft\mods}, reader: mod manifest]
[06May2026 21:14:18.113] [main/INFO] [net.neoforged.fml.loading.moddiscovery.ModDiscoverer/SCAN]: Found mod file "sophisticatedbackpacks-1.21.1-3.25.43.1729.jar" [locator: {mods folder locator at D:\Spiele\minecraft\instances\instances prism Launcher\Blurple modded event stuff\minecraft\mods}, reader: mod manifest]
[06May2026 21:14:18.117] [main/INFO] [net.neoforged.fml.loading.moddiscovery.ModDiscoverer/SCAN]: Found mod file "sophisticatedcore-1.21.1-1.4.34.1815.jar" [locator: {mods folder locator at D:\Spiele\minecraft\instances\instances prism Launcher\Blurple modded event stuff\minecraft\mods}, reader: mod manifest]
[06May2026 21:14:18.121] [main/INFO] [net.neoforged.fml.loading.moddiscovery.ModDiscoverer/SCAN]: Found mod file "sophisticatedstorage-1.21.1-1.5.45.1697.jar" [locator: {mods folder locator at D:\Spiele\minecraft\instances\instances prism Launcher\Blurple modded event stuff\minecraft\mods}, reader: mod manifest]
[06May2026 21:14:18.125] [main/INFO] [net.neoforged.fml.loading.moddiscovery.ModDiscoverer/SCAN]: Found mod file "structureessentials-1.21.1-5.0.jar" [locator: {mods folder locator at D:\Spiele\minecraft\instances\instances prism Launcher\Blurple modded event stuff\minecraft\mods}, reader: mod manifest]
[06May2026 21:14:18.129] [main/INFO] [net.neoforged.fml.loading.moddiscovery.ModDiscoverer/SCAN]: Found mod file "supermartijn642corelib-1.1.21-neoforge-mc1.21.jar" [locator: {mods folder locator at D:\Spiele\minecraft\instances\instances prism Launcher\Blurple modded event stuff\minecraft\mods}, reader: mod manifest]
[06May2026 21:14:18.135] [main/INFO] [net.neoforged.fml.loading.moddiscovery.ModDiscoverer/SCAN]: Found mod file "t_and_t-neoforge-fabric-1.13.7+1.21.1.jar" [locator: {mods folder locator at D:\Spiele\minecraft\instances\instances prism Launcher\Blurple modded event stuff\minecraft\mods}, reader: mod manifest]
[06May2026 21:14:18.140] [main/INFO] [net.neoforged.fml.loading.moddiscovery.ModDiscoverer/SCAN]: Found mod file "tenshilib-1.21.1-2.2.5-neoforge.jar" [locator: {mods folder locator at D:\Spiele\minecraft\instances\instances prism Launcher\Blurple modded event stuff\minecraft\mods}, reader: mod manifest]
[06May2026 21:14:18.145] [main/INFO] [net.neoforged.fml.loading.moddiscovery.ModDiscoverer/SCAN]: Found mod file "toms_storage-1.21-2.3.2.jar" [locator: {mods folder locator at D:\Spiele\minecraft\instances\instances prism Launcher\Blurple modded event stuff\minecraft\mods}, reader: mod manifest]
[06May2026 21:14:18.148] [main/INFO] [net.neoforged.fml.loading.moddiscovery.ModDiscoverer/SCAN]: Found mod file "toofast-1.21.0-0.4.3.6.jar" [locator: {mods folder locator at D:\Spiele\minecraft\instances\instances prism Launcher\Blurple modded event stuff\minecraft\mods}, reader: mod manifest]
[06May2026 21:14:18.153] [main/INFO] [net.neoforged.fml.loading.moddiscovery.ModDiscoverer/SCAN]: Found mod file "toomanyrecipeviewers-0.7.3+mc.21.1.jar" [locator: {mods folder locator at D:\Spiele\minecraft\instances\instances prism Launcher\Blurple modded event stuff\minecraft\mods}, reader: mod manifest]
[06May2026 21:14:18.158] [main/INFO] [net.neoforged.fml.loading.moddiscovery.ModDiscoverer/SCAN]: Found mod file "trashslot-neoforge-1.21.1-21.1.10.jar" [locator: {mods folder locator at D:\Spiele\minecraft\instances\instances prism Launcher\Blurple modded event stuff\minecraft\mods}, reader: mod manifest]
[06May2026 21:14:18.161] [main/INFO] [net.neoforged.fml.loading.moddiscovery.ModDiscoverer/SCAN]: Found mod file "ultimine_addition-neoforge-1.21.1-2101.1.2.3.jar" [locator: {mods folder locator at D:\Spiele\minecraft\instances\instances prism Launcher\Blurple modded event stuff\minecraft\mods}, reader: mod manifest]
[06May2026 21:14:18.166] [main/INFO] [net.neoforged.fml.loading.moddiscovery.ModDiscoverer/SCAN]: Found mod file "voicechat-neoforge-1.21.1-2.6.16.jar" [locator: {mods folder locator at D:\Spiele\minecraft\instances\instances prism Launcher\Blurple modded event stuff\minecraft\mods}, reader: mod manifest]
[06May2026 21:14:18.170] [main/INFO] [net.neoforged.fml.loading.moddiscovery.ModDiscoverer/SCAN]: Found mod file "xaerominimap-neoforge-1.21.1-25.3.10.jar" [locator: {mods folder locator at D:\Spiele\minecraft\instances\instances prism Launcher\Blurple modded event stuff\minecraft\mods}, reader: mod manifest]
[06May2026 21:14:18.174] [main/INFO] [net.neoforged.fml.loading.moddiscovery.ModDiscoverer/SCAN]: Found mod file "xaeroworldmap-neoforge-1.21.1-1.40.11.jar" [locator: {mods folder locator at D:\Spiele\minecraft\instances\instances prism Launcher\Blurple modded event stuff\minecraft\mods}, reader: mod manifest]
[06May2026 21:14:18.505] [main/INFO] [net.neoforged.fml.loading.moddiscovery.locators.JarInJarDependencyLocator/]: Found 28 dependencies adding them to mods collection
[06May2026 21:14:18.506] [main/INFO] [net.neoforged.fml.loading.moddiscovery.ModDiscoverer/SCAN]: Found gamelibrary file "mixinextras-neoforge-0.5.3.jar" [parent: neoforge-21.1.228-universal.jar, locator: jarinjar, reader: mod manifest]
[06May2026 21:14:18.506] [main/INFO] [net.neoforged.fml.loading.moddiscovery.ModDiscoverer/SCAN]: Found mod file "kuma-api-neoforge-21.0.7+1.21.jar" [parent: balm-neoforge-1.21.1-21.0.56.jar, locator: jarinjar, reader: mod manifest]
[06May2026 21:14:18.506] [main/INFO] [net.neoforged.fml.loading.moddiscovery.ModDiscoverer/SCAN]: Found library file "net.neoforged.neoforge-coremods-21.1.228.jar" [parent: neoforge-21.1.228-universal.jar, locator: jarinjar, reader: mod manifest]
[06May2026 21:14:18.506] [main/INFO] [net.neoforged.fml.loading.moddiscovery.ModDiscoverer/SCAN]: Found library file "thedarkcolour.kfflang-5.11.0.jar" [parent: kotlinforforge-5.11.0-all.jar, locator: jarinjar, reader: mod manifest]
[06May2026 21:14:18.506] [main/INFO] [net.neoforged.fml.loading.moddiscovery.ModDiscoverer/SCAN]: Found mod file "xaerolib-neoforge-1.21.1-1.1.0.jar" [parent: xaerominimap-neoforge-1.21.1-25.3.10.jar, locator: jarinjar, reader: mod manifest]
[06May2026 21:14:18.506] [main/INFO] [net.neoforged.fml.loading.moddiscovery.ModDiscoverer/SCAN]: Found gamelibrary file "thedarkcolour.kfflib-5.11.0.jar" [parent: kotlinforforge-5.11.0-all.jar, locator: jarinjar, reader: mod manifest]
[06May2026 21:14:18.506] [main/INFO] [net.neoforged.fml.loading.moddiscovery.ModDiscoverer/SCAN]: Found mod file "thedarkcolour.kffmod-5.11.0.jar" [parent: kotlinforforge-5.11.0-all.jar, locator: jarinjar, reader: mod manifest]
[06May2026 21:14:18.506] [main/INFO] [net.neoforged.fml.loading.moddiscovery.ModDiscoverer/SCAN]: Found library file "kotlin-stdlib-2.3.0.jar" [parent: kotlinforforge-5.11.0-all.jar, locator: jarinjar]
[06May2026 21:14:18.506] [main/INFO] [net.neoforged.fml.loading.moddiscovery.ModDiscoverer/SCAN]: Found library file "kotlin-reflect-2.3.0.jar" [parent: kotlinforforge-5.11.0-all.jar, locator: jarinjar]
[06May2026 21:14:18.506] [main/INFO] [net.neoforged.fml.loading.moddiscovery.ModDiscoverer/SCAN]: Found library file "kotlinx-coroutines-core-jvm-1.10.2.jar" [parent: kotlinforforge-5.11.0-all.jar, locator: jarinjar]
[06May2026 21:14:18.506] [main/INFO] [net.neoforged.fml.loading.moddiscovery.ModDiscoverer/SCAN]: Found library file "yabn-1.0.3.jar" [parent: resourcefullib-neoforge-1.21-3.0.12.jar, locator: jarinjar]
[06May2026 21:14:18.506] [main/INFO] [net.neoforged.fml.loading.moddiscovery.ModDiscoverer/SCAN]: Found mod file "mixed-litter-1.0.3.jar" [parent: nomansland-1.4.6.jar, locator: jarinjar, reader: mod manifest]
[06May2026 21:14:18.506] [main/INFO] [net.neoforged.fml.loading.moddiscovery.ModDiscoverer/SCAN]: Found library file "tomlkt-jvm-0.3.7.jar" [parent: fzzy_config-0.7.6+1.21+neoforge.jar, locator: jarinjar]
[06May2026 21:14:18.506] [main/INFO] [net.neoforged.fml.loading.moddiscovery.ModDiscoverer/SCAN]: Found library file "kotlinx-coroutines-jdk8-1.10.2.jar" [parent: kotlinforforge-5.11.0-all.jar, locator: jarinjar]
[06May2026 21:14:18.506] [main/INFO] [net.neoforged.fml.loading.moddiscovery.ModDiscoverer/SCAN]: Found library file "resourceful-cosmetics-4j-1.0.3.jar" [parent: CreeperOverhaul-neoforge-1.21.1-4.0.6.jar, locator: jarinjar]
[06May2026 21:14:18.506] [main/INFO] [net.neoforged.fml.loading.moddiscovery.ModDiscoverer/SCAN]: Found mod file "better-advanced-tooltips-2101.1.0-build.1.jar" [parent: kubejs-neoforge-2101.7.2-build.363.jar, locator: jarinjar, reader: mod manifest]
[06May2026 21:14:18.507] [main/INFO] [net.neoforged.fml.loading.moddiscovery.ModDiscoverer/SCAN]: Found library file "kotlin-stdlib-jdk7-2.3.0.jar" [parent: kotlinforforge-5.11.0-all.jar, locator: jarinjar]
[06May2026 21:14:18.507] [main/INFO] [net.neoforged.fml.loading.moddiscovery.ModDiscoverer/SCAN]: Found library file "Reflect-1.6.1+curseforge.jar" [parent: ImmediatelyFast-NeoForge-1.6.10+1.21.1.jar, locator: jarinjar]
[06May2026 21:14:18.507] [main/INFO] [net.neoforged.fml.loading.moddiscovery.ModDiscoverer/SCAN]: Found library file "kotlin-stdlib-jdk8-2.3.0.jar" [parent: kotlinforforge-5.11.0-all.jar, locator: jarinjar]
[06May2026 21:14:18.507] [main/INFO] [net.neoforged.fml.loading.moddiscovery.ModDiscoverer/SCAN]: Found library file "kotlinx-serialization-core-jvm-1.9.0.jar" [parent: kotlinforforge-5.11.0-all.jar, locator: jarinjar]
[06May2026 21:14:18.507] [main/INFO] [net.neoforged.fml.loading.moddiscovery.ModDiscoverer/SCAN]: Found library file "animated-gif-lib-for-java-animated-gif-lib-1.7.jar" [parent: kubejs-neoforge-2101.7.2-build.363.jar, locator: jarinjar]
[06May2026 21:14:18.507] [main/INFO] [net.neoforged.fml.loading.moddiscovery.ModDiscoverer/SCAN]: Found mod file "expandability-neoforge-12.0.0.jar" [parent: artifacts-neoforge-13.2.1.jar, locator: jarinjar, reader: mod manifest]
[06May2026 21:14:18.507] [main/INFO] [net.neoforged.fml.loading.moddiscovery.ModDiscoverer/SCAN]: Found library file "bytecodecs-1.1.2.jar" [parent: resourcefullib-neoforge-1.21-3.0.12.jar, locator: jarinjar]
[06May2026 21:14:18.507] [main/INFO] [net.neoforged.fml.loading.moddiscovery.ModDiscoverer/SCAN]: Found library file "kotlinx-serialization-json-jvm-1.9.0.jar" [parent: kotlinforforge-5.11.0-all.jar, locator: jarinjar]
[06May2026 21:14:18.507] [main/INFO] [net.neoforged.fml.loading.moddiscovery.ModDiscoverer/SCAN]: Found library file "tiny-java-server-1.0.0-build.33.jar" [parent: kubejs-neoforge-2101.7.2-build.363.jar, locator: jarinjar]
[06May2026 21:14:18.507] [main/INFO] [net.neoforged.fml.loading.moddiscovery.ModDiscoverer/SCAN]: Found library file "mixinconstraints-1.0.7.jar" [parent: nomansland-1.4.6.jar, locator: jarinjar]
[06May2026 21:14:18.507] [main/INFO] [net.neoforged.fml.loading.moddiscovery.ModDiscoverer/SCAN]: Found library file "snakeyaml-2.2.jar" [parent: OctoLib-NEOFORGE-0.6.1+1.21.jar, locator: jarinjar]
[06May2026 21:14:18.507] [main/INFO] [net.neoforged.fml.loading.moddiscovery.ModDiscoverer/SCAN]: Found library file "jankson-1.2.3.jar" [parent: cristellib-neoforge-1.21.1-3.0.3.jar, locator: jarinjar]
[06May2026 21:14:18.510] [main/INFO] [net.neoforged.fml.loading.moddiscovery.ModDiscoverer/]: 
     Mod List:
		Name Version (Mod Id)

		Apotheosis 8.5.2 (apotheosis)
		Apothic Attributes 2.9.1 (apothic_attributes)
		Apothic Enchanting 1.5.2 (apothic_enchanting)
		Apothic Spawners 1.3.4 (apothic_spawners)
		AppleSkin 3.0.9+mc1.21 (appleskin)
		Architectury 13.0.8 (architectury)
		Artifacts 13.2.1 (artifacts)
		BaguetteLib 2.0.3 (baguettelib)
		Balm 21.0.56 (balm)
		Better Advanced Tooltips 2101.1.0-build.1 (betteradvancedtooltips)
		Biolith 3.0.10 (biolith)
		Caelus API 7.0.1+1.21.1 (caelus)
		Cloth Config v15 API 15.0.140 (cloth_config)
		Configured 2.6.3 (configured)
		Connected Glass 1.1.14 (connectedglass)
		Connectivity Mod 7.6 (connectivity)
		Controlling 19.0.5 (controlling)
		CoolCatLib 2100.1.0.0 (coolcatlib)
		Corpse 1.21.1-1.1.13 (corpse)
		Corpse Curios Compatibility 4.0.1 (corpsecurioscompat)
		Crafting Station 2.1.1 (craftingstation)
		Creeper Overhaul 4.0.6 (creeperoverhaul)
		Cristel Lib 3.0.3 (cristellib)
		Cupboard mod 3.5 (cupboard)
		Curios API 9.5.1+1.21.1 (curios)
		Elytra Slot 9.0.2+1.21.1 (elytraslot)
		EMI 1.1.22+1.21.1+neoforge (emi)
		EMI Enchanting 0.1.2+1.21+neoforge (emi_enchanting)
		EMI Loot 0.7.9+1.21+neoforge (emi_loot)
		EMI Professions (EMIP) 1.0.3 (emiprofessions)
		EMIffect 2.1.5+mc1.21.1 (emiffect)
		ExpandAbility 12.0.0 (expandability)
		Fast Workbench 9.1.3 (fastbench)
		FastFurnace 9.0.1 (fastfurnace)
		FastLeafDecay 35 (fastleafdecay)
		Ferrite Core 7.0.3 (ferritecore)
		FTB Backups 2 1.0.28 (ftbbackups2)
		FTB Chunks 2101.1.14 (ftbchunks)
		FTB Essentials 2101.1.9 (ftbessentials)
		FTB Library 2101.1.31 (ftblibrary)
		FTB Quests 2101.1.24 (ftbquests)
		FTB Teams 2101.1.10 (ftbteams)
		FTB Ultimine 2101.1.13 (ftbultimine)
		FTB Ultimine Addition 2101.1.2.3 (ultimine_addition)
		FTB XMod Compat 21.1.8 (ftbxmodcompat)
		Fusion 1.2.12 (fusion)
		Fzzy Config 0.7.6+1.21+neoforge (fzzy_config)
		Gateways To Eternity 5.1.0 (gateways)
		GeckoLib 4 4.8.4 (geckolib)
		Gpu memory leak fix 1.8 (gpumemleakfix)
		Highlighter 1.1.11 (highlighter)
		Iceberg 1.3.2 (iceberg)
		ImmediatelyFast 1.6.10+1.21.1 (immediatelyfast)
		InControl 1.21-10.2.6 (incontrol)
		Inventory Profiles Next 2.2.5 (inventoryprofilesnext)
		Jade 15.10.5+neoforge (jade)
		Kotlin For Forge 5.11.0 (kotlinforforge)
		KubeJS 2101.7.2-build.363 (kubejs)
		KumaAPI 21.0.7 (kuma_api)
		libIPN 6.6.3 (libipn)
		Lootintegrations mod 4.7 (lootintegrations)
		LootJS 1.21.1-3.7.0 (lootjs)
		Lootr 1.21.1-1.11.37.119 (lootr)
		Mahou Tsukai 1.21.1-v1.36.26 (mahoutsukai)
		Minecraft 1.21.1 (minecraft)
		Mixed Litter 1.0.3 (mixed_litter)
		MmmMmmMmmMmm 1.21-2.0.12 (dummmmmmy)
		ModernFix 5.27.4+mc1.21.1 (modernfix)
		Moonlight Lib 1.21.1-3.0.3 (moonlight)
		Mouse Tweaks 2.26.1 (mousetweaks)
		NeoForge 21.1.228 (neoforge)
		No Chat Reports 1.21.1-v2.9.1 (nochatreports)
		No Man's Land 1.4.6 (nomansland)
		OctoLib 0.6.1 (octolib)
		Patchouli 1.21.1-93-NEOFORGE (patchouli)
		Placebo 9.9.1 (placebo)
		PolyLib 2100.1.0-build.183 (polylib)
		Quickstack Reborn 1.0.2 (quickstack)
		Relics 0.12.0 (relics)
		reliquified_artifacts 1.0.5 (reliquified_artifacts)
		Resourceful Lib 3.0.12 (resourcefullib)
		Resourcefulconfig 3.0.11 (resourcefulconfig)
		Rhino 2101.2.7-build.81 (rhino)
		Searchables 1.0.2 (searchables)
		Simple Voice Chat 1.21.1-2.6.16 (voicechat)
		Sophisticated Backpacks 3.25.43 (sophisticatedbackpacks)
		Sophisticated Core 1.4.34 (sophisticatedcore)
		Sophisticated Storage 1.5.45 (sophisticatedstorage)
		Structure Essentials mod 5.0 (structureessentials)
		SuperMartijn642's Core Lib 1.1.21 (supermartijn642corelib)
		TenshiLib 1.21.1-2.2.5-neoforge (tenshilib)
		Tom's Simple Storage Mod 2.3.2 (toms_storage)
		Too Fast 0.4.3.6 (toofast)
		TooManyRecipeViewers 0.7.3+mc.21.1 (toomanyrecipeviewers)
		Towns and Towers 1.13.7 (t_and_t)
		TrashSlot 21.1.10 (trashslot)
		Xaero's Minimap 25.3.10 (xaerominimap)
		Xaero's World Map 1.40.11 (xaeroworldmap)
		XaeroLib 1.1.0 (xaerolib)
[06May2026 21:14:18.855] [main/INFO] [net.neoforged.fml.loading.FMLServiceProvider/CORE]: Loading coremod script-engine for [xaeroworldmap, apothic_enchanting, xaerominimap]
[06May2026 21:14:19.984] [main/INFO] [mixin/]: Compatibility level set to JAVA_17
[06May2026 21:14:19.986] [main/INFO] [mixin/]: Compatibility level set to JAVA_21
[06May2026 21:14:20.062] [main/INFO] [cpw.mods.modlauncher.LaunchServiceHandler/MODLAUNCHER]: Launching target 'forgeclient' with arguments [--version, 1.21.1, --gameDir, D:\Spiele\minecraft\instances\instances prism Launcher\Blurple modded event stuff\minecraft, --assetsDir, C:\Users\robin\AppData\Roaming\PrismLauncher\assets, --uuid, 91088abe0167486ba79a7be62a6a7051, --username, Pink_Evil, --assetIndex, 17, --accessToken, ❄❄❄❄❄❄❄❄, --userType, msa, --versionType, release, --width, 2560, --height, 1361]
[06May2026 21:14:20.081] [main/WARN] [mixin/]: Reference map 'kuma_api.refmap.json' for kuma_api.mixins.json could not be read. If this is a development environment you can ignore this message
[06May2026 21:14:20.082] [main/WARN] [mixin/]: Reference map 'geckolib.refmap.json' for geckolib.mixins.json could not be read. If this is a development environment you can ignore this message
[06May2026 21:14:20.086] [main/WARN] [mixin/]: Reference map 'connectivity.refmap.json' for connectivity.mixins.json could not be read. If this is a development environment you can ignore this message
[06May2026 21:14:20.087] [main/WARN] [mixin/]: Reference map 'gpumemleakfix.refmap.json' for gpumemleakfix.mixins.json could not be read. If this is a development environment you can ignore this message
[06May2026 21:14:20.088] [main/WARN] [mixin/]: Reference map 'structureessentials.refmap.json' for structureessentials.mixins.json could not be read. If this is a development environment you can ignore this message
[06May2026 21:14:20.089] [main/WARN] [mixin/]: Reference map 'xaeroworldmap.refmap.json' for xaeroworldmap.mixins.json could not be read. If this is a development environment you can ignore this message
[06May2026 21:14:20.089] [main/WARN] [mixin/]: Reference map 'controlling.refmap.json' for controlling.mixins.json could not be read. If this is a development environment you can ignore this message
[06May2026 21:14:20.089] [main/WARN] [mixin/]: Reference map 'controlling.refmap.json' for controlling.neoforge.mixins.json could not be read. If this is a development environment you can ignore this message
[06May2026 21:14:20.090] [main/WARN] [mixin/]: Reference map 'placebo.refmap.json' for placebo.mixins.json could not be read. If this is a development environment you can ignore this message
[06May2026 21:14:20.144] [main/INFO] [ModernFix/]: Loaded configuration file for ModernFix 5.27.4+mc1.21.1: 88 options available, 0 override(s) found
[06May2026 21:14:20.145] [main/INFO] [ModernFix/]: Applying Nashorn fix
[06May2026 21:14:20.145] [main/INFO] [ModernFix/]: Configuring Minecraft's max.bg.threads option with 9 threads
[06May2026 21:14:20.146] [main/WARN] [mixin/]: Reference map 'modernfix.refmap.json' for modernfix-modernfix.mixins.json could not be read. If this is a development environment you can ignore this message
[06May2026 21:14:20.147] [main/WARN] [mixin/]: Reference map 'lootintegrations.refmap.json' for lootintegrations.mixins.json could not be read. If this is a development environment you can ignore this message
[06May2026 21:14:20.147] [main/WARN] [mixin/]: Reference map 'gateways.refmap.json' for gateways.mixins.json could not be read. If this is a development environment you can ignore this message
[06May2026 21:14:20.150] [main/WARN] [mixin/]: Reference map 'relics.refmap.json' for relics.mixins.json could not be read. If this is a development environment you can ignore this message
[06May2026 21:14:20.151] [main/WARN] [mixin/]: Reference map 'balm.refmap.json' for balm.mixins.json could not be read. If this is a development environment you can ignore this message
[06May2026 21:14:20.154] [main/WARN] [mixin/]: Reference map 'supermartijn642corelib.mixins.refmap.json' for supermartijn642corelib.mixins.json could not be read. If this is a development environment you can ignore this message
[06May2026 21:14:20.155] [main/WARN] [mixin/]: Reference map 'apothic_attributes.refmap.json' for apothic_attributes.mixins.json could not be read. If this is a development environment you can ignore this message
[06May2026 21:14:20.155] [main/WARN] [mixin/]: Reference map 'curios.refmap.json' for curios.neoforge.mixins.json could not be read. If this is a development environment you can ignore this message
[06May2026 21:14:20.156] [main/WARN] [mixin/]: Reference map 'curios.refmap.json' for curios.mixins.json could not be read. If this is a development environment you can ignore this message
[06May2026 21:14:20.156] [main/WARN] [mixin/]: Reference map 'patchouli.refmap.json' for patchouli_xplat.mixins.json could not be read. If this is a development environment you can ignore this message
[06May2026 21:14:20.156] [main/WARN] [mixin/]: Reference map 'searchables.refmap.json' for searchables.mixins.json could not be read. If this is a development environment you can ignore this message
[06May2026 21:14:20.156] [main/WARN] [mixin/]: Reference map 'searchables.refmap.json' for searchables.neoforge.mixins.json could not be read. If this is a development environment you can ignore this message
[06May2026 21:14:20.159] [main/WARN] [mixin/]: Reference map 'ipnext.refmap.json' for mixins.ipnext.json could not be read. If this is a development environment you can ignore this message
[06May2026 21:14:20.161] [main/WARN] [mixin/]: Reference map 'cupboard.refmap.json' for cupboard.mixins.json could not be read. If this is a development environment you can ignore this message
[06May2026 21:14:20.163] [main/WARN] [mixin/]: Reference map 'elytraslot.refmap.json' for elytraslot-integrations.mixins.json could not be read. If this is a development environment you can ignore this message
[06May2026 21:14:20.163] [main/WARN] [mixin/]: Reference map 'trashslot.refmap.json' for trashslot.mixins.json could not be read. If this is a development environment you can ignore this message
[06May2026 21:14:20.165] [main/WARN] [mixin/]: Reference map 'xaerolib.refmap.json' for xaerolib.mixins.json could not be read. If this is a development environment you can ignore this message
[06May2026 21:14:20.168] [main/WARN] [mixin/]: Reference map 'reliquified_artifacts.refmap.json' for reliquified_artifacts.mixins.json could not be read. If this is a development environment you can ignore this message
[06May2026 21:14:20.171] [main/WARN] [mixin/]: Reference map 'toofast.refmap.json' for toofast.mixins.json could not be read. If this is a development environment you can ignore this message
[06May2026 21:14:20.183] [main/WARN] [mixin/]: Reference map 'mixed_litter.refmap.json' for mixed_litter.mixins.json could not be read. If this is a development environment you can ignore this message
[06May2026 21:14:20.184] [main/WARN] [mixin/]: Reference map 'nomansland.refmap.json' for nomansland.mixins.json could not be read. If this is a development environment you can ignore this message
[06May2026 21:14:20.186] [main/WARN] [mixin/]: Reference map 'apothic_spawners.refmap.json' for apothic_spawners.mixins.json could not be read. If this is a development environment you can ignore this message
[06May2026 21:14:20.186] [main/WARN] [mixin/]: Reference map 'apotheosis.refmap.json' for apotheosis.mixins.json could not be read. If this is a development environment you can ignore this message
[06May2026 21:14:20.187] [main/WARN] [mixin/]: Reference map 'nochatreports.refmap.json' for mixins/common/nochatreports.mixins.json could not be read. If this is a development environment you can ignore this message
[06May2026 21:14:20.190] [main/WARN] [mixin/]: Reference map 'xaerominimap.refmap.json' for xaerohud.mixins.json could not be read. If this is a development environment you can ignore this message
[06May2026 21:14:20.190] [main/WARN] [mixin/]: Reference map 'xaerominimap.refmap.json' for xaerominimap.mixins.json could not be read. If this is a development environment you can ignore this message
[06May2026 21:14:20.191] [main/WARN] [mixin/]: Reference map 'fastbench.refmap.json' for fastbench.mixins.json could not be read. If this is a development environment you can ignore this message
[06May2026 21:14:20.206] [main/WARN] [mixin/]: Reference map 'fastfurnace.refmap.json' for fastfurnace.mixins.json could not be read. If this is a development environment you can ignore this message
[06May2026 21:14:20.221] [main/WARN] [mixin/]: Reference map '${refmap_target}refmap.json' for ferritecore.predicates.mixin.json could not be read. If this is a development environment you can ignore this message
[06May2026 21:14:20.222] [main/WARN] [mixin/]: Reference map '${refmap_target}refmap.json' for ferritecore.fastmap.mixin.json could not be read. If this is a development environment you can ignore this message
[06May2026 21:14:20.223] [main/WARN] [mixin/]: Reference map '${refmap_target}refmap.json' for ferritecore.mrl.mixin.json could not be read. If this is a development environment you can ignore this message
[06May2026 21:14:20.224] [main/WARN] [mixin/]: Reference map '${refmap_target}refmap.json' for ferritecore.dedupmultipart.mixin.json could not be read. If this is a development environment you can ignore this message
[06May2026 21:14:20.225] [main/WARN] [mixin/]: Reference map '${refmap_target}refmap.json' for ferritecore.blockstatecache.mixin.json could not be read. If this is a development environment you can ignore this message
[06May2026 21:14:20.225] [main/WARN] [mixin/]: Reference map '${refmap_target}refmap.json' for ferritecore.dedupbakedquad.mixin.json could not be read. If this is a development environment you can ignore this message
[06May2026 21:14:20.226] [main/WARN] [mixin/]: Reference map '${refmap_target}refmap.json' for ferritecore.threaddetec.mixin.json could not be read. If this is a development environment you can ignore this message
[06May2026 21:14:20.227] [main/WARN] [mixin/]: Reference map '${refmap_target}refmap.json' for ferritecore.modelsides.mixin.json could not be read. If this is a development environment you can ignore this message
[06May2026 21:14:20.227] [main/WARN] [mixin/]: Reference map '${refmap_target}refmap.json' for ferritecore.datacomponents.mixin.json could not be read. If this is a development environment you can ignore this message
[06May2026 21:14:20.228] [main/WARN] [mixin/]: Reference map '${refmap_target}refmap.json' for ferritecore.accessors.mixin.json could not be read. If this is a development environment you can ignore this message
[06May2026 21:14:20.280] [main/WARN] [mixin/]: Reference map 'mahoutsukai.refmap.json' for mahoutsukai.mixins.json could not be read. If this is a development environment you can ignore this message
[06May2026 21:14:20.408] [main/WARN] [mixin/]: Error loading class: com/simibubi/create/content/contraptions/AbstractContraptionEntity (java.lang.ClassNotFoundException: com.simibubi.create.content.contraptions.AbstractContraptionEntity)
[06May2026 21:14:20.408] [main/WARN] [mixin/]: @Mixin target com.simibubi.create.content.contraptions.AbstractContraptionEntity was not found sophisticatedcore.mixins.json:MixinAbstractContraptionEntity from mod sophisticatedcore
[06May2026 21:14:20.419] [main/INFO] [com.cupboard.Cupboard/]: Loaded config for: structureessentials.json
[06May2026 21:14:20.851] [main/INFO] [net.neoforged.coremod.CoreMod.apothic_enchanting/COREMODLOG]: Replaced 1 calls to Enchantment#getMaxLevel() in net/minecraft/world/item/enchantment/Enchantment
[06May2026 21:14:20.959] [main/WARN] [IMixinConfigPlugin/]: Inventory Profiles Next: Doing our own dependency resolving! Because Forge is being Forge....: https://github.com/MinecraftForge/MinecraftForge/issues/9088
[06May2026 21:14:20.961] [main/WARN] [mixin/]: Error loading class: dev/isxander/controlify/virtualmouse/VirtualMouseHandler (java.lang.ClassNotFoundException: dev.isxander.controlify.virtualmouse.VirtualMouseHandler)
[06May2026 21:14:20.961] [main/WARN] [mixin/]: @Mixin target dev.isxander.controlify.virtualmouse.VirtualMouseHandler was not found mixins.ipnext.json:MixinVirtualMouseHandler from mod inventoryprofilesnext
[06May2026 21:14:20.991] [main/INFO] [net.neoforged.coremod.CoreMod.apothic_enchanting/COREMODLOG]: Replaced 2 calls to Enchantment#getMaxLevel() in net/minecraft/world/inventory/AnvilMenu
[06May2026 21:14:21.000] [main/WARN] [mixin/]: Error loading class: de/maxhenkel/easyvillagers/blocks/tileentity/TraderTileentityBase (java.lang.ClassNotFoundException: de.maxhenkel.easyvillagers.blocks.tileentity.TraderTileentityBase)
[06May2026 21:14:21.001] [main/WARN] [mixin/]: @Mixin target de.maxhenkel.easyvillagers.blocks.tileentity.TraderTileentityBase was not found mixins.ipnext.json:MixinTraderTileEntityBase from mod inventoryprofilesnext
[06May2026 21:14:21.029] [main/WARN] [mixin/]: Error loading class: org/violetmoon/quark/content/tweaks/module/GoldToolsHaveFortuneModule (java.lang.ClassNotFoundException: org.violetmoon.quark.content.tweaks.module.GoldToolsHaveFortuneModule)
[06May2026 21:14:21.032] [main/WARN] [mixin/]: Error loading class: com/hollingsworth/arsnouveau/common/items/SpellCrossbow (java.lang.ClassNotFoundException: com.hollingsworth.arsnouveau.common.items.SpellCrossbow)
[06May2026 21:14:21.118] [main/INFO] [net.neoforged.coremod.CoreMod.apothic_enchanting/COREMODLOG]: Replaced 1 calls to Enchantment#getMaxLevel() in net/minecraft/world/item/enchantment/EnchantmentHelper
[06May2026 21:14:21.200] [main/WARN] [mixin/]: Error loading class: mezz/jei/library/load/PluginCaller (java.lang.ClassNotFoundException: mezz.jei.library.load.PluginCaller)
[06May2026 21:14:21.382] [main/WARN] [mixin/]: Error loading class: org/violetmoon/quark/content/tweaks/module/GoldToolsHaveFortuneModule (java.lang.ClassNotFoundException: org.violetmoon.quark.content.tweaks.module.GoldToolsHaveFortuneModule)
[06May2026 21:14:21.437] [main/WARN] [mixin/]: Error loading class: vazkii/quark/addons/oddities/inventory/BackpackMenu (java.lang.ClassNotFoundException: vazkii.quark.addons.oddities.inventory.BackpackMenu)
[06May2026 21:14:21.715] [main/INFO] [MixinExtras|Service/]: Initializing MixinExtras via com.llamalad7.mixinextras.service.MixinExtrasServiceImpl(version=0.5.3).
[06May2026 21:14:22.275] [main/WARN] [mixin/]: Static binding violation: PRIVATE @Overwrite method decoratedId in modernfix-modernfix.mixins.json:perf.tag_id_caching.TagOrElementLocationMixin from mod modernfix cannot reduce visibiliy of PUBLIC target method, visibility will be upgraded.
[06May2026 21:14:23.537] [Datafixer Bootstrap/INFO] [com.mojang.datafixers.DataFixerBuilder/]: 229 Datafixer optimizations took 310 milliseconds
[06May2026 21:14:23.679] [main/WARN] [oshi.driver.windows.perfmon.PerfmonDisabled/]: Invalid registry value type detected for PerfOS counters. Should be REG_DWORD. Ignoring: HKEY_LOCAL_MACHINE\SYSTEM\CurrentControlSet\Services\PerfOS\Performance\Disable Performance Counters.
[06May2026 21:14:23.857] [pool-15-thread-1/INFO] [net.minecraft.server.Bootstrap/]: ModernFix reached bootstrap stage (9.436 s after launch)
[06May2026 21:14:24.000] [pool-15-thread-1/INFO] [net.neoforged.coremod.CoreMod.apothic_enchanting/COREMODLOG]: Replaced 2 calls to Enchantment#getMaxLevel() in net/minecraft/world/item/CreativeModeTabs
[06May2026 21:14:25.200] [pool-15-thread-1/INFO] [net.neoforged.coremod.CoreMod.apothic_enchanting/COREMODLOG]: Replaced 2 calls to Enchantment#getMaxLevel() in net/minecraft/world/inventory/AnvilMenu
[06May2026 21:14:25.723] [pool-15-thread-1/INFO] [net.neoforged.coremod.CoreMod.apothic_enchanting/COREMODLOG]: Replaced 1 calls to Enchantment#getMaxLevel() in net/minecraft/world/item/enchantment/Enchantment
[06May2026 21:14:26.440] [pool-15-thread-1/INFO] [net.neoforged.coremod.CoreMod.apothic_enchanting/COREMODLOG]: Patching FishingHook#catchingFish
[06May2026 21:14:26.840] [pool-15-thread-1/INFO] [net.neoforged.coremod.CoreMod.apothic_enchanting/COREMODLOG]: Replaced 1 calls to Enchantment#getMaxLevel() in net/minecraft/world/level/storage/loot/functions/EnchantRandomlyFunction
[06May2026 21:14:27.537] [pool-15-thread-1/INFO] [net.neoforged.coremod.CoreMod.apothic_enchanting/COREMODLOG]: Replaced 1 calls to Enchantment#getMaxLevel() in net/minecraft/world/item/enchantment/providers/SingleEnchantment
[06May2026 21:14:27.585] [pool-15-thread-1/INFO] [net.minecraft.server.Bootstrap/]: Vanilla bootstrap took 3706 milliseconds
[06May2026 21:14:27.803] [Render thread/WARN] [net.minecraft.server.packs.VanillaPackResourcesBuilder/]: Assets URL 'union:/C:/Users/robin/AppData/Roaming/PrismLauncher/libraries/net/minecraft/client/1.21.1-20240808.144430/client-1.21.1-20240808.144430-srg.jar%23280!/assets/.mcassetsroot' uses unexpected schema
[06May2026 21:14:27.803] [Render thread/WARN] [net.minecraft.server.packs.VanillaPackResourcesBuilder/]: Assets URL 'union:/C:/Users/robin/AppData/Roaming/PrismLauncher/libraries/net/minecraft/client/1.21.1-20240808.144430/client-1.21.1-20240808.144430-srg.jar%23280!/data/.mcassetsroot' uses unexpected schema
[06May2026 21:14:27.825] [Render thread/INFO] [com.mojang.authlib.yggdrasil.YggdrasilAuthenticationService/]: Environment: Environment[sessionHost=https://sessionserver.mojang.com, servicesHost=https://api.minecraftservices.com, name=PROD]
[06May2026 21:14:27.833] [Render thread/INFO] [net.minecraft.client.Minecraft/]: Setting user: Pink_Evil
[06May2026 21:14:27.874] [Render thread/INFO] [mixin/]: BeforeConstant is searching for constants in method with descriptor (Lnet/minecraft/client/GuiMessage;)V
[06May2026 21:14:27.874] [Render thread/INFO] [mixin/]:   BeforeConstant found STRING constant: value = , stringValue = null
[06May2026 21:14:27.874] [Render thread/INFO] [mixin/]:     BeforeConstant found a matching constant TYPE at ordinal 0
[06May2026 21:14:27.875] [Render thread/INFO] [mixin/]:       BeforeConstant found LdcInsn 
[06May2026 21:14:27.875] [Render thread/INFO] [mixin/]:   BeforeConstant found STRING constant: value = \\r, stringValue = null
[06May2026 21:14:27.875] [Render thread/INFO] [mixin/]:     BeforeConstant found a matching constant TYPE at ordinal 1
[06May2026 21:14:27.875] [Render thread/INFO] [mixin/]:       BeforeConstant found LdcInsn \\r
[06May2026 21:14:27.875] [Render thread/INFO] [mixin/]:   BeforeConstant found STRING constant: value = 
, stringValue = null
[06May2026 21:14:27.875] [Render thread/INFO] [mixin/]:     BeforeConstant found a matching constant TYPE at ordinal 2
[06May2026 21:14:27.875] [Render thread/INFO] [mixin/]:       BeforeConstant found LdcInsn 

[06May2026 21:14:27.875] [Render thread/INFO] [mixin/]:   BeforeConstant found STRING constant: value = \\n, stringValue = null
[06May2026 21:14:27.875] [Render thread/INFO] [mixin/]:     BeforeConstant found a matching constant TYPE at ordinal 3
[06May2026 21:14:27.875] [Render thread/INFO] [mixin/]:       BeforeConstant found LdcInsn \\n
[06May2026 21:14:27.875] [Render thread/INFO] [mixin/]:   BeforeConstant found CLASS constant: value = Ljava/lang/String;, typeValue = null
[06May2026 21:14:27.875] [Render thread/INFO] [mixin/]:   BeforeConstant found STRING constant: value = [{}] [CHAT] {}, stringValue = null
[06May2026 21:14:27.875] [Render thread/INFO] [mixin/]:     BeforeConstant found a matching constant TYPE at ordinal 4
[06May2026 21:14:27.875] [Render thread/INFO] [mixin/]:       BeforeConstant found LdcInsn [{}] [CHAT] {}
[06May2026 21:14:27.875] [Render thread/INFO] [mixin/]:   BeforeConstant found STRING constant: value = [CHAT] {}, stringValue = null
[06May2026 21:14:27.875] [Render thread/INFO] [mixin/]:     BeforeConstant found a matching constant TYPE at ordinal 5
[06May2026 21:14:27.875] [Render thread/INFO] [mixin/]:       BeforeConstant found LdcInsn [CHAT] {}
[06May2026 21:14:27.948] [Render thread/INFO] [net.minecraft.client.Minecraft/]: Backend library: LWJGL version 3.3.3+5
[06May2026 21:14:27.999] [Render thread/INFO] [ImmediatelyFast/]: Initializing ImmediatelyFast 1.6.10+1.21.1 on AMD Radeon RX 6700 XT (ATI Technologies Inc.) with OpenGL 4.6.0 Core Profile Context 26.3.1.260303
[06May2026 21:14:28.220] [modloading-worker-0/INFO] [biolith/]: Biolith for NeoForge is initializing...
[06May2026 21:14:28.250] [modloading-worker-0/INFO] [net.neoforged.neoforge.common.NeoForgeMod/NEOFORGE-MOD]: NeoForge mod loading, version 21.1.228, for MC 1.21.1
[06May2026 21:14:28.405] [modloading-worker-0/INFO] [xaero.map.WorldMap/]: Registering common data for channel xaeroworldmap:main!
[06May2026 21:14:28.436] [modloading-worker-0/WARN] [mixin/]: Static binding violation: PRIVATE @Overwrite method elementOrTag in modernfix-modernfix.mixins.json:perf.tag_id_caching.TagEntryMixin from mod modernfix cannot reduce visibiliy of PUBLIC target method, visibility will be upgraded.
[06May2026 21:14:28.508] [modloading-worker-0/INFO] [xaero.map.WorldMap/]: Registering client data for channel xaeroworldmap:main!
[06May2026 21:14:28.571] [modloading-worker-0/INFO] [xaero.map.WorldMap/]: Loading primary common config for channel xaeroworldmap:main!
[06May2026 21:14:28.581] [modloading-worker-0/INFO] [xaero.map.WorldMap/]: Loading server config profiles for channel xaeroworldmap:main!
[06May2026 21:14:28.586] [modloading-worker-0/INFO] [xaero.map.WorldMap/]: Loading primary client config for channel xaeroworldmap:main!
[06May2026 21:14:28.590] [modloading-worker-0/INFO] [xaero.map.WorldMap/]: Loading client config profiles for channel xaeroworldmap:main!
[06May2026 21:14:28.630] [modloading-worker-0/INFO] [com.cupboard.Cupboard/]: Loaded config for: cupboard.json
[06May2026 21:14:28.679] [modloading-worker-0/INFO] [Towns and Towers/]: Loading T&T
[06May2026 21:14:28.812] [modloading-worker-0/INFO] [tfar.quickstack.DropOff/]: Quickstack Reborn initializing for 1.21.1...
[06May2026 21:14:28.842] [modloading-worker-0/INFO] [xaero.lib.XaeroLib/]: Registering common data for channel xaerolib:main!
[06May2026 21:14:28.844] [modloading-worker-0/INFO] [xaero.lib.XaeroLib/]: Registering client data for channel xaerolib:main!
[06May2026 21:14:28.846] [modloading-worker-0/INFO] [xaero.lib.XaeroLib/]: Loading primary common config for channel xaerolib:main!
[06May2026 21:14:28.850] [modloading-worker-0/INFO] [xaero.lib.XaeroLib/]: Loading server config profiles for channel xaerolib:main!
[06May2026 21:14:28.854] [modloading-worker-0/INFO] [xaero.lib.XaeroLib/]: Loading primary client config for channel xaerolib:main!
[06May2026 21:14:28.857] [modloading-worker-0/INFO] [xaero.lib.XaeroLib/]: Loading client config profiles for channel xaerolib:main!
[06May2026 21:14:28.858] [modloading-worker-0/INFO] [net.blay09.mods.balm.neoforge.config.NeoForgeBalmConfig/]: Registering config for trashslot:common (COMMON) with 5 properties.
[06May2026 21:14:28.914] [modloading-worker-0/WARN] [patchouli/]: Could not locate JEI keybindings, lookups in books may not work
[06May2026 21:14:28.924] [modloading-worker-0/INFO] [com.leclowndu93150.corpsecurioscompat.Main/]: Hello from Corpse Curios Compat!
[06May2026 21:14:29.025] [modloading-worker-0/INFO] [toomanyrecipeviewers/]: Loading JEI Plugins: [jei:minecraft, gateways:gateways, patchouli:patchouli, ultimine_addition:jei_integration, apothic_enchanting:enchantment, polylib:jei_plugin, trashslot:trashslot, craftingstation:main, configured:jei_plugin, apothic_spawners:spawner, apotheosis:adventure_module, ftbxmodcompat:ftbquests_jei, jade:main, jei:internal]
[06May2026 21:14:29.029] [modloading-worker-0/INFO] [EMI/]: [EMI] [TMRV] onConfigManagerAvailable: gateways:gateways...
[06May2026 21:14:29.029] [modloading-worker-0/INFO] [EMI/]: [EMI] [TMRV] onConfigManagerAvailable: gateways:gateways took 3ms
[06May2026 21:14:29.029] [modloading-worker-0/INFO] [EMI/]: [EMI] [TMRV] onConfigManagerAvailable: patchouli:patchouli...
[06May2026 21:14:29.030] [modloading-worker-0/INFO] [EMI/]: [EMI] [TMRV] onConfigManagerAvailable: patchouli:patchouli took 1ms
[06May2026 21:14:29.030] [modloading-worker-0/INFO] [EMI/]: [EMI] [TMRV] onConfigManagerAvailable: ultimine_addition:jei_integration...
[06May2026 21:14:29.030] [modloading-worker-0/INFO] [EMI/]: [EMI] [TMRV] onConfigManagerAvailable: ultimine_addition:jei_integration took 0ms
[06May2026 21:14:29.030] [modloading-worker-0/INFO] [EMI/]: [EMI] [TMRV] onConfigManagerAvailable: apothic_enchanting:enchantment...
[06May2026 21:14:29.030] [modloading-worker-0/INFO] [EMI/]: [EMI] [TMRV] onConfigManagerAvailable: apothic_enchanting:enchantment took 0ms
[06May2026 21:14:29.030] [modloading-worker-0/INFO] [EMI/]: [EMI] [TMRV] onConfigManagerAvailable: polylib:jei_plugin...
[06May2026 21:14:29.030] [modloading-worker-0/INFO] [EMI/]: [EMI] [TMRV] onConfigManagerAvailable: polylib:jei_plugin took 0ms
[06May2026 21:14:29.030] [modloading-worker-0/INFO] [EMI/]: [EMI] [TMRV] onConfigManagerAvailable: trashslot:trashslot...
[06May2026 21:14:29.030] [modloading-worker-0/INFO] [EMI/]: [EMI] [TMRV] onConfigManagerAvailable: trashslot:trashslot took 0ms
[06May2026 21:14:29.030] [modloading-worker-0/INFO] [EMI/]: [EMI] [TMRV] onConfigManagerAvailable: craftingstation:main...
[06May2026 21:14:29.030] [modloading-worker-0/INFO] [EMI/]: [EMI] [TMRV] onConfigManagerAvailable: craftingstation:main took 0ms
[06May2026 21:14:29.030] [modloading-worker-0/INFO] [EMI/]: [EMI] [TMRV] onConfigManagerAvailable: configured:jei_plugin...
[06May2026 21:14:29.030] [modloading-worker-0/INFO] [EMI/]: [EMI] [TMRV] onConfigManagerAvailable: configured:jei_plugin took 0ms
[06May2026 21:14:29.031] [modloading-worker-0/INFO] [EMI/]: [EMI] [TMRV] onConfigManagerAvailable: apothic_spawners:spawner...
[06May2026 21:14:29.031] [modloading-worker-0/INFO] [EMI/]: [EMI] [TMRV] onConfigManagerAvailable: apothic_spawners:spawner took 0ms
[06May2026 21:14:29.031] [modloading-worker-0/INFO] [EMI/]: [EMI] [TMRV] onConfigManagerAvailable: apotheosis:adventure_module...
[06May2026 21:14:29.031] [modloading-worker-0/INFO] [EMI/]: [EMI] [TMRV] onConfigManagerAvailable: apotheosis:adventure_module took 0ms
[06May2026 21:14:29.031] [modloading-worker-0/INFO] [EMI/]: [EMI] [TMRV] onConfigManagerAvailable: ftbxmodcompat:ftbquests_jei...
[06May2026 21:14:29.031] [modloading-worker-0/INFO] [EMI/]: [EMI] [TMRV] onConfigManagerAvailable: ftbxmodcompat:ftbquests_jei took 0ms
[06May2026 21:14:29.031] [modloading-worker-0/INFO] [EMI/]: [EMI] [TMRV] onConfigManagerAvailable: jade:main...
[06May2026 21:14:29.031] [modloading-worker-0/INFO] [EMI/]: [EMI] [TMRV] onConfigManagerAvailable: jade:main took 0ms
[06May2026 21:14:29.031] [modloading-worker-0/INFO] [EMI/]: [EMI] [TMRV] onConfigManagerAvailable: jei:internal...
[06May2026 21:14:29.031] [modloading-worker-0/INFO] [EMI/]: [EMI] [TMRV] onConfigManagerAvailable: jei:internal took 0ms
[06May2026 21:14:29.031] [modloading-worker-0/INFO] [toomanyrecipeviewers/]: onConfigManagerAvailable took 5ms
[06May2026 21:14:29.054] [modloading-worker-0/INFO] [KubeJS/]: Loading vanilla registries...
[06May2026 21:14:29.060] [modloading-worker-0/INFO] [STDOUT/]: [yalter.mousetweaks.Logger:Log:6]: [Mouse Tweaks] Main.initialize()
[06May2026 21:14:29.063] [modloading-worker-0/INFO] [STDOUT/]: [yalter.mousetweaks.Logger:Log:6]: [Mouse Tweaks] Initialized.
[06May2026 21:14:29.069] [modloading-worker-0/INFO] [KubeJS/]: Looking for KubeJS plugins...
[06May2026 21:14:29.075] [modloading-worker-0/INFO] [KubeJS/]: Found plugin source kubejs
[06May2026 21:14:29.094] [modloading-worker-0/INFO] [KubeJS/]: Found plugin source lootjs
[06May2026 21:14:29.096] [modloading-worker-0/INFO] [KubeJS/]: Found plugin source ftbxmodcompat
[06May2026 21:14:29.103] [modloading-worker-0/WARN] [KubeJS/]: Plugin dev.ftb.mods.ftbxmodcompat.neoforge.ftbfiltersystem.kubejs.FFSKubeJSPlugin does not have required mod 'ftbfiltersystem' loaded, skipping
[06May2026 21:14:29.107] [modloading-worker-0/INFO] [KubeJS/]: Done in 34.64 ms
[06May2026 21:14:29.129] [modloading-worker-0/INFO] [FTB XMod Compat/]: [FTB Quests] Enabled KubeJS integration
[06May2026 21:14:29.135] [modloading-worker-0/INFO] [FTB XMod Compat/]: [FTB Chunks] Enabled KubeJS integration
[06May2026 21:14:29.416] [modloading-worker-0/INFO] [xaero.common.HudMod/]: Registering common data for channel xaerominimap:main!
[06May2026 21:14:29.472] [modloading-worker-0/INFO] [xaero.common.HudMod/]: Registering client data for channel xaerominimap:main!
[06May2026 21:14:29.472] [modloading-worker-0/INFO] [be.florens.expandability.ExpandAbility/]: ExpandAbility here, who dis?
[06May2026 21:14:29.519] [modloading-worker-0/INFO] [xaero.common.HudMod/]: Loading primary common config for channel xaerominimap:main!
[06May2026 21:14:29.523] [modloading-worker-0/INFO] [xaero.common.HudMod/]: Loading server config profiles for channel xaerominimap:main!
[06May2026 21:14:29.527] [modloading-worker-0/INFO] [xaero.common.HudMod/]: Loading primary client config for channel xaerominimap:main!
[06May2026 21:14:29.531] [modloading-worker-0/INFO] [xaero.common.HudMod/]: Loading client config profiles for channel xaerominimap:main!
[06May2026 21:14:29.573] [modloading-worker-0/INFO] [Inventory Profiles Next/]: [Inventory Profiles Next] Inventory Profiles Next - init in Kotlin
[06May2026 21:14:29.664] [modloading-worker-0/INFO] [thedarkcolour.kotlinforforge.neoforge.test.KotlinForForge/]: Kotlin For Forge Enabled!
[06May2026 21:14:29.938] [modloading-worker-0/INFO] [fzzy_config/]: Loaded config fzzy_config:keybinds in 1142ms
[06May2026 21:14:30.054] [modloading-worker-0/INFO] [mixin/]: BeforeConstant is searching for constants in method with descriptor (Lnet/minecraft/network/chat/Component;Z)V
[06May2026 21:14:30.054] [modloading-worker-0/INFO] [mixin/]:   BeforeConstant found INTEGER constant: value = 0, intValue = null
[06May2026 21:14:30.054] [modloading-worker-0/INFO] [mixin/]:     BeforeConstant found a matching constant TYPE at ordinal 0
[06May2026 21:14:30.054] [modloading-worker-0/INFO] [mixin/]:       BeforeConstant found Insn [ICONST_0] 
[06May2026 21:14:30.054] [modloading-worker-0/INFO] [mixin/]:   BeforeConstant found INTEGER constant: value = 60, intValue = null
[06May2026 21:14:30.054] [modloading-worker-0/INFO] [mixin/]:     BeforeConstant found a matching constant TYPE at ordinal 1
[06May2026 21:14:30.054] [modloading-worker-0/INFO] [mixin/]:       BeforeConstant found IntInsn 60
[06May2026 21:14:30.176] [modloading-worker-0/INFO] [KubeJS Startup/]: Loaded script startup_scripts:main.js in 0.073 s
[06May2026 21:14:30.181] [modloading-worker-0/INFO] [KubeJS Startup/]: Loaded 1/1 KubeJS startup scripts in 1.011 s with 0 errors and 0 warnings
[06May2026 21:14:30.197] [modloading-worker-0/INFO] [KubeJS Client/]: client_scripts:main.js#2: Hello, World! (Loaded client example script)
[06May2026 21:14:30.198] [modloading-worker-0/INFO] [KubeJS Client/]: Loaded script client_scripts:main.js in 0.001 s
[06May2026 21:14:30.199] [modloading-worker-0/INFO] [KubeJS Client/]: Loaded 1/1 KubeJS client scripts in 0.015 s with 0 errors and 0 warnings
[06May2026 21:14:30.207] [modloading-worker-0/INFO] [KubeJS Startup/]: Validated 9 files in kubejs/assets/ in 5ms
[06May2026 21:14:30.208] [modloading-worker-0/INFO] [KubeJS Startup/]: Validated 0 files in kubejs/data/ in 0ms
[06May2026 21:14:30.211] [modloading-worker-0/INFO] [net.creeperhost.ftbbackups.repack.org.quartz.impl.StdSchedulerFactory/]: Using default implementation for ThreadExecutor
[06May2026 21:14:30.229] [modloading-worker-0/INFO] [net.creeperhost.ftbbackups.repack.org.quartz.core.SchedulerSignalerImpl/]: Initialized Scheduler Signaller of type: class net.creeperhost.ftbbackups.repack.org.quartz.core.SchedulerSignalerImpl
[06May2026 21:14:30.231] [modloading-worker-0/INFO] [net.creeperhost.ftbbackups.repack.org.quartz.core.QuartzScheduler/]: Quartz Scheduler v.2.0.2 created.
[06May2026 21:14:30.232] [modloading-worker-0/INFO] [net.creeperhost.ftbbackups.repack.org.quartz.simpl.RAMJobStore/]: RAMJobStore initialized.
[06May2026 21:14:30.233] [modloading-worker-0/INFO] [net.creeperhost.ftbbackups.repack.org.quartz.core.QuartzScheduler/]: Scheduler meta-data: Quartz Scheduler (v2.0.2) 'ftbbackups2' with instanceId 'NON_CLUSTERED'
  Scheduler class: 'net.creeperhost.ftbbackups.repack.org.quartz.core.QuartzScheduler' - running locally.
  NOT STARTED.
  Currently in standby mode.
  Number of jobs executed: 0
  Using thread pool 'net.creeperhost.ftbbackups.repack.org.quartz.simpl.SimpleThreadPool' - with 1 threads.
  Using job-store 'net.creeperhost.ftbbackups.repack.org.quartz.simpl.RAMJobStore' - which does not support persistence. and is not clustered.

[06May2026 21:14:30.233] [modloading-worker-0/INFO] [net.creeperhost.ftbbackups.repack.org.quartz.impl.StdSchedulerFactory/]: Quartz scheduler 'ftbbackups2' initialized from an externally provided properties instance.
[06May2026 21:14:30.233] [modloading-worker-0/INFO] [net.creeperhost.ftbbackups.repack.org.quartz.impl.StdSchedulerFactory/]: Quartz scheduler version: 2.0.2
[06May2026 21:14:30.239] [modloading-worker-0/INFO] [net.creeperhost.ftbbackups.repack.org.quartz.core.QuartzScheduler/]: Scheduler ftbbackups2_$_NON_CLUSTERED started.
[06May2026 21:14:30.296] [modloading-worker-0/INFO] [fzzy_config/]: Loaded config :emi_loot_config in 207ms
[06May2026 21:14:30.945] [modloading-sync-worker/INFO] [Moonlight/]: Initialized block sets in 9ms
[06May2026 21:14:31.383] [modloading-sync-worker/INFO] [com.tom.storagemod.StorageMod/]: Loaded Tom's Simple Storage config file toms_storage-common.toml
[06May2026 21:14:31.386] [modloading-sync-worker/INFO] [tfar.quickstack.DropOff/]: Loaded 2 block entities to blacklist
[06May2026 21:14:31.497] [Render thread/INFO] [Moonlight/]: Merging 1 images using mode MIN_AREA_NO_UPSCALE
[06May2026 21:14:32.584] [Render thread/INFO] [net.minecraft.server.packs.resources.ReloadableResourceManager/]: Reloading ResourceManager: vanilla, KubeJS Virtual Resource Pack [Before Mods, assets], mod_resources, mod/kuma_api, mod/ftbessentials, mod/geckolib, mod/incontrol, mod/connectivity, mod/sophisticatedcore, mod/gpumemleakfix, mod/structureessentials, mod/xaeroworldmap, mod/controlling, mod/neoforge, mod/placebo, mod/modernfix, mod/lootintegrations, mod/gateways, mod/sophisticatedbackpacks, mod/biolith, mod/relics, mod/coolcatlib, mod/balm, mod/baguettelib, mod/cloth_config, mod/fzzy_config, mod/dummmmmmy, mod/corpse, mod/tenshilib, mod/supermartijn642corelib, mod/apothic_attributes, mod/resourcefulconfig, mod/curios, mod/patchouli, mod/searchables, mod/ftbultimine, mod/ultimine_addition, mod/resourcefullib, mod/lootjs, mod/inventoryprofilesnext, mod/architectury, mod/emiffect, mod/cupboard, mod/apothic_enchanting, mod/emiprofessions, mod/toms_storage, mod/polylib, mod/t_and_t, mod/fastleafdecay, mod/elytraslot, mod/rhino, mod/toomanyrecipeviewers,jei, mod/trashslot, mod/ftblibrary, mod/ftbteams, mod/craftingstation, mod/sophisticatedstorage, mod/quickstack, mod/octolib, mod/xaerolib, mod/caelus, mod/artifacts, mod/reliquified_artifacts, mod/configured, mod/ftbbackups2, mod/mahoutsukai, mod/corpsecurioscompat, mod/fusion, mod/ftbchunks, mod/toofast, mod/emi, mod/kubejs, mod/emi_loot, mod/mixed_litter, mod/nomansland, mod/voicechat,voicechat_api, mod/libipn, mod/moonlight, mod/apothic_spawners, mod/apotheosis, mod/mousetweaks, mod/ftbquests, mod/ftbxmodcompat, mod/nochatreports, mod/jade, mod/kotlinforforge, mod/iceberg, mod/highlighter, mod/xaerominimap, mod/fastbench, mod/immediatelyfast, mod/fastfurnace, mod/betteradvancedtooltips, mod/emi_enchanting, mod/creeperoverhaul, mod/appleskin, mod/lootr, mod/ferritecore, mod/connectedglass, mod/expandability, mod/cristellib, KubeJS Virtual Resource Pack [Internal, assets], KubeJS Virtual Resource Pack [After Mods, assets], KubeJS File Resource Pack [assets], moonlight:merged_pack, KubeJS Virtual Resource Pack [Last, assets]
[06May2026 21:14:32.613] [Render thread/INFO] [KubeJS Client/]: Client resource reload complete!
[06May2026 21:14:32.613] [Worker-ResourceReload-0/INFO] [Moonlight/]: Resource cache state for CLIENT_RESOURCES: up to date
[06May2026 21:14:32.614] [Worker-ResourceReload-0/INFO] [Moonlight/]: Starting runtime resource generation for pack type CLIENT_RESOURCES with generators [moonlight:dynamic_resources]
[06May2026 21:14:32.618] [Worker-ResourceReload-0/INFO] [Moonlight/]: Regenerating Dynamic CLIENT_RESOURCES Resources Provider [moonlight:dynamic_resources], requested by strategy REGEN_ON_EVERY_RELOAD
[06May2026 21:14:32.622] [Worker-ResourceReload-0/INFO] [Moonlight/]: Generated runtime CLIENT_RESOURCES for pack moonlight:dynamic_resources in 3.667 ms
[06May2026 21:14:32.622] [Worker-ResourceReload-0/INFO] [Moonlight/]: Finished runtime resources generation for 1 packs in a total of 8.117 ms 
[06May2026 21:14:33.000] [Worker-ResourceReload-7/INFO] [com.connectivity.Connectivity/]: Connectivity initialized
[06May2026 21:14:33.000] [Worker-ResourceReload-7/INFO] [com.gpumemleakfix.Gpumemleakfix/]: gpumemleakfix mod initialized
[06May2026 21:14:33.000] [Worker-ResourceReload-9/INFO] [com.structureessentials.StructureEssentials/]: structureessentials mod initialized
[06May2026 21:14:33.002] [Worker-ResourceReload-9/INFO] [com.lootintegrations.LootintegrationsMod/]: lootintegrations mod initialized
[06May2026 21:14:33.009] [Worker-ResourceReload-8/INFO] [voicechat/]: [voicechat] Compatibility version 20
[06May2026 21:14:33.036] [Worker-ResourceReload-3/ERROR] [dev.ftb.mods.ftblibrary.icon.EntityIconLoader/]: Entity artifacts:mimic is using legacy invisible texture, please update it to use the new system!
[06May2026 21:14:33.072] [Worker-ResourceReload-6/INFO] [com.tom.storagemod.StorageMod/]: Tom's Storage Setup starting
[06May2026 21:14:33.082] [Worker-ResourceReload-6/INFO] [xaero.lib.XaeroLib/]: Loading XaeroLib common 1/2!
[06May2026 21:14:33.084] [Worker-ResourceReload-10/INFO] [FTB Library/]: Setting game stages provider implementation to: KubeJS Stages
[06May2026 21:14:33.084] [Worker-ResourceReload-10/INFO] [FTB XMod Compat/]: Chose [KubeJS Stages] as the active game stages implementation
[06May2026 21:14:33.089] [Worker-ResourceReload-10/INFO] [FTB XMod Compat/]: Chose [FALLBACK] as the active permissions implementation
[06May2026 21:14:33.096] [NeoForge Version Check/INFO] [net.neoforged.fml.VersionChecker/]: [controlling] Starting version check at https://updates.blamejared.com/get?n=controlling&gv=1.21.1&ml=neoforge
[06May2026 21:14:33.099] [Worker-ResourceReload-10/INFO] [FTB Library/]: Setting permissions currency implementation to: <NONE>
[06May2026 21:14:33.099] [Worker-ResourceReload-10/INFO] [FTB XMod Compat/]: Chose [<NONE>] as the active currency implementation
[06May2026 21:14:33.104] [Worker-ResourceReload-10/INFO] [FTB XMod Compat/]: [FTB Quests] recipe helper provider is [JEI]
[06May2026 21:14:33.132] [Worker-ResourceReload-8/INFO] [voicechat/]: [voicechat] Loading plugins
[06May2026 21:14:33.141] [Worker-ResourceReload-8/INFO] [voicechat/]: [voicechat] Loaded 0 plugin(s)
[06May2026 21:14:33.142] [Worker-ResourceReload-8/INFO] [voicechat/]: [voicechat] Initializing plugins
[06May2026 21:14:33.142] [Worker-ResourceReload-8/INFO] [voicechat/]: [voicechat] Initialized 0 plugin(s)
[06May2026 21:14:33.206] [Worker-ResourceReload-0/INFO] [net.minecraft.client.gui.font.providers.UnihexProvider/]: Found unifont_all_no_pua-15.1.05.hex, loading
[06May2026 21:14:33.350] [Worker-ResourceReload-10/WARN] [net.minecraft.client.renderer.texture.SpriteContents/]: Unused frames in sprite relics:item/springy_boot_flawless: [21, 22, 23, 24, 25]
[06May2026 21:14:33.354] [Worker-ResourceReload-8/INFO] [EMIffect/]: Added extra stack appender for effect with ID: minecraft:bad_omen
[06May2026 21:14:33.354] [Worker-ResourceReload-8/INFO] [EMIffect/]: Added extra stack appender for effect with ID: minecraft:bad_omen
[06May2026 21:14:33.354] [Worker-ResourceReload-8/INFO] [EMIffect/]: Added extra stack appender for effect with ID: minecraft:conduit_power
[06May2026 21:14:33.354] [Worker-ResourceReload-8/INFO] [EMIffect/]: Added extra stack appender for effect with ID: minecraft:darkness
[06May2026 21:14:33.355] [Worker-ResourceReload-8/INFO] [EMIffect/]: Added extra stack appender for effect with ID: minecraft:hunger
[06May2026 21:14:33.355] [Worker-ResourceReload-8/INFO] [EMIffect/]: Added extra stack appender for effect with ID: minecraft:levitation
[06May2026 21:14:33.355] [Worker-ResourceReload-8/INFO] [EMIffect/]: Added extra stack appender for effect with ID: minecraft:mining_fatigue
[06May2026 21:14:33.355] [Worker-ResourceReload-8/INFO] [EMIffect/]: Added extra stack appender for effect with ID: minecraft:water_breathing
[06May2026 21:14:33.355] [Worker-ResourceReload-8/INFO] [EMIffect/]: Added extra stack appender for effect with ID: minecraft:wither
[06May2026 21:14:33.440] [Worker-ResourceReload-10/WARN] [net.minecraft.client.renderer.texture.SpriteContents/]: Unused frames in sprite apotheosis:items/gems/molten_breach: [9, 10, 11]
[06May2026 21:14:33.526] [NeoForge Version Check/INFO] [net.neoforged.fml.VersionChecker/]: [controlling] Found status: BETA Current: 19.0.5 Target: 19.0.5
[06May2026 21:14:33.526] [NeoForge Version Check/INFO] [net.neoforged.fml.VersionChecker/]: [coolcatlib] Starting version check at https://raw.githubusercontent.com/ixDarkLorD/ModUpdateJSONs/refs/heads/main/neoforge/coolcatlib.json
[06May2026 21:14:33.539] [Worker-ResourceReload-10/WARN] [net.minecraft.client.renderer.texture.SpriteLoader/]: Texture mahoutsukai:block/runes with size 199x16 limits mip level from 4 to 0
[06May2026 21:14:33.629] [Render thread/INFO] [Moonlight/]: Initialized color sets in 28ms
[06May2026 21:14:33.646] [Worker-ResourceReload-7/INFO] [xaero.map.WorldMap/]: Loading Xaero's World Map - Stage 1/2
[06May2026 21:14:33.647] [Placebo Patreon Trail Loader/INFO] [placebo/]: Loading patreon trails data...
[06May2026 21:14:33.648] [Placebo Patreon Wing Loader/INFO] [placebo/]: Loading patreon wing data...
[06May2026 21:14:33.662] [NeoForge Version Check/WARN] [net.neoforged.fml.VersionChecker/]: Failed to process update information
com.google.gson.JsonSyntaxException: java.lang.IllegalStateException: Expected BEGIN_OBJECT but was NUMBER at line 1 column 4 path $
	at MC-BOOTSTRAP/com.google.gson@2.10.1/com.google.gson.Gson.fromJson(Gson.java:1238) ~[gson-2.10.1.jar%23123!/:?]
	at MC-BOOTSTRAP/com.google.gson@2.10.1/com.google.gson.Gson.fromJson(Gson.java:1137) ~[gson-2.10.1.jar%23123!/:?]
	at MC-BOOTSTRAP/com.google.gson@2.10.1/com.google.gson.Gson.fromJson(Gson.java:1047) ~[gson-2.10.1.jar%23123!/:?]
	at MC-BOOTSTRAP/com.google.gson@2.10.1/com.google.gson.Gson.fromJson(Gson.java:982) ~[gson-2.10.1.jar%23123!/:?]
	at MC-BOOTSTRAP/fml_loader@4.0.42/net.neoforged.fml.VersionChecker$1.process(VersionChecker.java:167) ~[loader-4.0.42.jar%23161!/:4.0]
	at java.base/java.lang.Iterable.forEach(Iterable.java:75) [?:?]
	at MC-BOOTSTRAP/fml_loader@4.0.42/net.neoforged.fml.VersionChecker$1.run(VersionChecker.java:105) [loader-4.0.42.jar%23161!/:4.0]
Caused by: java.lang.IllegalStateException: Expected BEGIN_OBJECT but was NUMBER at line 1 column 4 path $
	at MC-BOOTSTRAP/com.google.gson@2.10.1/com.google.gson.stream.JsonReader.beginObject(JsonReader.java:393) ~[gson-2.10.1.jar%23123!/:?]
	at MC-BOOTSTRAP/com.google.gson@2.10.1/com.google.gson.internal.bind.MapTypeAdapterFactory$Adapter.read(MapTypeAdapterFactory.java:182) ~[gson-2.10.1.jar%23123!/:?]
	at MC-BOOTSTRAP/com.google.gson@2.10.1/com.google.gson.internal.bind.MapTypeAdapterFactory$Adapter.read(MapTypeAdapterFactory.java:144) ~[gson-2.10.1.jar%23123!/:?]
	at MC-BOOTSTRAP/com.google.gson@2.10.1/com.google.gson.Gson.fromJson(Gson.java:1227) ~[gson-2.10.1.jar%23123!/:?]
	... 6 more
[06May2026 21:14:33.667] [NeoForge Version Check/INFO] [net.neoforged.fml.VersionChecker/]: [corpse] Starting version check at https://update.maxhenkel.de/neoforge/corpse
[06May2026 21:14:33.682] [Placebo Patreon Trail Loader/INFO] [placebo/]: Loaded 48 patreon trails.
[06May2026 21:14:33.684] [Placebo Patreon Wing Loader/INFO] [placebo/]: Loaded 42 patreon wings.
[06May2026 21:14:33.710] [Worker-ResourceReload-2/INFO] [tfar.quickstack.DropOff/]: Quickstack Reborn client setup...
[06May2026 21:14:33.719] [Worker-ResourceReload-2/INFO] [xaero.lib.XaeroLib/]: Loading XaeroLib client 1/2!
[06May2026 21:14:33.719] [Worker-ResourceReload-3/INFO] [voicechat/]: [voicechat] Initializing Opus
[06May2026 21:14:33.783] [Worker-ResourceReload-1/INFO] [org.anti_ad.mc.common.LogBase/]: [libIPN] Initializing client...
[06May2026 21:14:33.799] [NeoForge Version Check/INFO] [net.neoforged.fml.VersionChecker/]: [corpse] Found status: BETA Current: 1.21.1-1.1.13 Target: 1.21.1-1.1.13
[06May2026 21:14:33.799] [NeoForge Version Check/INFO] [net.neoforged.fml.VersionChecker/]: [searchables] Starting version check at https://updates.blamejared.com/get?n=searchables&gv=1.21.1&ml=neoforge
[06May2026 21:14:33.804] [Worker-ResourceReload-7/INFO] [xaero.minimap.XaeroMinimap/]: Loading Xaero's Minimap - Stage 1/2
[06May2026 21:14:33.804] [Worker-ResourceReload-3/INFO] [voicechat/]: [voicechat] Successfully initialized Opus
[06May2026 21:14:33.805] [Worker-ResourceReload-3/INFO] [voicechat/]: [voicechat] Initializing RNNoise
[06May2026 21:14:33.818] [Worker-ResourceReload-1/INFO] [org.anti_ad.mc.common.LogBase/]: [libIPN] libIPN - init in Kotlin
[06May2026 21:14:33.819] [NeoForge Version Check/INFO] [net.neoforged.fml.VersionChecker/]: [searchables] Found status: BETA Current: 1.0.2 Target: 1.0.2
[06May2026 21:14:33.820] [NeoForge Version Check/INFO] [net.neoforged.fml.VersionChecker/]: [ultimine_addition] Starting version check at https://raw.githubusercontent.com/ixDarkLorD/ModUpdateJSONs/refs/heads/main/neoforge/ultimine_addition.json
[06May2026 21:14:33.824] [Worker-ResourceReload-3/INFO] [voicechat/]: [voicechat] Successfully initialized RNNoise
[06May2026 21:14:33.826] [Worker-ResourceReload-3/INFO] [voicechat/]: [voicechat] Initializing Speex
[06May2026 21:14:33.836] [Worker-ResourceReload-3/INFO] [voicechat/]: [voicechat] Successfully initialized Speex
[06May2026 21:14:33.837] [Worker-ResourceReload-3/INFO] [voicechat/]: [voicechat] Initializing LAME
[06May2026 21:14:33.853] [Worker-ResourceReload-3/INFO] [voicechat/]: [voicechat] Successfully initialized LAME
[06May2026 21:14:33.863] [Worker-ResourceReload-3/INFO] [voicechat/]: [voicechat] Using Cloth Config GUI
[06May2026 21:14:33.868] [Worker-ResourceReload-4/INFO] [net.minecraft.client.gui.font.providers.UnihexProvider/]: Found unifont_jp_patch-15.1.05.hex, loading
[06May2026 21:14:33.959] [NeoForge Version Check/INFO] [net.neoforged.fml.VersionChecker/]: [ultimine_addition] Found status: AHEAD Current: 2101.1.2.3 Target: null
[06May2026 21:14:33.959] [NeoForge Version Check/INFO] [net.neoforged.fml.VersionChecker/]: [toms_storage] Starting version check at https://raw.githubusercontent.com/tom5454/Toms-Storage/master/version-check-nf.json
[06May2026 21:14:33.967] [NeoForge Version Check/INFO] [net.neoforged.fml.VersionChecker/]: [toms_storage] Found status: BETA Current: 2.3.2 Target: 2.3.2
[06May2026 21:14:33.967] [NeoForge Version Check/INFO] [net.neoforged.fml.VersionChecker/]: [voicechat] Starting version check at https://update.maxhenkel.de/neoforge/voicechat
[06May2026 21:14:33.989] [NeoForge Version Check/INFO] [net.neoforged.fml.VersionChecker/]: [voicechat] Found status: BETA_OUTDATED Current: 1.21.1-2.6.16 Target: 1.21.1-2.6.17
[06May2026 21:14:33.989] [NeoForge Version Check/INFO] [net.neoforged.fml.VersionChecker/]: [iceberg] Starting version check at https://mc-update-check.anthonyhilyard.com/520110
[06May2026 21:14:34.497] [NeoForge Version Check/INFO] [net.neoforged.fml.VersionChecker/]: [iceberg] Found status: UP_TO_DATE Current: 1.3.2 Target: null
[06May2026 21:14:34.498] [NeoForge Version Check/INFO] [net.neoforged.fml.VersionChecker/]: [highlighter] Starting version check at https://mc-update-check.anthonyhilyard.com/521590
[06May2026 21:14:34.618] [NeoForge Version Check/INFO] [net.neoforged.fml.VersionChecker/]: [highlighter] Found status: UP_TO_DATE Current: 1.1.11 Target: null
[06May2026 21:14:35.018] [Worker-ResourceReload-2/WARN] [xaero.lib.XaeroLib/]: io exception while checking patreon: Read timed out
[06May2026 21:14:35.051] [Render thread/INFO] [xaero.map.WorldMap/]: Loading Xaero's World Map - Stage 2/2
[06May2026 21:14:35.055] [Render thread/INFO] [xaero.map.WorldMap/]: New world map region cache hash code: 398943207
[06May2026 21:14:36.282] [Render thread/ERROR] [xaero.map.WorldMap/]: io exception while checking versions: Read timed out
[06May2026 21:14:36.283] [Render thread/INFO] [xaero.map.WorldMap/]: Registered player tracker system: map_synced
[06May2026 21:14:36.284] [Render thread/INFO] [xaero.map.WorldMap/]: Xaero's WorldMap Mod: Xaero's minimap found!
[06May2026 21:14:36.287] [Render thread/INFO] [xaero.map.WorldMap/]: Registered player tracker system: minimap_synced
[06May2026 21:14:36.287] [Render thread/INFO] [xaero.map.WorldMap/]: No Optifine!
[06May2026 21:14:36.288] [Render thread/INFO] [xaero.map.WorldMap/]: Xaero's World Map: No Vivecraft!
[06May2026 21:14:36.303] [Render thread/WARN] [net.neoforged.fml.DeferredWorkQueue/LOADING]: Mod 'xaeroworldmap' took 1.252 s to run a deferred task.
[06May2026 21:14:36.325] [Render thread/INFO] [KubeJS/]: Started the local web server at http://localhost:61423
[06May2026 21:14:36.326] [Render thread/INFO] [xaero.minimap.XaeroMinimap/]: Loading Xaero's Minimap - Stage 2/2
[06May2026 21:14:37.884] [Render thread/WARN] [xaero.hud.minimap.MinimapLogs/]: io exception while checking versions: Read timed out
[06May2026 21:14:37.885] [Render thread/INFO] [xaero.hud.minimap.MinimapLogs/]: Registered player tracker system: minimap_synced
[06May2026 21:14:37.886] [Render thread/INFO] [xaero.hud.minimap.MinimapLogs/]: Xaero's Minimap: World Map found!
[06May2026 21:14:37.886] [Render thread/INFO] [xaero.hud.minimap.MinimapLogs/]: No Optifine!
[06May2026 21:14:37.886] [Render thread/INFO] [xaero.hud.minimap.MinimapLogs/]: Xaero's Minimap: No Vivecraft!
[06May2026 21:14:37.886] [Render thread/WARN] [net.neoforged.fml.DeferredWorkQueue/LOADING]: Mod 'xaerominimap' took 1.560 s to run a deferred task.
[06May2026 21:14:37.887] [Render thread/INFO] [xaero.lib.XaeroLib/]: Loading XaeroLib common 2/2!
[06May2026 21:14:37.887] [Render thread/INFO] [xaero.lib.XaeroLib/]: Loading XaeroLib client 2/2!
[06May2026 21:14:37.919] [Render thread/INFO] [net.creeperhost.polylib.PolyLib/]: =====Registering Capabilities=====
[06May2026 21:14:38.011] [Worker-ResourceReload-10/INFO] [snownee.jade.Jade/]: Start loading plugin from dev.shadowsoffire.gateways.compat.GatewayJadePlugin
[06May2026 21:14:38.023] [Worker-ResourceReload-10/INFO] [snownee.jade.Jade/]: Start loading plugin from net.blay09.mods.balm.neoforge.compat.hudinfo.NeoForgeJadeModCompat
[06May2026 21:14:38.024] [Worker-ResourceReload-10/INFO] [snownee.jade.Jade/]: Start loading plugin from de.maxhenkel.corpse.integration.waila.PluginCorpse
[06May2026 21:14:38.025] [Worker-ResourceReload-10/INFO] [snownee.jade.Jade/]: Start loading plugin from dev.shadowsoffire.apothic_enchanting.compat.EnchJadePlugin
[06May2026 21:14:38.026] [Worker-ResourceReload-10/INFO] [snownee.jade.Jade/]: Start loading plugin from com.tom.storagemod.jade.JadePlugin
[06May2026 21:14:38.028] [Worker-ResourceReload-10/INFO] [snownee.jade.Jade/]: Start loading plugin from net.p3pp3rf1y.sophisticatedstorage.compat.jade.StorageJadePlugin
[06May2026 21:14:38.028] [Worker-ResourceReload-10/INFO] [snownee.jade.Jade/]: Start loading plugin from dev.shadowsoffire.apothic_spawners.compat.SpawnerHwylaPlugin
[06May2026 21:14:38.028] [Worker-ResourceReload-10/INFO] [snownee.jade.Jade/]: Start loading plugin from dev.shadowsoffire.apotheosis.compat.AdventureHwylaPlugin
[06May2026 21:14:38.029] [Worker-ResourceReload-10/INFO] [snownee.jade.Jade/]: Start loading plugin from dev.ftb.mods.ftbxmodcompat.generic.jade.JadePlugin
[06May2026 21:14:38.030] [Worker-ResourceReload-10/INFO] [snownee.jade.Jade/]: Start loading plugin from snownee.jade.addon.vanilla.VanillaPlugin
[06May2026 21:14:38.047] [Worker-ResourceReload-10/INFO] [snownee.jade.Jade/]: Start loading plugin from snownee.jade.addon.universal.UniversalPlugin
[06May2026 21:14:38.051] [Worker-ResourceReload-10/INFO] [snownee.jade.Jade/]: Start loading plugin from snownee.jade.addon.debug.DebugPlugin
[06May2026 21:14:38.053] [Worker-ResourceReload-10/INFO] [snownee.jade.Jade/]: Start loading plugin from snownee.jade.addon.core.CorePlugin
[06May2026 21:14:38.055] [Worker-ResourceReload-10/INFO] [snownee.jade.Jade/]: Start loading plugin from snownee.jade.addon.access.AccessibilityPlugin
[06May2026 21:14:38.058] [Worker-ResourceReload-10/INFO] [snownee.jade.Jade/]: Start loading plugin from noobanidus.mods.lootr.common.integration.jade.LootrWailaPlugin
[06May2026 21:14:38.081] [Render thread/INFO] [Configured/]: Successfully loaded config provider: com.mrcrayfish.configured.impl.neoforge.NeoForgeConfigProvider
[06May2026 21:14:38.082] [Render thread/INFO] [Configured/]: Successfully loaded config provider: com.mrcrayfish.configured.impl.framework.FrameworkConfigProvider
[06May2026 21:14:38.082] [Render thread/INFO] [Configured/]: Successfully loaded config provider: com.mrcrayfish.configured.impl.jei.JeiConfigProvider
[06May2026 21:14:38.082] [Render thread/ERROR] [Configured/]: Failed to load config provider from mod: iceberg
[06May2026 21:14:38.082] [Render thread/INFO] [Configured/]: Creating config GUI factories...
[06May2026 21:14:38.085] [Render thread/INFO] [Configured/]: Registering config factory for mod incontrol. Found 1 config(s)
[06May2026 21:14:38.085] [Render thread/INFO] [Configured/]: Registering config factory for mod nomansland. Found 3 config(s)
[06May2026 21:14:38.086] [Render thread/INFO] [Configured/]: Registering config factory for mod sophisticatedcore. Found 2 config(s)
[06May2026 21:14:38.086] [Render thread/INFO] [Configured/]: Registering config factory for mod ultimine_addition. Found 3 config(s)
[06May2026 21:14:38.086] [Render thread/INFO] [Configured/]: Registering config factory for mod sophisticatedbackpacks. Found 2 config(s)
[06May2026 21:14:38.086] [Render thread/INFO] [Configured/]: Registering config factory for mod corpse. Found 1 config(s)
[06May2026 21:14:38.086] [Render thread/INFO] [Configured/]: Registering config factory for mod curios. Found 3 config(s)
[06May2026 21:14:38.086] [Render thread/INFO] [Configured/]: Registering config factory for mod patchouli. Found 1 config(s)
[06May2026 21:14:38.086] [Render thread/INFO] [Configured/]: Registering config factory for mod mixed_litter. Found 1 config(s)
[06May2026 21:14:38.087] [Render thread/INFO] [Configured/]: Registering config factory for mod fastleafdecay. Found 1 config(s)
[06May2026 21:14:38.087] [Render thread/INFO] [Configured/]: Registering config factory for mod sophisticatedstorage. Found 3 config(s)
[06May2026 21:14:38.087] [Render thread/INFO] [Configured/]: Registering config factory for mod quickstack. Found 2 config(s)
[06May2026 21:14:38.089] [Render thread/INFO] [Configured/]: Registering config factory for mod corpsecurioscompat. Found 1 config(s)
[06May2026 21:14:38.238] [Render thread/INFO] [tfar.quickstack.DropOff/]: Registered network packets
[06May2026 21:14:38.355] [Render thread/WARN] [net.minecraft.client.sounds.SoundEngine/]: Missing sound for event: minecraft:item.goat_horn.play
[06May2026 21:14:38.355] [Render thread/WARN] [net.minecraft.client.sounds.SoundEngine/]: Missing sound for event: minecraft:entity.goat.screaming.horn_break
[06May2026 21:14:38.356] [Render thread/WARN] [net.minecraft.client.sounds.SoundEngine/]: Missing sound for event: reliquified_artifacts:night_vision_toggle
[06May2026 21:14:38.406] [Render thread/INFO] [com.mojang.blaze3d.audio.Library/]: OpenAL initialized on device OpenAL Soft on Speakers (JBL Quantum910 Wireless Game)
[06May2026 21:14:38.406] [Render thread/INFO] [net.minecraft.client.sounds.SoundEngine/SOUNDS]: Sound engine started
[06May2026 21:14:38.522] [Render thread/INFO] [net.minecraft.client.renderer.texture.TextureAtlas/]: Created: 2048x2048x4 minecraft:textures/atlas/blocks.png-atlas
[06May2026 21:14:38.547] [Render thread/INFO] [net.minecraft.client.renderer.texture.TextureAtlas/]: Created: 256x256x4 minecraft:textures/atlas/signs.png-atlas
[06May2026 21:14:38.548] [Render thread/INFO] [net.minecraft.client.renderer.texture.TextureAtlas/]: Created: 512x512x4 minecraft:textures/atlas/shield_patterns.png-atlas
[06May2026 21:14:38.549] [Render thread/INFO] [net.minecraft.client.renderer.texture.TextureAtlas/]: Created: 512x512x4 minecraft:textures/atlas/banner_patterns.png-atlas
[06May2026 21:14:38.552] [Render thread/INFO] [net.minecraft.client.renderer.texture.TextureAtlas/]: Created: 1024x1024x4 minecraft:textures/atlas/armor_trims.png-atlas
[06May2026 21:14:38.559] [Render thread/INFO] [net.minecraft.client.renderer.texture.TextureAtlas/]: Created: 128x128x4 minecraft:textures/atlas/decorated_pot.png-atlas
[06May2026 21:14:38.560] [Render thread/INFO] [net.minecraft.client.renderer.texture.TextureAtlas/]: Created: 1024x512x4 minecraft:textures/atlas/chest.png-atlas
[06May2026 21:14:38.561] [Render thread/INFO] [net.minecraft.client.renderer.texture.TextureAtlas/]: Created: 512x256x4 minecraft:textures/atlas/shulker_boxes.png-atlas
[06May2026 21:14:38.561] [Render thread/INFO] [net.minecraft.client.renderer.texture.TextureAtlas/]: Created: 512x256x4 minecraft:textures/atlas/beds.png-atlas
[06May2026 21:14:38.726] [Render thread/INFO] [net.minecraft.client.renderer.texture.TextureAtlas/]: Created: 1024x512x0 minecraft:textures/atlas/particles.png-atlas
[06May2026 21:14:38.728] [Render thread/INFO] [net.minecraft.client.renderer.texture.TextureAtlas/]: Created: 512x256x0 minecraft:textures/atlas/paintings.png-atlas
[06May2026 21:14:38.729] [Render thread/INFO] [net.minecraft.client.renderer.texture.TextureAtlas/]: Created: 256x256x0 minecraft:textures/atlas/mob_effects.png-atlas
[06May2026 21:14:38.730] [Render thread/INFO] [net.minecraft.client.renderer.texture.TextureAtlas/]: Created: 256x256x0 minecraft:textures/atlas/map_decorations.png-atlas
[06May2026 21:14:38.731] [Render thread/INFO] [net.minecraft.client.renderer.texture.TextureAtlas/]: Created: 1024x1024x0 minecraft:textures/atlas/gui.png-atlas
[06May2026 21:14:38.764] [Render thread/WARN] [net.minecraft.client.renderer.ShaderInstance/]: Shader rendertype_entity_translucent_emissive could not find sampler named Sampler2 in the specified shader program.
[06May2026 21:14:38.850] [Render thread/WARN] [net.minecraft.client.renderer.ShaderInstance/]: Shader relics:reveal_panel could not find uniform named ColorModulator in the specified shader program.
[06May2026 21:14:38.850] [Render thread/WARN] [net.minecraft.client.renderer.ShaderInstance/]: Shader relics:reveal_panel could not find uniform named color in the specified shader program.
[06May2026 21:14:38.865] [Render thread/WARN] [net.minecraft.client.renderer.ShaderInstance/]: Shader apotheosis:gray could not find uniform named IViewRotMat in the specified shader program.
[06May2026 21:14:38.885] [Render thread/INFO] [net.neoforged.neoforge.client.entity.animation.json.AnimationLoader/]: Loaded 1 entity animations
[06May2026 21:14:39.617] [Render thread/INFO] [patchouli/]: BookContentResourceListenerLoader preloaded 721 jsons
[06May2026 21:14:39.618] [Render thread/INFO] [net.minecraft.client.renderer.texture.TextureAtlas/]: Created: 512x256x0 polylib:textures/atlas/gui.png-atlas
[06May2026 21:14:39.620] [Render thread/INFO] [net.minecraft.client.renderer.texture.TextureAtlas/]: Created: 256x256x0 jei:textures/atlas/gui.png-atlas
[06May2026 21:14:39.635] [Render thread/INFO] [xaero.lib.XaeroLib/]: Successfully reloaded the XaeroLib shaders!
[06May2026 21:14:39.663] [Render thread/INFO] [com.cupboard.Cupboard/]: Loaded config for: connectivity.json
[06May2026 21:14:39.664] [Render thread/INFO] [com.cupboard.Cupboard/]: Loaded config for: lootintegrations.json
[06May2026 21:14:40.111] [FTB Backups Config Watcher 0/INFO] [net.creeperhost.ftbbackups.FTBBackups/]: Config at D:\Spiele\minecraft\instances\instances prism Launcher\Blurple modded event stuff\minecraft\config\ftbbackups2.json has changed, reloaded!
[06May2026 21:14:41.734] [Render thread/WARN] [ModernFix/]: Game took 27.313 seconds to start
[06May2026 21:15:13.846] [Render thread/INFO] [KubeJS Server/]: Loaded script server_scripts:dimension access limitations.js in 0.002 s
[06May2026 21:15:13.847] [Render thread/INFO] [KubeJS Server/]: Loaded script server_scripts:recipes added/shaped.js in 0.001 s
[06May2026 21:15:13.849] [Render thread/INFO] [KubeJS Server/]: Loaded script server_scripts:removed/removed loot/relics.js in 0.002 s
[06May2026 21:15:13.850] [Render thread/INFO] [KubeJS Server/]: Loaded script server_scripts:removed/removed_recipes.js in 0.001 s
[06May2026 21:15:13.860] [Render thread/INFO] [KubeJS Server/]: Loaded 4/4 KubeJS server scripts in 0.027 s with 0 errors and 0 warnings
[06May2026 21:15:14.579] [Worker-ResourceReload-8/INFO] [emi_loot/]: parsing loot tables
[06May2026 21:15:14.741] [Worker-ResourceReload-8/INFO] [net.neoforged.coremod.CoreMod.apothic_enchanting/COREMODLOG]: Replaced 1 calls to Enchantment#getMaxLevel() in net/minecraft/world/item/enchantment/EnchantmentHelper
[06May2026 21:15:14.799] [Worker-ResourceReload-8/INFO] [emi_loot/]: finished parsing loot tables in 220
[06May2026 21:15:14.932] [Worker-ResourceReload-8/INFO] [net.neoforged.coremod.CoreMod.apothic_enchanting/COREMODLOG]: Replaced 2 calls to Enchantment#getMaxLevel() in net/minecraft/server/commands/EnchantCommand
[06May2026 21:15:15.217] [Worker-ResourceReload-5/WARN] [artifacts.Artifacts/]: Tag entries for artifacts:tags/item/slot/all.json cleared by mod/reliquified_artifacts, this is probably a bug. If you're unable to equip specific items, try removing the offending mod before reporting
[06May2026 21:15:15.217] [Worker-ResourceReload-5/WARN] [artifacts.Artifacts/]: Tag entries for artifacts:tags/item/slot/belt.json cleared by mod/reliquified_artifacts, this is probably a bug. If you're unable to equip specific items, try removing the offending mod before reporting
[06May2026 21:15:15.218] [Worker-ResourceReload-5/WARN] [artifacts.Artifacts/]: Tag entries for artifacts:tags/item/slot/hands.json cleared by mod/reliquified_artifacts, this is probably a bug. If you're unable to equip specific items, try removing the offending mod before reporting
[06May2026 21:15:15.234] [Worker-ResourceReload-5/ERROR] [net.minecraft.tags.TagLoader/]: Couldn't load tag werewolves:werewolf_food as it is missing following references: 
	relics:infinity_ham (from mod/relics)
[06May2026 21:15:15.335] [Render thread/ERROR] [KubeJS/]: Couldn't load tag werewolves:werewolf_food as it is missing following references: 
	relics:infinity_ham (from mod/relics)
[06May2026 21:15:15.431] [Render thread/INFO] [KubeJS Server/]: Processing recipes...
[06May2026 21:15:15.433] [Render thread/INFO] [KubeJS Server/]: Initializing recipe event...
[06May2026 21:15:15.595] [Render thread/INFO] [KubeJS Server/]: Found 2.493 recipes (skipped 142) in 159.6 ms
[06May2026 21:15:15.615] [Render thread/INFO] [KubeJS Server/]: server_scripts:recipes added/shaped.js#64: shaped recipes has fired, did work indeed
[06May2026 21:15:15.655] [Render thread/INFO] [KubeJS Server/]: Posted recipe events in 59 ms
[06May2026 21:15:15.668] [Render thread/INFO] [KubeJS Server/]: KubeJS modifications to recipe manager finished in 12.61 ms
[06May2026 21:15:15.727] [Render thread/INFO] [net.minecraft.world.item.crafting.RecipeManager/]: Loaded 2483 recipes
[06May2026 21:15:15.727] [Render thread/INFO] [KubeJS Server/]: Added 4 recipes, removed 14 recipes, modified 0 recipes, with 0 failed recipes taking 294 ms in total
[06May2026 21:15:15.917] [Render thread/INFO] [net.minecraft.advancements.AdvancementTree/]: Loaded 2178 advancements
[06May2026 21:15:15.928] [Render thread/INFO] [KubeJS Server/]: [LootJS] Removed 2 global loot modifiers: relics:relic_loot, relics:greed_loot
[06May2026 21:15:15.932] [Render thread/INFO] [Curios API/]: Loaded 12 curio slots
[06May2026 21:15:15.935] [Render thread/INFO] [Curios API/]: Loaded 11 curio entities
[06May2026 21:15:15.943] [Render thread/INFO] [Moonlight/]: Failed to load custom color set definition {"id":"quark:rune","colors":{"default":"quark:blank_rune"},"replace":false}. Ignoring
[06May2026 21:15:15.943] [Render thread/INFO] [Moonlight/]: Failed to load custom color set definition {"id":"suppsquared:sack","colors":{"default":"supplementaries:sack"},"replace":false}. Ignoring
[06May2026 21:15:15.944] [Render thread/INFO] [Moonlight/]: Failed to load custom color set definition {"id":"quark:shard","colors":{"default":"quark:clear_shard"},"replace":false}. Ignoring
[06May2026 21:15:15.955] [Render thread/INFO] [Gateways to Eternity/]: Registered 12 gateways.
[06May2026 21:15:15.961] [Render thread/INFO] [placebo/]: Registered 31 gear_sets.
[06May2026 21:15:15.966] [Render thread/INFO] [placebo/]: Registered 36 wanderer_trades.
[06May2026 21:15:15.970] [Render thread/INFO] [placebo/]: Registered 37 brewing_mixes.
[06May2026 21:15:15.979] [Render thread/INFO] [Apotheosis : Enchantment/]: Registered 25 enchanting_stats.
[06May2026 21:15:15.980] [Render thread/INFO] [apotheosis/]: Registered 5 rarities.
[06May2026 21:15:15.986] [Render thread/INFO] [apotheosis/]: Registered 1 rarity_override.
[06May2026 21:15:15.999] [Render thread/INFO] [apotheosis/]: Registered 93 affixes.
[06May2026 21:15:16.000] [Render thread/INFO] [apotheosis/]: Registered 0 extra_gem_bonuses.
[06May2026 21:15:16.005] [Render thread/INFO] [apotheosis/]: Registered 21 gems.
[06May2026 21:15:16.009] [Render thread/INFO] [apotheosis/]: Registered 49 affix_loot_entries.
[06May2026 21:15:16.018] [Render thread/INFO] [apotheosis/]: Registered 23 apothic_invaders.
[06May2026 21:15:16.021] [Render thread/INFO] [apotheosis/]: Registered 9 rogue_spawners.
[06May2026 21:15:16.022] [Render thread/INFO] [apotheosis/]: Registered 4 apothic_elites.
[06May2026 21:15:16.022] [Render thread/INFO] [apotheosis/]: Registered 1 purity_weights.
[06May2026 21:15:16.024] [Render thread/INFO] [apotheosis/]: Registered 1 apothic_augments.
[06May2026 21:15:16.024] [Render thread/INFO] [apotheosis/]: Registered 19 tier_augments.
[06May2026 21:15:16.056] [Render thread/INFO] [net.neoforged.coremod.CoreMod.apothic_enchanting/COREMODLOG]: Replaced 1 calls to Enchantment#getMaxLevel() in net/minecraft/world/entity/npc/VillagerTrades$EnchantBookForEmeralds
[06May2026 21:15:16.199] [Render thread/INFO] [net.ixdarklord.ultimine_addition.core.FTBUltimineAddition/]: Loaded 89 challenges
[06May2026 21:15:16.205] [Render thread/INFO] [EMI/]: [EMI] Recipes synchronized, waiting for tags to reload EMI...
[06May2026 21:15:16.232] [Render thread/WARN] [ModernFix/]: Initial datapack load took 2.428 s
[06May2026 21:15:16.349] [Server thread/INFO] [net.minecraft.client.server.IntegratedServer/]: Starting integrated minecraft server version 1.21.1
[06May2026 21:15:16.350] [Server thread/INFO] [net.minecraft.server.MinecraftServer/]: Generating keypair
[06May2026 21:15:16.410] [Server thread/INFO] [com.tom.storagemod.StorageMod/]: Loaded Tom's Simple Storage config file toms_storage-server.toml
[06May2026 21:15:16.546] [Server thread/INFO] [FTB Teams/]: loaded team data: 1 known players, 1 teams total
[06May2026 21:15:16.950] [Server thread/INFO] [incontrol/]: Reading rules from areas.json
[06May2026 21:15:16.955] [Server thread/INFO] [incontrol/]: Reading rules from spawn.json
[06May2026 21:15:16.956] [Server thread/INFO] [incontrol/]: Reading rules from loot.json
[06May2026 21:15:16.957] [Server thread/INFO] [incontrol/]: Reading rules from experience.json
[06May2026 21:15:16.958] [Server thread/INFO] [incontrol/]: Reading rules from phases.json
[06May2026 21:15:16.959] [Server thread/INFO] [incontrol/]: Reading rules from effects.json
[06May2026 21:15:16.960] [Server thread/INFO] [incontrol/]: Reading rules from breakevents.json
[06May2026 21:15:16.961] [Server thread/INFO] [incontrol/]: Reading rules from placeevents.json
[06May2026 21:15:16.962] [Server thread/INFO] [incontrol/]: Reading rules from rightclicks.json
[06May2026 21:15:16.963] [Server thread/INFO] [incontrol/]: Reading rules from leftclicks.json
[06May2026 21:15:16.964] [Server thread/INFO] [incontrol/]: Reading rules from spawner.json
[06May2026 21:15:16.965] [Server thread/INFO] [incontrol/]: Reading rules from events.json
[06May2026 21:15:16.978] [Server thread/INFO] [biolith/]: Ignoring world 'mahoutsukai:reality_marble'; unknown dimension type: mahoutsukai:reality_marble
[06May2026 21:15:16.996] [Server thread/WARN] [com.structureessentials.StructureEssentials/]: Non-unique structure_set salt:0 potentially creating overlapping structures detected. Structure sets: [minecraft:mineshafts, minecraft:strongholds, minecraft:buried_treasures]
[06May2026 21:15:16.996] [Server thread/WARN] [com.structureessentials.StructureEssentials/]: Non-unique structure_set salt:213742069 potentially creating overlapping structures detected. Structure sets: [towns_and_towers:other, towns_and_towers:towers, towns_and_towers:towns]
[06May2026 21:15:16.996] [Server thread/WARN] [com.structureessentials.StructureEssentials/]: Non-unique structure_set salt:10387313 potentially creating overlapping structures detected. Structure sets: [minecraft:ocean_monuments, minecraft:end_cities]
[06May2026 21:15:16.996] [Server thread/INFO] [net.minecraft.server.MinecraftServer/]: Preparing start region for dimension minecraft:overworld
[06May2026 21:15:17.002] [Server thread/INFO] [KubeJS Server/]: Server resource reload complete!
[06May2026 21:15:17.266] [Render thread/INFO] [net.minecraft.server.level.progress.LoggerChunkProgressListener/]: Preparing spawn area: 0%
[06May2026 21:15:17.327] [Server thread/INFO] [net.neoforged.neoforge.server.permission.PermissionAPI/]: Successfully initialized permission handler neoforge:default_handler
[06May2026 21:15:17.328] [Server thread/INFO] [xaero.map.WorldMap/]: Registered synced player tracker system: ftb_teams
[06May2026 21:15:17.330] [Server thread/INFO] [xaero.hud.minimap.MinimapLogs/]: Registered synced player tracker system: ftb_teams
[06May2026 21:15:17.336] [Server thread/INFO] [FTB Quests/]: Loading quests from D:\Spiele\minecraft\instances\instances prism Launcher\Blurple modded event stuff\minecraft\config\ftbquests\quests
[06May2026 21:15:17.339] [Render thread/INFO] [net.minecraft.server.level.progress.LoggerChunkProgressListener/]: Time elapsed: 331 ms
[06May2026 21:15:17.340] [Server thread/INFO] [FTB Quests/]: loaded translation tables for 1 language(s)
[06May2026 21:15:17.371] [Server thread/INFO] [FTB Quests/]: Loaded 3 chapter groups, 6 chapters, 27 quests, 2 reward tables
[06May2026 21:15:17.390] [Server thread/INFO] [patchouli/]: Sending reload packet to clients
[06May2026 21:15:17.423] [VoiceChatServerThread/INFO] [voicechat/]: [voicechat] Voice chat server started at port 65431
[06May2026 21:15:17.662] [Server thread/INFO] [net.minecraft.client.server.IntegratedServer/]: Changing view distance to 16, from 10
[06May2026 21:15:17.662] [Server thread/INFO] [net.minecraft.client.server.IntegratedServer/]: Changing simulation distance to 12, from 0
[06May2026 21:15:18.212] [Render thread/INFO] [EMI/]: [EMI] Recipes synchronized, waiting for tags to reload EMI...
[06May2026 21:15:18.325] [Render thread/INFO] [fzzy_config/]: Saved config emi_loot_config to file D:\Spiele\minecraft\instances\instances prism Launcher\Blurple modded event stuff\minecraft\config\emi_loot_config.toml
[06May2026 21:15:18.408] [Server thread/INFO] [net.minecraft.server.players.PlayerList/]: Pink_Evil[local:E:ea0c511f] logged in with entity id 13 at (889.7950553791612, 79.53494163446945, 594.2024599853719)
[06May2026 21:15:18.458] [Render thread/INFO] [xaero.map.WorldMap/]: Fullscreen map required item set to nothing.
[06May2026 21:15:18.468] [Render thread/INFO] [xaero.map.WorldMap/]: New world map session initialized!
[06May2026 21:15:18.504] [Render thread/INFO] [xaero.hud.minimap.MinimapLogs/]: Minimap required item set to nothing.
[06May2026 21:15:18.505] [Render thread/INFO] [xaero.hud.minimap.MinimapLogs/]: New Xaero hud session initialized!
[06May2026 21:15:18.633] [Server thread/INFO] [net.minecraft.server.MinecraftServer/]: Pink_Evil joined the game
[06May2026 21:15:18.707] [Render thread/INFO] [Inventory Profiles Next/]: [Inventory Profiles Next] Loaded 0 external GUI hints
[06May2026 21:15:18.707] [Render thread/INFO] [Inventory Profiles Next/]: [Inventory Profiles Next] Loaded 803 build-in GUI hints
[06May2026 21:15:18.707] [Render thread/INFO] [Inventory Profiles Next/]: [Inventory Profiles Next] Effective GUI hints after merge: 803
[06May2026 21:15:18.749] [Server thread/INFO] [artifacts.Artifacts/]: Sending item configs to client
[06May2026 21:15:18.955] [Render thread/INFO] [voicechat/]: [voicechat] Sending secret request to the server
[06May2026 21:15:18.962] [Server thread/INFO] [voicechat/]: [voicechat] Received secret request of Pink_Evil (20)
[06May2026 21:15:18.965] [Server thread/INFO] [voicechat/]: [voicechat] Sent secret to Pink_Evil
[06May2026 21:15:19.112] [Render thread/INFO] [placebo/]: Starting sync for gateways
[06May2026 21:15:19.118] [Render thread/INFO] [Gateways to Eternity/]: Registered 12 gateways.
[06May2026 21:15:19.118] [Render thread/INFO] [placebo/]: Completed sync for gateways
[06May2026 21:15:19.118] [Render thread/INFO] [placebo/]: Starting sync for brewing_mixes
[06May2026 21:15:19.121] [Render thread/INFO] [placebo/]: Registered 37 brewing_mixes.
[06May2026 21:15:19.121] [Render thread/INFO] [placebo/]: Completed sync for brewing_mixes
[06May2026 21:15:19.121] [Render thread/INFO] [placebo/]: Starting sync for enchanting_stats
[06May2026 21:15:19.121] [Render thread/INFO] [Apotheosis : Enchantment/]: Registered 25 enchanting_stats.
[06May2026 21:15:19.121] [Render thread/INFO] [placebo/]: Completed sync for enchanting_stats
[06May2026 21:15:19.121] [Render thread/INFO] [placebo/]: Starting sync for rarities
[06May2026 21:15:19.122] [Render thread/INFO] [apotheosis/]: Registered 5 rarities.
[06May2026 21:15:19.122] [Render thread/INFO] [placebo/]: Completed sync for rarities
[06May2026 21:15:19.122] [Render thread/INFO] [placebo/]: Starting sync for rarity_override
[06May2026 21:15:19.122] [Render thread/INFO] [apotheosis/]: Registered 1 rarity_override.
[06May2026 21:15:19.122] [Render thread/INFO] [placebo/]: Completed sync for rarity_override
[06May2026 21:15:19.122] [Render thread/INFO] [placebo/]: Starting sync for affixes
[06May2026 21:15:19.131] [Render thread/INFO] [apotheosis/]: Registered 93 affixes.
[06May2026 21:15:19.131] [Render thread/INFO] [placebo/]: Completed sync for affixes
[06May2026 21:15:19.132] [Render thread/INFO] [placebo/]: Starting sync for extra_gem_bonuses
[06May2026 21:15:19.132] [Render thread/INFO] [apotheosis/]: Registered 0 extra_gem_bonuses.
[06May2026 21:15:19.132] [Render thread/INFO] [placebo/]: Completed sync for extra_gem_bonuses
[06May2026 21:15:19.132] [Render thread/INFO] [placebo/]: Starting sync for gems
[06May2026 21:15:19.136] [Render thread/INFO] [apotheosis/]: Registered 21 gems.
[06May2026 21:15:19.136] [Render thread/INFO] [placebo/]: Completed sync for gems
[06May2026 21:15:19.136] [Render thread/INFO] [placebo/]: Starting sync for purity_weights
[06May2026 21:15:19.136] [Render thread/INFO] [apotheosis/]: Registered 1 purity_weights.
[06May2026 21:15:19.136] [Render thread/INFO] [placebo/]: Completed sync for purity_weights
[06May2026 21:15:19.136] [Render thread/INFO] [placebo/]: Starting sync for tier_augments
[06May2026 21:15:19.136] [Render thread/INFO] [apotheosis/]: Registered 19 tier_augments.
[06May2026 21:15:19.137] [Render thread/INFO] [placebo/]: Completed sync for tier_augments
[06May2026 21:15:19.158] [Render thread/INFO] [EMI/]: [EMI] Tags synchronized, reloading EMI
[06May2026 21:15:19.158] [Render thread/INFO] [EMI/]: [EMI] Starting Reload
[06May2026 21:15:19.162] [Thread-25/INFO] [EMI/]: [EMI] Starting EMI reload...
[06May2026 21:15:19.162] [Thread-25/INFO] [EMI/]: [EMI] Clearing data
[06May2026 21:15:19.178] [Render thread/INFO] [xaero.hud.minimap.MinimapLogs/]: Minimap updated server level id: 910683294 for world ResourceKey[minecraft:dimension / minecraft:overworld]
[06May2026 21:15:19.190] [Render thread/INFO] [FTB Library/]: received server config settings for config: ftbultimine-server
[06May2026 21:15:19.191] [Render thread/INFO] [FTB Library/]: received server config settings for config: ftbchunks-world
[06May2026 21:15:19.207] [Render thread/INFO] [FTB Chunks/]: Loading FTB Chunks client data from world f766ba08-03ad-44b0-99c0-69c8635d1e8a
[06May2026 21:15:19.213] [Thread-25/INFO] [EMI/]: [EMI] Initializing plugin from emi
[06May2026 21:15:19.222] [Thread-25/INFO] [EMI/]: [EMI] Initialized plugin from emi in 6ms
[06May2026 21:15:19.222] [Thread-25/INFO] [EMI/]: [EMI] Initializing plugin from sophisticatedcore
[06May2026 21:15:19.222] [Thread-25/INFO] [EMI/]: [EMI] Initialized plugin from sophisticatedcore in 0ms
[06May2026 21:15:19.222] [Thread-25/INFO] [EMI/]: [EMI] Initializing plugin from sophisticatedbackpacks
[06May2026 21:15:19.222] [Thread-25/INFO] [EMI/]: [EMI] Initialized plugin from sophisticatedbackpacks in 0ms
[06May2026 21:15:19.222] [Thread-25/INFO] [EMI/]: [EMI] Initializing plugin from curios
[06May2026 21:15:19.222] [Thread-25/INFO] [EMI/]: [EMI] Initialized plugin from curios in 0ms
[06May2026 21:15:19.222] [Thread-25/INFO] [EMI/]: [EMI] Initializing plugin from emiffect
[06May2026 21:15:19.223] [Thread-25/INFO] [EMI/]: [EMI] Initialized plugin from emiffect in 1ms
[06May2026 21:15:19.223] [Thread-25/INFO] [EMI/]: [EMI] Initializing plugin from emiprofessions
[06May2026 21:15:19.223] [Render thread/INFO] [FTB Quests/]: Read 35636 bytes, 151 objects
[06May2026 21:15:19.223] [Thread-25/INFO] [EMI/]: [EMI] Initialized plugin from emiprofessions in 0ms
[06May2026 21:15:19.223] [Thread-25/INFO] [EMI/]: [EMI] Initializing plugin from toms_storage
[06May2026 21:15:19.223] [Thread-25/INFO] [EMI/]: [EMI] Initialized plugin from toms_storage in 0ms
[06May2026 21:15:19.223] [Thread-25/INFO] [EMI/]: [EMI] Initializing plugin from ftblibrary
[06May2026 21:15:19.223] [Thread-25/INFO] [EMI/]: [EMI] Initialized plugin from ftblibrary in 0ms
[06May2026 21:15:19.223] [Thread-25/INFO] [EMI/]: [EMI] Initializing plugin from sophisticatedstorage
[06May2026 21:15:19.223] [Thread-25/INFO] [EMI/]: [EMI] Initialized plugin from sophisticatedstorage in 0ms
[06May2026 21:15:19.223] [Thread-25/INFO] [EMI/]: [EMI] Initializing plugin from mahoutsukai
[06May2026 21:15:19.223] [Thread-25/INFO] [EMI/]: [EMI] Initialized plugin from mahoutsukai in 0ms
[06May2026 21:15:19.223] [Thread-25/INFO] [EMI/]: [EMI] Initializing plugin from kubejs
[06May2026 21:15:19.223] [Thread-25/INFO] [EMI/]: [EMI] Initialized plugin from kubejs in 0ms
[06May2026 21:15:19.223] [Thread-25/INFO] [EMI/]: [EMI] Initializing plugin from emi_loot
[06May2026 21:15:19.224] [Thread-25/INFO] [EMI/]: [EMI] Initialized plugin from emi_loot in 1ms
[06May2026 21:15:19.224] [Thread-25/INFO] [EMI/]: [EMI] Initializing plugin from emi_enchanting
[06May2026 21:15:19.224] [Thread-25/INFO] [EMI/]: [EMI] Initialized plugin from emi_enchanting in 0ms
[06May2026 21:15:19.224] [Thread-25/INFO] [EMI/]: [EMI] Initializing plugin from toomanyrecipeviewers
[06May2026 21:15:19.224] [Thread-25/INFO] [EMI/]: [EMI] [TMRV] Initializing...
[06May2026 21:15:19.227] [Thread-25/INFO] [EMI/]: [EMI] Initialized plugin from toomanyrecipeviewers in 3ms
[06May2026 21:15:19.230] [Thread-25/INFO] [EMI/]: [EMI] Processing tags
[06May2026 21:15:19.242] [Render thread/INFO] [FTB Quests/]: received translation table en_us (with 31 entries) from server
[06May2026 21:15:19.247] [Render thread/INFO] [Moonlight/]: Overriding configs moonlight-common.toml with synced configs (editable)
[06May2026 21:15:19.254] [Render thread/INFO] [Moonlight/]: Synced moonlight-common.toml configs
[06May2026 21:15:19.256] [Render thread/INFO] [snownee.jade.Jade/]: Received config from the server: 
[06May2026 21:15:19.256] [Thread-25/INFO] [EMI/]: [EMI] Constructing index
[06May2026 21:15:19.266] [Thread-25/INFO] [EMI/]: [EMI] Reloading item groups on client thread...
[06May2026 21:15:19.579] [Thread-25/INFO] [EMI/]: [EMI] Reloading item groups on client thread took 314ms
[06May2026 21:15:19.587] [Render thread/INFO] [voicechat/]: [voicechat] Received secret
[06May2026 21:15:19.588] [Render thread/INFO] [voicechat/]: [voicechat] Connecting to voice chat server: '127.0.0.1:65431'
[06May2026 21:15:19.591] [VoiceChatAuthenticationThread/INFO] [voicechat/]: [voicechat] Trying to authenticate voice chat connection
[06May2026 21:15:19.599] [Render thread/INFO] [net.minecraft.client.gui.components.ChatComponent/]: [CHAT] [Simple Voice Chat] Press V to set up
[06May2026 21:15:19.600] [VoiceChatPacketProcessingThread/INFO] [voicechat/]: [voicechat] Successfully authenticated player 91088abe-0167-486b-a79a-7be62a6a7051
[06May2026 21:15:19.601] [VoiceChatConnectionThread/INFO] [voicechat/]: [voicechat] Server acknowledged authentication
[06May2026 21:15:19.604] [Thread-25/INFO] [EMI/]: [EMI] Loading plugin from emi
[06May2026 21:15:19.604] [Render thread/INFO] [net.minecraft.advancements.AdvancementTree/]: Loaded 15 advancements
[06May2026 21:15:19.614] [Render thread/INFO] [patchouli/]: BookContentResourceListenerLoader: Files found in 1.250 ms
[06May2026 21:15:19.627] [Render thread/INFO] [patchouli/]: BookContentResourceListenerLoader: Files found in 1.127 ms
[06May2026 21:15:19.651] [Render thread/INFO] [patchouli/]: BookContentResourceListenerLoader: Files found in 1.532 ms
[06May2026 21:15:19.661] [Render thread/INFO] [ModernFix/]: Cleared 0 unneeded book NBT tags
[06May2026 21:15:19.923] [Thread-25/INFO] [EMI/]: [EMI] Reloaded plugin from emi in 319ms
[06May2026 21:15:19.923] [Thread-25/INFO] [EMI/]: [EMI] Loading plugin from sophisticatedcore
[06May2026 21:15:19.923] [Thread-25/INFO] [EMI/]: [EMI] Reloaded plugin from sophisticatedcore in 0ms
[06May2026 21:15:19.923] [Thread-25/INFO] [EMI/]: [EMI] Loading plugin from sophisticatedbackpacks
[06May2026 21:15:19.948] [Thread-25/INFO] [EMI/]: [EMI] Reloaded plugin from sophisticatedbackpacks in 25ms
[06May2026 21:15:19.948] [Thread-25/INFO] [EMI/]: [EMI] Loading plugin from curios
[06May2026 21:15:19.948] [Thread-25/INFO] [EMI/]: [EMI] Reloaded plugin from curios in 0ms
[06May2026 21:15:19.948] [Thread-25/INFO] [EMI/]: [EMI] Loading plugin from emiffect
[06May2026 21:15:19.950] [Render thread/INFO] [xaero.hud.minimap.MinimapLogs/]: Reloading radar icon resources...
[06May2026 21:15:19.971] [Render thread/INFO] [xaero.hud.minimap.MinimapLogs/]: Reloaded radar icon resources!
[06May2026 21:15:20.016] [Thread-25/INFO] [EMIffect/]: Reloaded.
[06May2026 21:15:20.016] [Thread-25/INFO] [EMI/]: [EMI] Reloaded plugin from emiffect in 68ms
[06May2026 21:15:20.017] [Thread-25/INFO] [EMI/]: [EMI] Loading plugin from emiprofessions
[06May2026 21:15:20.020] [Thread-25/INFO] [EMI/]: [EMI] Reloaded plugin from emiprofessions in 3ms
[06May2026 21:15:20.020] [Thread-25/INFO] [EMI/]: [EMI] Loading plugin from toms_storage
[06May2026 21:15:20.023] [Thread-25/INFO] [EMI/]: [EMI] Reloaded plugin from toms_storage in 3ms
[06May2026 21:15:20.023] [Thread-25/INFO] [EMI/]: [EMI] Loading plugin from ftblibrary
[06May2026 21:15:20.023] [Thread-25/INFO] [EMI/]: [EMI] Reloaded plugin from ftblibrary in 0ms
[06May2026 21:15:20.023] [Thread-25/INFO] [EMI/]: [EMI] Loading plugin from sophisticatedstorage
[06May2026 21:15:20.145] [Thread-25/INFO] [EMI/]: [EMI] Reloaded plugin from sophisticatedstorage in 122ms
[06May2026 21:15:20.145] [Thread-25/INFO] [EMI/]: [EMI] Loading plugin from mahoutsukai
[06May2026 21:15:20.171] [Thread-25/INFO] [EMI/]: [EMI] Reloaded plugin from mahoutsukai in 26ms
[06May2026 21:15:20.171] [Thread-25/INFO] [EMI/]: [EMI] Loading plugin from kubejs
[06May2026 21:15:20.172] [Thread-25/INFO] [EMI/]: [EMI] Reloaded plugin from kubejs in 0ms
[06May2026 21:15:20.172] [Thread-25/INFO] [EMI/]: [EMI] Loading plugin from emi_loot
[06May2026 21:15:20.183] [ForkJoinPool.commonPool-worker-3/INFO] [emi_loot/]: Built 1486 block loot recipes in 7ms
[06May2026 21:15:20.185] [ForkJoinPool.commonPool-worker-8/INFO] [emi_loot/]: Built 12 archaeology loot recipes in 4ms
[06May2026 21:15:20.188] [ForkJoinPool.commonPool-worker-7/INFO] [emi_loot/]: Built 20 gameplay loot recipes in 8ms
[06May2026 21:15:20.188] [Thread-25/INFO] [emi_loot/]: Registered gameplay loot recipes after 6ms
[06May2026 21:15:20.189] [Thread-25/INFO] [emi_loot/]: Registered archaeology loot recipes after 7ms
[06May2026 21:15:20.190] [ForkJoinPool.commonPool-worker-1/INFO] [emi_loot/]: Built 132 chest loot recipes in 16ms
[06May2026 21:15:20.191] [ForkJoinPool.commonPool-worker-11/INFO] [emi_loot/]: Built 98 mob loot recipes in 14ms
[06May2026 21:15:20.192] [Thread-25/INFO] [emi_loot/]: Registered mob loot recipes after 10ms
[06May2026 21:15:20.192] [Thread-25/INFO] [emi_loot/]: Registered chest loot recipes after 10ms
[06May2026 21:15:20.193] [Thread-25/INFO] [emi_loot/]: Registered all loot recipes after 11ms
[06May2026 21:15:20.193] [Thread-25/INFO] [EMI/]: [EMI] Reloaded plugin from emi_loot in 21ms
[06May2026 21:15:20.193] [Thread-25/INFO] [EMI/]: [EMI] Loading plugin from emi_enchanting
[06May2026 21:15:20.230] [Thread-25/INFO] [EMI/]: [EMI] Reloaded plugin from emi_enchanting in 37ms
[06May2026 21:15:20.230] [Thread-25/INFO] [EMI/]: [EMI] Loading plugin from toomanyrecipeviewers
[06May2026 21:15:20.231] [Thread-25/INFO] [EMI/]: [EMI] [TMRV] registerItemSubtypes: gateways:gateways...
[06May2026 21:15:20.234] [Thread-25/INFO] [EMI/]: [EMI] [TMRV] registerItemSubtypes: gateways:gateways took 3ms
[06May2026 21:15:20.234] [Thread-25/INFO] [EMI/]: [EMI] [TMRV] registerItemSubtypes: patchouli:patchouli...
[06May2026 21:15:20.235] [Thread-25/INFO] [EMI/]: [EMI] [TMRV] registerItemSubtypes: patchouli:patchouli took 1ms
[06May2026 21:15:20.235] [Thread-25/INFO] [EMI/]: [EMI] [TMRV] registerItemSubtypes: ultimine_addition:jei_integration...
[06May2026 21:15:20.236] [Thread-25/INFO] [EMI/]: [EMI] [TMRV] registerItemSubtypes: ultimine_addition:jei_integration took 1ms
[06May2026 21:15:20.236] [Thread-25/INFO] [EMI/]: [EMI] [TMRV] registerItemSubtypes: apothic_enchanting:enchantment...
[06May2026 21:15:20.236] [Thread-25/INFO] [EMI/]: [EMI] [TMRV] registerItemSubtypes: apothic_enchanting:enchantment took 0ms
[06May2026 21:15:20.236] [Thread-25/INFO] [EMI/]: [EMI] [TMRV] registerItemSubtypes: polylib:jei_plugin...
[06May2026 21:15:20.236] [Thread-25/INFO] [EMI/]: [EMI] [TMRV] registerItemSubtypes: polylib:jei_plugin took 0ms
[06May2026 21:15:20.236] [Thread-25/INFO] [EMI/]: [EMI] [TMRV] registerItemSubtypes: trashslot:trashslot...
[06May2026 21:15:20.236] [Thread-25/INFO] [EMI/]: [EMI] [TMRV] registerItemSubtypes: trashslot:trashslot took 0ms
[06May2026 21:15:20.236] [Thread-25/INFO] [EMI/]: [EMI] [TMRV] registerItemSubtypes: craftingstation:main...
[06May2026 21:15:20.236] [Thread-25/INFO] [EMI/]: [EMI] [TMRV] registerItemSubtypes: craftingstation:main took 0ms
[06May2026 21:15:20.236] [Thread-25/INFO] [EMI/]: [EMI] [TMRV] registerItemSubtypes: configured:jei_plugin...
[06May2026 21:15:20.236] [Thread-25/INFO] [EMI/]: [EMI] [TMRV] registerItemSubtypes: configured:jei_plugin took 0ms
[06May2026 21:15:20.236] [Thread-25/INFO] [EMI/]: [EMI] [TMRV] registerItemSubtypes: apothic_spawners:spawner...
[06May2026 21:15:20.236] [Thread-25/INFO] [EMI/]: [EMI] [TMRV] registerItemSubtypes: apothic_spawners:spawner took 0ms
[06May2026 21:15:20.236] [Thread-25/INFO] [EMI/]: [EMI] [TMRV] registerItemSubtypes: apotheosis:adventure_module...
[06May2026 21:15:20.237] [Thread-25/INFO] [EMI/]: [EMI] [TMRV] registerItemSubtypes: apotheosis:adventure_module took 1ms
[06May2026 21:15:20.237] [Thread-25/INFO] [EMI/]: [EMI] [TMRV] registerItemSubtypes: ftbxmodcompat:ftbquests_jei...
[06May2026 21:15:20.238] [Thread-25/INFO] [EMI/]: [EMI] [TMRV] registerItemSubtypes: ftbxmodcompat:ftbquests_jei took 1ms
[06May2026 21:15:20.238] [Thread-25/INFO] [EMI/]: [EMI] [TMRV] registerItemSubtypes: jade:main...
[06May2026 21:15:20.238] [Thread-25/INFO] [EMI/]: [EMI] [TMRV] registerItemSubtypes: jade:main took 0ms
[06May2026 21:15:20.238] [Thread-25/INFO] [EMI/]: [EMI] [TMRV] registerItemSubtypes: jei:internal...
[06May2026 21:15:20.238] [Thread-25/INFO] [EMI/]: [EMI] [TMRV] registerItemSubtypes: jei:internal took 0ms
[06May2026 21:15:20.238] [Thread-25/INFO] [toomanyrecipeviewers/]: registerItemSubtypes took 7ms
[06May2026 21:15:20.239] [Thread-25/INFO] [EMI/]: [EMI] [TMRV] registerFluidSubtypes: gateways:gateways...
[06May2026 21:15:20.239] [Thread-25/INFO] [EMI/]: [EMI] [TMRV] registerFluidSubtypes: gateways:gateways took 0ms
[06May2026 21:15:20.239] [Thread-25/INFO] [EMI/]: [EMI] [TMRV] registerFluidSubtypes: patchouli:patchouli...
[06May2026 21:15:20.239] [Thread-25/INFO] [EMI/]: [EMI] [TMRV] registerFluidSubtypes: patchouli:patchouli took 0ms
[06May2026 21:15:20.239] [Thread-25/INFO] [EMI/]: [EMI] [TMRV] registerFluidSubtypes: ultimine_addition:jei_integration...
[06May2026 21:15:20.239] [Thread-25/INFO] [EMI/]: [EMI] [TMRV] registerFluidSubtypes: ultimine_addition:jei_integration took 0ms
[06May2026 21:15:20.239] [Thread-25/INFO] [EMI/]: [EMI] [TMRV] registerFluidSubtypes: apothic_enchanting:enchantment...
[06May2026 21:15:20.239] [Thread-25/INFO] [EMI/]: [EMI] [TMRV] registerFluidSubtypes: apothic_enchanting:enchantment took 0ms
[06May2026 21:15:20.239] [Thread-25/INFO] [EMI/]: [EMI] [TMRV] registerFluidSubtypes: polylib:jei_plugin...
[06May2026 21:15:20.240] [Thread-25/INFO] [EMI/]: [EMI] [TMRV] registerFluidSubtypes: polylib:jei_plugin took 1ms
[06May2026 21:15:20.240] [Thread-25/INFO] [EMI/]: [EMI] [TMRV] registerFluidSubtypes: trashslot:trashslot...
[06May2026 21:15:20.240] [Thread-25/INFO] [EMI/]: [EMI] [TMRV] registerFluidSubtypes: trashslot:trashslot took 0ms
[06May2026 21:15:20.240] [Thread-25/INFO] [EMI/]: [EMI] [TMRV] registerFluidSubtypes: craftingstation:main...
[06May2026 21:15:20.240] [Thread-25/INFO] [EMI/]: [EMI] [TMRV] registerFluidSubtypes: craftingstation:main took 0ms
[06May2026 21:15:20.240] [Thread-25/INFO] [EMI/]: [EMI] [TMRV] registerFluidSubtypes: configured:jei_plugin...
[06May2026 21:15:20.240] [Thread-25/INFO] [EMI/]: [EMI] [TMRV] registerFluidSubtypes: configured:jei_plugin took 0ms
[06May2026 21:15:20.240] [Thread-25/INFO] [EMI/]: [EMI] [TMRV] registerFluidSubtypes: apothic_spawners:spawner...
[06May2026 21:15:20.240] [Thread-25/INFO] [EMI/]: [EMI] [TMRV] registerFluidSubtypes: apothic_spawners:spawner took 0ms
[06May2026 21:15:20.240] [Thread-25/INFO] [EMI/]: [EMI] [TMRV] registerFluidSubtypes: apotheosis:adventure_module...
[06May2026 21:15:20.240] [Thread-25/INFO] [EMI/]: [EMI] [TMRV] registerFluidSubtypes: apotheosis:adventure_module took 0ms
[06May2026 21:15:20.240] [Thread-25/INFO] [EMI/]: [EMI] [TMRV] registerFluidSubtypes: ftbxmodcompat:ftbquests_jei...
[06May2026 21:15:20.240] [Thread-25/INFO] [EMI/]: [EMI] [TMRV] registerFluidSubtypes: ftbxmodcompat:ftbquests_jei took 0ms
[06May2026 21:15:20.240] [Thread-25/INFO] [EMI/]: [EMI] [TMRV] registerFluidSubtypes: jade:main...
[06May2026 21:15:20.240] [Thread-25/INFO] [EMI/]: [EMI] [TMRV] registerFluidSubtypes: jade:main took 0ms
[06May2026 21:15:20.240] [Thread-25/INFO] [EMI/]: [EMI] [TMRV] registerFluidSubtypes: jei:internal...
[06May2026 21:15:20.240] [Thread-25/INFO] [EMI/]: [EMI] [TMRV] registerFluidSubtypes: jei:internal took 0ms
[06May2026 21:15:20.240] [Thread-25/INFO] [toomanyrecipeviewers/]: registerFluidSubtypes took 1ms
[06May2026 21:15:20.287] [Thread-25/INFO] [EMI/]: [EMI] [TMRV] registerIngredients: gateways:gateways...
[06May2026 21:15:20.288] [Thread-25/INFO] [EMI/]: [EMI] [TMRV] registerIngredients: gateways:gateways took 1ms
[06May2026 21:15:20.288] [Thread-25/INFO] [EMI/]: [EMI] [TMRV] registerIngredients: patchouli:patchouli...
[06May2026 21:15:20.288] [Thread-25/INFO] [EMI/]: [EMI] [TMRV] registerIngredients: patchouli:patchouli took 0ms
[06May2026 21:15:20.288] [Thread-25/INFO] [EMI/]: [EMI] [TMRV] registerIngredients: ultimine_addition:jei_integration...
[06May2026 21:15:20.288] [Thread-25/INFO] [EMI/]: [EMI] [TMRV] registerIngredients: ultimine_addition:jei_integration took 0ms
[06May2026 21:15:20.288] [Thread-25/INFO] [EMI/]: [EMI] [TMRV] registerIngredients: apothic_enchanting:enchantment...
[06May2026 21:15:20.288] [Thread-25/INFO] [EMI/]: [EMI] [TMRV] registerIngredients: apothic_enchanting:enchantment took 0ms
[06May2026 21:15:20.288] [Thread-25/INFO] [EMI/]: [EMI] [TMRV] registerIngredients: polylib:jei_plugin...
[06May2026 21:15:20.288] [Thread-25/INFO] [EMI/]: [EMI] [TMRV] registerIngredients: polylib:jei_plugin took 0ms
[06May2026 21:15:20.288] [Thread-25/INFO] [EMI/]: [EMI] [TMRV] registerIngredients: trashslot:trashslot...
[06May2026 21:15:20.288] [Thread-25/INFO] [EMI/]: [EMI] [TMRV] registerIngredients: trashslot:trashslot took 0ms
[06May2026 21:15:20.288] [Thread-25/INFO] [EMI/]: [EMI] [TMRV] registerIngredients: craftingstation:main...
[06May2026 21:15:20.288] [Thread-25/INFO] [EMI/]: [EMI] [TMRV] registerIngredients: craftingstation:main took 0ms
[06May2026 21:15:20.288] [Thread-25/INFO] [EMI/]: [EMI] [TMRV] registerIngredients: configured:jei_plugin...
[06May2026 21:15:20.288] [Thread-25/INFO] [EMI/]: [EMI] [TMRV] registerIngredients: configured:jei_plugin took 0ms
[06May2026 21:15:20.288] [Thread-25/INFO] [EMI/]: [EMI] [TMRV] registerIngredients: apothic_spawners:spawner...
[06May2026 21:15:20.288] [Thread-25/INFO] [EMI/]: [EMI] [TMRV] registerIngredients: apothic_spawners:spawner took 0ms
[06May2026 21:15:20.288] [Thread-25/INFO] [EMI/]: [EMI] [TMRV] registerIngredients: apotheosis:adventure_module...
[06May2026 21:15:20.288] [Thread-25/INFO] [EMI/]: [EMI] [TMRV] registerIngredients: apotheosis:adventure_module took 0ms
[06May2026 21:15:20.288] [Thread-25/INFO] [EMI/]: [EMI] [TMRV] registerIngredients: ftbxmodcompat:ftbquests_jei...
[06May2026 21:15:20.288] [Thread-25/INFO] [EMI/]: [EMI] [TMRV] registerIngredients: ftbxmodcompat:ftbquests_jei took 0ms
[06May2026 21:15:20.288] [Thread-25/INFO] [EMI/]: [EMI] [TMRV] registerIngredients: jade:main...
[06May2026 21:15:20.288] [Thread-25/INFO] [EMI/]: [EMI] [TMRV] registerIngredients: jade:main took 0ms
[06May2026 21:15:20.289] [Thread-25/INFO] [EMI/]: [EMI] [TMRV] registerIngredients: jei:internal...
[06May2026 21:15:20.289] [Thread-25/INFO] [EMI/]: [EMI] [TMRV] registerIngredients: jei:internal took 1ms
[06May2026 21:15:20.289] [Thread-25/INFO] [toomanyrecipeviewers/]: registerIngredients took 2ms
[06May2026 21:15:20.289] [Thread-25/INFO] [EMI/]: [EMI] [TMRV] registerExtraIngredients: gateways:gateways...
[06May2026 21:15:20.289] [Thread-25/INFO] [EMI/]: [EMI] [TMRV] registerExtraIngredients: gateways:gateways took 0ms
[06May2026 21:15:20.289] [Thread-25/INFO] [EMI/]: [EMI] [TMRV] registerExtraIngredients: patchouli:patchouli...
[06May2026 21:15:20.289] [Thread-25/INFO] [EMI/]: [EMI] [TMRV] registerExtraIngredients: patchouli:patchouli took 0ms
[06May2026 21:15:20.289] [Thread-25/INFO] [EMI/]: [EMI] [TMRV] registerExtraIngredients: ultimine_addition:jei_integration...
[06May2026 21:15:20.289] [Thread-25/INFO] [EMI/]: [EMI] [TMRV] registerExtraIngredients: ultimine_addition:jei_integration took 0ms
[06May2026 21:15:20.289] [Thread-25/INFO] [EMI/]: [EMI] [TMRV] registerExtraIngredients: apothic_enchanting:enchantment...
[06May2026 21:15:20.289] [Thread-25/INFO] [EMI/]: [EMI] [TMRV] registerExtraIngredients: apothic_enchanting:enchantment took 0ms
[06May2026 21:15:20.289] [Thread-25/INFO] [EMI/]: [EMI] [TMRV] registerExtraIngredients: polylib:jei_plugin...
[06May2026 21:15:20.289] [Thread-25/INFO] [EMI/]: [EMI] [TMRV] registerExtraIngredients: polylib:jei_plugin took 0ms
[06May2026 21:15:20.289] [Thread-25/INFO] [EMI/]: [EMI] [TMRV] registerExtraIngredients: trashslot:trashslot...
[06May2026 21:15:20.289] [Thread-25/INFO] [EMI/]: [EMI] [TMRV] registerExtraIngredients: trashslot:trashslot took 0ms
[06May2026 21:15:20.289] [Thread-25/INFO] [EMI/]: [EMI] [TMRV] registerExtraIngredients: craftingstation:main...
[06May2026 21:15:20.289] [Thread-25/INFO] [EMI/]: [EMI] [TMRV] registerExtraIngredients: craftingstation:main took 0ms
[06May2026 21:15:20.290] [Thread-25/INFO] [EMI/]: [EMI] [TMRV] registerExtraIngredients: configured:jei_plugin...
[06May2026 21:15:20.290] [Thread-25/INFO] [EMI/]: [EMI] [TMRV] registerExtraIngredients: configured:jei_plugin took 0ms
[06May2026 21:15:20.290] [Thread-25/INFO] [EMI/]: [EMI] [TMRV] registerExtraIngredients: apothic_spawners:spawner...
[06May2026 21:15:20.290] [Thread-25/INFO] [EMI/]: [EMI] [TMRV] registerExtraIngredients: apothic_spawners:spawner took 0ms
[06May2026 21:15:20.290] [Thread-25/INFO] [EMI/]: [EMI] [TMRV] registerExtraIngredients: apotheosis:adventure_module...
[06May2026 21:15:20.290] [Thread-25/INFO] [EMI/]: [EMI] [TMRV] registerExtraIngredients: apotheosis:adventure_module took 0ms
[06May2026 21:15:20.290] [Thread-25/INFO] [EMI/]: [EMI] [TMRV] registerExtraIngredients: ftbxmodcompat:ftbquests_jei...
[06May2026 21:15:20.290] [Thread-25/INFO] [EMI/]: [EMI] [TMRV] registerExtraIngredients: ftbxmodcompat:ftbquests_jei took 0ms
[06May2026 21:15:20.290] [Thread-25/INFO] [EMI/]: [EMI] [TMRV] registerExtraIngredients: jade:main...
[06May2026 21:15:20.290] [Thread-25/INFO] [EMI/]: [EMI] [TMRV] registerExtraIngredients: jade:main took 0ms
[06May2026 21:15:20.290] [Thread-25/INFO] [EMI/]: [EMI] [TMRV] registerExtraIngredients: jei:internal...
[06May2026 21:15:20.290] [Thread-25/INFO] [EMI/]: [EMI] [TMRV] registerExtraIngredients: jei:internal took 0ms
[06May2026 21:15:20.290] [Thread-25/INFO] [toomanyrecipeviewers/]: registerExtraIngredients took 1ms
[06May2026 21:15:20.290] [Thread-25/INFO] [EMI/]: [EMI] [TMRV] registerIngredientAliases: gateways:gateways...
[06May2026 21:15:20.290] [Thread-25/INFO] [EMI/]: [EMI] [TMRV] registerIngredientAliases: gateways:gateways took 0ms
[06May2026 21:15:20.290] [Thread-25/INFO] [EMI/]: [EMI] [TMRV] registerIngredientAliases: patchouli:patchouli...
[06May2026 21:15:20.290] [Thread-25/INFO] [EMI/]: [EMI] [TMRV] registerIngredientAliases: patchouli:patchouli took 0ms
[06May2026 21:15:20.290] [Thread-25/INFO] [EMI/]: [EMI] [TMRV] registerIngredientAliases: ultimine_addition:jei_integration...
[06May2026 21:15:20.291] [Thread-25/INFO] [EMI/]: [EMI] [TMRV] registerIngredientAliases: ultimine_addition:jei_integration took 1ms
[06May2026 21:15:20.291] [Thread-25/INFO] [EMI/]: [EMI] [TMRV] registerIngredientAliases: apothic_enchanting:enchantment...
[06May2026 21:15:20.291] [Thread-25/INFO] [EMI/]: [EMI] [TMRV] registerIngredientAliases: apothic_enchanting:enchantment took 0ms
[06May2026 21:15:20.291] [Thread-25/INFO] [EMI/]: [EMI] [TMRV] registerIngredientAliases: polylib:jei_plugin...
[06May2026 21:15:20.291] [Thread-25/INFO] [EMI/]: [EMI] [TMRV] registerIngredientAliases: polylib:jei_plugin took 0ms
[06May2026 21:15:20.291] [Thread-25/INFO] [EMI/]: [EMI] [TMRV] registerIngredientAliases: trashslot:trashslot...
[06May2026 21:15:20.291] [Thread-25/INFO] [EMI/]: [EMI] [TMRV] registerIngredientAliases: trashslot:trashslot took 0ms
[06May2026 21:15:20.291] [Thread-25/INFO] [EMI/]: [EMI] [TMRV] registerIngredientAliases: craftingstation:main...
[06May2026 21:15:20.291] [Thread-25/INFO] [EMI/]: [EMI] [TMRV] registerIngredientAliases: craftingstation:main took 0ms
[06May2026 21:15:20.291] [Thread-25/INFO] [EMI/]: [EMI] [TMRV] registerIngredientAliases: configured:jei_plugin...
[06May2026 21:15:20.291] [Thread-25/INFO] [EMI/]: [EMI] [TMRV] registerIngredientAliases: configured:jei_plugin took 0ms
[06May2026 21:15:20.291] [Thread-25/INFO] [EMI/]: [EMI] [TMRV] registerIngredientAliases: apothic_spawners:spawner...
[06May2026 21:15:20.291] [Thread-25/INFO] [EMI/]: [EMI] [TMRV] registerIngredientAliases: apothic_spawners:spawner took 0ms
[06May2026 21:15:20.291] [Thread-25/INFO] [EMI/]: [EMI] [TMRV] registerIngredientAliases: apotheosis:adventure_module...
[06May2026 21:15:20.291] [Thread-25/INFO] [EMI/]: [EMI] [TMRV] registerIngredientAliases: apotheosis:adventure_module took 0ms
[06May2026 21:15:20.291] [Thread-25/INFO] [EMI/]: [EMI] [TMRV] registerIngredientAliases: ftbxmodcompat:ftbquests_jei...
[06May2026 21:15:20.291] [Thread-25/INFO] [EMI/]: [EMI] [TMRV] registerIngredientAliases: ftbxmodcompat:ftbquests_jei took 0ms
[06May2026 21:15:20.291] [Thread-25/INFO] [EMI/]: [EMI] [TMRV] registerIngredientAliases: jade:main...
[06May2026 21:15:20.291] [Thread-25/INFO] [EMI/]: [EMI] [TMRV] registerIngredientAliases: jade:main took 0ms
[06May2026 21:15:20.291] [Thread-25/INFO] [EMI/]: [EMI] [TMRV] registerIngredientAliases: jei:internal...
[06May2026 21:15:20.291] [Thread-25/INFO] [EMI/]: [EMI] [TMRV] registerIngredientAliases: jei:internal took 0ms
[06May2026 21:15:20.291] [Thread-25/INFO] [toomanyrecipeviewers/]: registerIngredientAliases took 1ms
[06May2026 21:15:20.310] [Thread-25/INFO] [EMI/]: [EMI] [TMRV] registerModInfo: gateways:gateways...
[06May2026 21:15:20.310] [Thread-25/INFO] [EMI/]: [EMI] [TMRV] registerModInfo: gateways:gateways took 0ms
[06May2026 21:15:20.310] [Thread-25/INFO] [EMI/]: [EMI] [TMRV] registerModInfo: patchouli:patchouli...
[06May2026 21:15:20.310] [Thread-25/INFO] [EMI/]: [EMI] [TMRV] registerModInfo: patchouli:patchouli took 0ms
[06May2026 21:15:20.311] [Thread-25/INFO] [EMI/]: [EMI] [TMRV] registerModInfo: ultimine_addition:jei_integration...
[06May2026 21:15:20.311] [Thread-25/INFO] [EMI/]: [EMI] [TMRV] registerModInfo: ultimine_addition:jei_integration took 0ms
[06May2026 21:15:20.311] [Thread-25/INFO] [EMI/]: [EMI] [TMRV] registerModInfo: apothic_enchanting:enchantment...
[06May2026 21:15:20.311] [Thread-25/INFO] [EMI/]: [EMI] [TMRV] registerModInfo: apothic_enchanting:enchantment took 0ms
[06May2026 21:15:20.311] [Thread-25/INFO] [EMI/]: [EMI] [TMRV] registerModInfo: polylib:jei_plugin...
[06May2026 21:15:20.311] [Thread-25/INFO] [EMI/]: [EMI] [TMRV] registerModInfo: polylib:jei_plugin took 0ms
[06May2026 21:15:20.311] [Thread-25/INFO] [EMI/]: [EMI] [TMRV] registerModInfo: trashslot:trashslot...
[06May2026 21:15:20.311] [Thread-25/INFO] [EMI/]: [EMI] [TMRV] registerModInfo: trashslot:trashslot took 0ms
[06May2026 21:15:20.311] [Thread-25/INFO] [EMI/]: [EMI] [TMRV] registerModInfo: craftingstation:main...
[06May2026 21:15:20.311] [Thread-25/INFO] [EMI/]: [EMI] [TMRV] registerModInfo: craftingstation:main took 0ms
[06May2026 21:15:20.311] [Thread-25/INFO] [EMI/]: [EMI] [TMRV] registerModInfo: configured:jei_plugin...
[06May2026 21:15:20.311] [Thread-25/INFO] [EMI/]: [EMI] [TMRV] registerModInfo: configured:jei_plugin took 0ms
[06May2026 21:15:20.311] [Thread-25/INFO] [EMI/]: [EMI] [TMRV] registerModInfo: apothic_spawners:spawner...
[06May2026 21:15:20.311] [Thread-25/INFO] [EMI/]: [EMI] [TMRV] registerModInfo: apothic_spawners:spawner took 0ms
[06May2026 21:15:20.311] [Thread-25/INFO] [EMI/]: [EMI] [TMRV] registerModInfo: apotheosis:adventure_module...
[06May2026 21:15:20.311] [Thread-25/INFO] [EMI/]: [EMI] [TMRV] registerModInfo: apotheosis:adventure_module took 0ms
[06May2026 21:15:20.311] [Thread-25/INFO] [EMI/]: [EMI] [TMRV] registerModInfo: ftbxmodcompat:ftbquests_jei...
[06May2026 21:15:20.311] [Thread-25/INFO] [EMI/]: [EMI] [TMRV] registerModInfo: ftbxmodcompat:ftbquests_jei took 0ms
[06May2026 21:15:20.311] [Thread-25/INFO] [EMI/]: [EMI] [TMRV] registerModInfo: jade:main...
[06May2026 21:15:20.311] [Thread-25/INFO] [EMI/]: [EMI] [TMRV] registerModInfo: jade:main took 0ms
[06May2026 21:15:20.311] [Thread-25/INFO] [EMI/]: [EMI] [TMRV] registerModInfo: jei:internal...
[06May2026 21:15:20.311] [Thread-25/INFO] [EMI/]: [EMI] [TMRV] registerModInfo: jei:internal took 0ms
[06May2026 21:15:20.311] [Thread-25/INFO] [toomanyrecipeviewers/]: registerModInfo took 1ms
[06May2026 21:15:20.331] [Thread-25/INFO] [EMI/]: [EMI] [TMRV] registerCategories: jei:minecraft...
[06May2026 21:15:20.351] [Thread-25/INFO] [EMI/]: [EMI] [TMRV] registerCategories: jei:minecraft took 20ms
[06May2026 21:15:20.352] [Thread-25/INFO] [EMI/]: [EMI] [TMRV] registerCategories: gateways:gateways...
[06May2026 21:15:20.352] [Thread-25/INFO] [EMI/]: [EMI] [TMRV] registerCategories: gateways:gateways took 0ms
[06May2026 21:15:20.352] [Thread-25/INFO] [EMI/]: [EMI] [TMRV] registerCategories: patchouli:patchouli...
[06May2026 21:15:20.352] [Thread-25/INFO] [EMI/]: [EMI] [TMRV] registerCategories: patchouli:patchouli took 0ms
[06May2026 21:15:20.352] [Thread-25/INFO] [EMI/]: [EMI] [TMRV] registerCategories: ultimine_addition:jei_integration...
[06May2026 21:15:20.355] [Thread-25/INFO] [EMI/]: [EMI] [TMRV] registerCategories: ultimine_addition:jei_integration took 2ms
[06May2026 21:15:20.355] [Thread-25/INFO] [EMI/]: [EMI] [TMRV] registerCategories: apothic_enchanting:enchantment...
[06May2026 21:15:20.355] [Thread-25/INFO] [EMI/]: [EMI] [TMRV] registerCategories: apothic_enchanting:enchantment took 0ms
[06May2026 21:15:20.356] [Thread-25/INFO] [EMI/]: [EMI] [TMRV] registerCategories: polylib:jei_plugin...
[06May2026 21:15:20.356] [Thread-25/INFO] [EMI/]: [EMI] [TMRV] registerCategories: polylib:jei_plugin took 0ms
[06May2026 21:15:20.356] [Thread-25/INFO] [EMI/]: [EMI] [TMRV] registerCategories: trashslot:trashslot...
[06May2026 21:15:20.356] [Thread-25/INFO] [EMI/]: [EMI] [TMRV] registerCategories: trashslot:trashslot took 0ms
[06May2026 21:15:20.356] [Thread-25/INFO] [EMI/]: [EMI] [TMRV] registerCategories: craftingstation:main...
[06May2026 21:15:20.356] [Thread-25/INFO] [EMI/]: [EMI] [TMRV] registerCategories: craftingstation:main took 0ms
[06May2026 21:15:20.356] [Thread-25/INFO] [EMI/]: [EMI] [TMRV] registerCategories: configured:jei_plugin...
[06May2026 21:15:20.356] [Thread-25/INFO] [EMI/]: [EMI] [TMRV] registerCategories: configured:jei_plugin took 0ms
[06May2026 21:15:20.356] [Thread-25/INFO] [EMI/]: [EMI] [TMRV] registerCategories: apothic_spawners:spawner...
[06May2026 21:15:20.358] [Thread-25/INFO] [EMI/]: [EMI] [TMRV] registerCategories: apothic_spawners:spawner took 2ms
[06May2026 21:15:20.358] [Thread-25/INFO] [EMI/]: [EMI] [TMRV] registerCategories: apotheosis:adventure_module...
[06May2026 21:15:20.362] [Thread-25/INFO] [EMI/]: [EMI] [TMRV] registerCategories: apotheosis:adventure_module took 4ms
[06May2026 21:15:20.362] [Thread-25/INFO] [EMI/]: [EMI] [TMRV] registerCategories: ftbxmodcompat:ftbquests_jei...
[06May2026 21:15:20.369] [Thread-25/INFO] [EMI/]: [EMI] [TMRV] registerCategories: ftbxmodcompat:ftbquests_jei took 7ms
[06May2026 21:15:20.369] [Thread-25/INFO] [EMI/]: [EMI] [TMRV] registerCategories: jade:main...
[06May2026 21:15:20.369] [Thread-25/INFO] [EMI/]: [EMI] [TMRV] registerCategories: jade:main took 0ms
[06May2026 21:15:20.369] [Thread-25/INFO] [EMI/]: [EMI] [TMRV] registerCategories: jei:internal...
[06May2026 21:15:20.370] [Thread-25/INFO] [EMI/]: [EMI] [TMRV] registerCategories: jei:internal took 1ms
[06May2026 21:15:20.370] [Thread-25/INFO] [toomanyrecipeviewers/]: registerCategories took 39ms
[06May2026 21:15:20.372] [Thread-25/INFO] [EMI/]: [EMI] [TMRV] registerVanillaCategoryExtensions: jei:minecraft...
[06May2026 21:15:20.376] [Thread-25/INFO] [EMI/]: [EMI] [TMRV] registerVanillaCategoryExtensions: jei:minecraft took 4ms
[06May2026 21:15:20.377] [Thread-25/INFO] [EMI/]: [EMI] [TMRV] registerVanillaCategoryExtensions: gateways:gateways...
[06May2026 21:15:20.377] [Thread-25/INFO] [EMI/]: [EMI] [TMRV] registerVanillaCategoryExtensions: gateways:gateways took 0ms
[06May2026 21:15:20.377] [Thread-25/INFO] [EMI/]: [EMI] [TMRV] registerVanillaCategoryExtensions: patchouli:patchouli...
[06May2026 21:15:20.377] [Thread-25/INFO] [EMI/]: [EMI] [TMRV] registerVanillaCategoryExtensions: patchouli:patchouli took 0ms
[06May2026 21:15:20.377] [Thread-25/INFO] [EMI/]: [EMI] [TMRV] registerVanillaCategoryExtensions: ultimine_addition:jei_integration...
[06May2026 21:15:20.377] [Thread-25/INFO] [EMI/]: [EMI] [TMRV] registerVanillaCategoryExtensions: ultimine_addition:jei_integration took 0ms
[06May2026 21:15:20.377] [Thread-25/INFO] [EMI/]: [EMI] [TMRV] registerVanillaCategoryExtensions: apothic_enchanting:enchantment...
[06May2026 21:15:20.377] [Thread-25/INFO] [EMI/]: [EMI] [TMRV] registerVanillaCategoryExtensions: apothic_enchanting:enchantment took 0ms
[06May2026 21:15:20.377] [Thread-25/INFO] [EMI/]: [EMI] [TMRV] registerVanillaCategoryExtensions: polylib:jei_plugin...
[06May2026 21:15:20.377] [Thread-25/INFO] [EMI/]: [EMI] [TMRV] registerVanillaCategoryExtensions: polylib:jei_plugin took 0ms
[06May2026 21:15:20.377] [Thread-25/INFO] [EMI/]: [EMI] [TMRV] registerVanillaCategoryExtensions: trashslot:trashslot...
[06May2026 21:15:20.377] [Thread-25/INFO] [EMI/]: [EMI] [TMRV] registerVanillaCategoryExtensions: trashslot:trashslot took 0ms
[06May2026 21:15:20.377] [Thread-25/INFO] [EMI/]: [EMI] [TMRV] registerVanillaCategoryExtensions: craftingstation:main...
[06May2026 21:15:20.377] [Thread-25/INFO] [EMI/]: [EMI] [TMRV] registerVanillaCategoryExtensions: craftingstation:main took 0ms
[06May2026 21:15:20.377] [Thread-25/INFO] [EMI/]: [EMI] [TMRV] registerVanillaCategoryExtensions: configured:jei_plugin...
[06May2026 21:15:20.377] [Thread-25/INFO] [EMI/]: [EMI] [TMRV] registerVanillaCategoryExtensions: configured:jei_plugin took 0ms
[06May2026 21:15:20.377] [Thread-25/INFO] [EMI/]: [EMI] [TMRV] registerVanillaCategoryExtensions: apothic_spawners:spawner...
[06May2026 21:15:20.377] [Thread-25/INFO] [EMI/]: [EMI] [TMRV] registerVanillaCategoryExtensions: apothic_spawners:spawner took 0ms
[06May2026 21:15:20.377] [Thread-25/INFO] [EMI/]: [EMI] [TMRV] registerVanillaCategoryExtensions: apotheosis:adventure_module...
[06May2026 21:15:20.387] [Thread-25/INFO] [EMI/]: [EMI] [TMRV] registerVanillaCategoryExtensions: apotheosis:adventure_module took 10ms
[06May2026 21:15:20.387] [Thread-25/INFO] [EMI/]: [EMI] [TMRV] registerVanillaCategoryExtensions: ftbxmodcompat:ftbquests_jei...
[06May2026 21:15:20.387] [Thread-25/INFO] [EMI/]: [EMI] [TMRV] registerVanillaCategoryExtensions: ftbxmodcompat:ftbquests_jei took 0ms
[06May2026 21:15:20.387] [Thread-25/INFO] [EMI/]: [EMI] [TMRV] registerVanillaCategoryExtensions: jade:main...
[06May2026 21:15:20.387] [Thread-25/INFO] [EMI/]: [EMI] [TMRV] registerVanillaCategoryExtensions: jade:main took 0ms
[06May2026 21:15:20.387] [Thread-25/INFO] [EMI/]: [EMI] [TMRV] registerVanillaCategoryExtensions: jei:internal...
[06May2026 21:15:20.387] [Thread-25/INFO] [EMI/]: [EMI] [TMRV] registerVanillaCategoryExtensions: jei:internal took 0ms
[06May2026 21:15:20.387] [Thread-25/INFO] [toomanyrecipeviewers/]: registerVanillaCategoryExtensions took 15ms
[06May2026 21:15:20.394] [Thread-25/INFO] [EMI/]: [EMI] [TMRV] registerRecipeCatalysts: gateways:gateways...
[06May2026 21:15:20.394] [Thread-25/INFO] [EMI/]: [EMI] [TMRV] registerRecipeCatalysts: gateways:gateways took 0ms
[06May2026 21:15:20.394] [Thread-25/INFO] [EMI/]: [EMI] [TMRV] registerRecipeCatalysts: patchouli:patchouli...
[06May2026 21:15:20.394] [Thread-25/INFO] [EMI/]: [EMI] [TMRV] registerRecipeCatalysts: patchouli:patchouli took 0ms
[06May2026 21:15:20.394] [Thread-25/INFO] [EMI/]: [EMI] [TMRV] registerRecipeCatalysts: ultimine_addition:jei_integration...
[06May2026 21:15:20.395] [Thread-25/INFO] [EMI/]: [EMI] [TMRV] registerRecipeCatalysts: ultimine_addition:jei_integration took 1ms
[06May2026 21:15:20.396] [Thread-25/INFO] [EMI/]: [EMI] [TMRV] registerRecipeCatalysts: apothic_enchanting:enchantment...
[06May2026 21:15:20.396] [Thread-25/INFO] [EMI/]: [EMI] [TMRV] registerRecipeCatalysts: apothic_enchanting:enchantment took 0ms
[06May2026 21:15:20.396] [Thread-25/INFO] [EMI/]: [EMI] [TMRV] registerRecipeCatalysts: polylib:jei_plugin...
[06May2026 21:15:20.396] [Thread-25/INFO] [EMI/]: [EMI] [TMRV] registerRecipeCatalysts: polylib:jei_plugin took 0ms
[06May2026 21:15:20.396] [Thread-25/INFO] [EMI/]: [EMI] [TMRV] registerRecipeCatalysts: trashslot:trashslot...
[06May2026 21:15:20.396] [Thread-25/INFO] [EMI/]: [EMI] [TMRV] registerRecipeCatalysts: trashslot:trashslot took 0ms
[06May2026 21:15:20.396] [Thread-25/INFO] [EMI/]: [EMI] [TMRV] registerRecipeCatalysts: craftingstation:main...
[06May2026 21:15:20.396] [Thread-25/INFO] [EMI/]: [EMI] [TMRV] registerRecipeCatalysts: craftingstation:main took 0ms
[06May2026 21:15:20.396] [Thread-25/INFO] [EMI/]: [EMI] [TMRV] registerRecipeCatalysts: configured:jei_plugin...
[06May2026 21:15:20.396] [Thread-25/INFO] [EMI/]: [EMI] [TMRV] registerRecipeCatalysts: configured:jei_plugin took 0ms
[06May2026 21:15:20.396] [Thread-25/INFO] [EMI/]: [EMI] [TMRV] registerRecipeCatalysts: apothic_spawners:spawner...
[06May2026 21:15:20.396] [Thread-25/INFO] [EMI/]: [EMI] [TMRV] registerRecipeCatalysts: apothic_spawners:spawner took 0ms
[06May2026 21:15:20.396] [Thread-25/INFO] [EMI/]: [EMI] [TMRV] registerRecipeCatalysts: apotheosis:adventure_module...
[06May2026 21:15:20.397] [Thread-25/INFO] [EMI/]: [EMI] [TMRV] registerRecipeCatalysts: apotheosis:adventure_module took 0ms
[06May2026 21:15:20.397] [Thread-25/INFO] [EMI/]: [EMI] [TMRV] registerRecipeCatalysts: ftbxmodcompat:ftbquests_jei...
[06May2026 21:15:20.397] [Thread-25/INFO] [EMI/]: [EMI] [TMRV] registerRecipeCatalysts: ftbxmodcompat:ftbquests_jei took 0ms
[06May2026 21:15:20.397] [Thread-25/INFO] [EMI/]: [EMI] [TMRV] registerRecipeCatalysts: jade:main...
[06May2026 21:15:20.397] [Thread-25/INFO] [EMI/]: [EMI] [TMRV] registerRecipeCatalysts: jade:main took 0ms
[06May2026 21:15:20.397] [Thread-25/INFO] [EMI/]: [EMI] [TMRV] registerRecipeCatalysts: jei:internal...
[06May2026 21:15:20.397] [Thread-25/INFO] [EMI/]: [EMI] [TMRV] registerRecipeCatalysts: jei:internal took 0ms
[06May2026 21:15:20.397] [Thread-25/INFO] [toomanyrecipeviewers/]: registerRecipeCatalysts took 3ms
[06May2026 21:15:20.400] [Thread-25/INFO] [EMI/]: [EMI] [TMRV] registerAdvanced: gateways:gateways...
[06May2026 21:15:20.400] [Thread-25/INFO] [EMI/]: [EMI] [TMRV] registerAdvanced: gateways:gateways took 0ms
[06May2026 21:15:20.400] [Thread-25/INFO] [EMI/]: [EMI] [TMRV] registerAdvanced: patchouli:patchouli...
[06May2026 21:15:20.400] [Thread-25/INFO] [EMI/]: [EMI] [TMRV] registerAdvanced: patchouli:patchouli took 0ms
[06May2026 21:15:20.400] [Thread-25/INFO] [EMI/]: [EMI] [TMRV] registerAdvanced: ultimine_addition:jei_integration...
[06May2026 21:15:20.401] [Thread-25/INFO] [EMI/]: [EMI] [TMRV] registerAdvanced: ultimine_addition:jei_integration took 0ms
[06May2026 21:15:20.401] [Thread-25/INFO] [EMI/]: [EMI] [TMRV] registerAdvanced: apothic_enchanting:enchantment...
[06May2026 21:15:20.401] [Thread-25/INFO] [EMI/]: [EMI] [TMRV] registerAdvanced: apothic_enchanting:enchantment took 0ms
[06May2026 21:15:20.401] [Thread-25/INFO] [EMI/]: [EMI] [TMRV] registerAdvanced: polylib:jei_plugin...
[06May2026 21:15:20.401] [Thread-25/INFO] [EMI/]: [EMI] [TMRV] registerAdvanced: polylib:jei_plugin took 0ms
[06May2026 21:15:20.401] [Thread-25/INFO] [EMI/]: [EMI] [TMRV] registerAdvanced: trashslot:trashslot...
[06May2026 21:15:20.401] [Thread-25/INFO] [EMI/]: [EMI] [TMRV] registerAdvanced: trashslot:trashslot took 0ms
[06May2026 21:15:20.401] [Thread-25/INFO] [EMI/]: [EMI] [TMRV] registerAdvanced: craftingstation:main...
[06May2026 21:15:20.401] [Thread-25/INFO] [EMI/]: [EMI] [TMRV] registerAdvanced: craftingstation:main took 0ms
[06May2026 21:15:20.401] [Thread-25/INFO] [EMI/]: [EMI] [TMRV] registerAdvanced: configured:jei_plugin...
[06May2026 21:15:20.401] [Thread-25/INFO] [EMI/]: [EMI] [TMRV] registerAdvanced: configured:jei_plugin took 0ms
[06May2026 21:15:20.401] [Thread-25/INFO] [EMI/]: [EMI] [TMRV] registerAdvanced: apothic_spawners:spawner...
[06May2026 21:15:20.401] [Thread-25/INFO] [EMI/]: [EMI] [TMRV] registerAdvanced: apothic_spawners:spawner took 0ms
[06May2026 21:15:20.401] [Thread-25/INFO] [EMI/]: [EMI] [TMRV] registerAdvanced: apotheosis:adventure_module...
[06May2026 21:15:20.401] [Thread-25/INFO] [EMI/]: [EMI] [TMRV] registerAdvanced: apotheosis:adventure_module took 0ms
[06May2026 21:15:20.401] [Thread-25/INFO] [EMI/]: [EMI] [TMRV] registerAdvanced: ftbxmodcompat:ftbquests_jei...
[06May2026 21:15:20.401] [Thread-25/INFO] [mezz.jei.library.load.registration.AdvancedRegistration/]: Added recipe manager plugin: class dev.ftb.mods.ftbxmodcompat.ftbquests.jei.QuestRecipeManagerPlugin
[06May2026 21:15:20.401] [Thread-25/INFO] [mezz.jei.library.load.registration.AdvancedRegistration/]: Added recipe manager plugin: class dev.ftb.mods.ftbxmodcompat.ftbquests.jei.LootCrateRecipeManagerPlugin
[06May2026 21:15:20.402] [Thread-25/INFO] [EMI/]: [EMI] [TMRV] registerAdvanced: ftbxmodcompat:ftbquests_jei took 1ms
[06May2026 21:15:20.402] [Thread-25/INFO] [EMI/]: [EMI] [TMRV] registerAdvanced: jade:main...
[06May2026 21:15:20.402] [Thread-25/INFO] [EMI/]: [EMI] [TMRV] registerAdvanced: jade:main took 0ms
[06May2026 21:15:20.402] [Thread-25/INFO] [EMI/]: [EMI] [TMRV] registerAdvanced: jei:internal...
[06May2026 21:15:20.402] [Thread-25/INFO] [EMI/]: [EMI] [TMRV] registerAdvanced: jei:internal took 0ms
[06May2026 21:15:20.402] [Thread-25/INFO] [toomanyrecipeviewers/]: registerAdvanced took 2ms
[06May2026 21:15:20.425] [Thread-25/WARN] [toomanyrecipeviewers/]: Registered 8 recipe(s) from Recipe Manager Plugin dev.ftb.mods.ftbxmodcompat.ftbquests.jei.QuestRecipeManagerPlugin. Do not report issues if there are bugs with this feature; it is not supported!
[06May2026 21:15:20.425] [Thread-25/ERROR] [toomanyrecipeviewers/]: Registered 0 recipe(s) from Recipe Manager Plugin dev.ftb.mods.ftbxmodcompat.ftbquests.jei.LootCrateRecipeManagerPlugin. Do not report issues if there are bugs with this feature; it is not supported!
[06May2026 21:15:20.472] [Render thread/INFO] [EMI/]: [EMI] [TMRV] registerRecipes: gateways:gateways...
[06May2026 21:15:20.476] [Render thread/INFO] [EMI/]: [EMI] [TMRV] registerRecipes: gateways:gateways took 4ms
[06May2026 21:15:20.476] [Render thread/INFO] [EMI/]: [EMI] [TMRV] registerRecipes: patchouli:patchouli...
[06May2026 21:15:20.476] [Render thread/INFO] [EMI/]: [EMI] [TMRV] registerRecipes: patchouli:patchouli took 0ms
[06May2026 21:15:20.476] [Render thread/INFO] [EMI/]: [EMI] [TMRV] registerRecipes: ultimine_addition:jei_integration...
[06May2026 21:15:20.480] [Render thread/INFO] [EMI/]: [EMI] [TMRV] registerRecipes: ultimine_addition:jei_integration took 4ms
[06May2026 21:15:20.480] [Render thread/INFO] [EMI/]: [EMI] [TMRV] registerRecipes: apothic_enchanting:enchantment...
[06May2026 21:15:20.489] [Render thread/INFO] [EMI/]: [EMI] [TMRV] registerRecipes: apothic_enchanting:enchantment took 9ms
[06May2026 21:15:20.489] [Render thread/INFO] [EMI/]: [EMI] [TMRV] registerRecipes: polylib:jei_plugin...
[06May2026 21:15:20.489] [Render thread/INFO] [EMI/]: [EMI] [TMRV] registerRecipes: polylib:jei_plugin took 0ms
[06May2026 21:15:20.489] [Render thread/INFO] [EMI/]: [EMI] [TMRV] registerRecipes: trashslot:trashslot...
[06May2026 21:15:20.489] [Render thread/INFO] [EMI/]: [EMI] [TMRV] registerRecipes: trashslot:trashslot took 0ms
[06May2026 21:15:20.489] [Render thread/INFO] [EMI/]: [EMI] [TMRV] registerRecipes: craftingstation:main...
[06May2026 21:15:20.489] [Render thread/INFO] [EMI/]: [EMI] [TMRV] registerRecipes: craftingstation:main took 0ms
[06May2026 21:15:20.489] [Render thread/INFO] [EMI/]: [EMI] [TMRV] registerRecipes: configured:jei_plugin...
[06May2026 21:15:20.490] [Render thread/INFO] [EMI/]: [EMI] [TMRV] registerRecipes: configured:jei_plugin took 1ms
[06May2026 21:15:20.490] [Render thread/INFO] [EMI/]: [EMI] [TMRV] registerRecipes: apothic_spawners:spawner...
[06May2026 21:15:20.505] [Render thread/INFO] [EMI/]: [EMI] [TMRV] registerRecipes: apothic_spawners:spawner took 15ms
[06May2026 21:15:20.506] [Render thread/INFO] [EMI/]: [EMI] [TMRV] registerRecipes: apotheosis:adventure_module...
[06May2026 21:15:20.564] [Render thread/INFO] [EMI/]: [EMI] [TMRV] registerRecipes: apotheosis:adventure_module took 57ms
[06May2026 21:15:20.564] [Render thread/INFO] [EMI/]: [EMI] [TMRV] registerRecipes: ftbxmodcompat:ftbquests_jei...
[06May2026 21:15:20.564] [Render thread/INFO] [EMI/]: [EMI] [TMRV] registerRecipes: ftbxmodcompat:ftbquests_jei took 0ms
[06May2026 21:15:20.564] [Render thread/INFO] [EMI/]: [EMI] [TMRV] registerRecipes: jade:main...
[06May2026 21:15:20.564] [Render thread/INFO] [EMI/]: [EMI] [TMRV] registerRecipes: jade:main took 0ms
[06May2026 21:15:20.564] [Render thread/INFO] [EMI/]: [EMI] [TMRV] registerRecipes: jei:internal...
[06May2026 21:15:20.564] [Render thread/INFO] [EMI/]: [EMI] [TMRV] registerRecipes: jei:internal took 0ms
[06May2026 21:15:20.564] [Thread-25/INFO] [toomanyrecipeviewers/]: registerRecipes took 138ms
[06May2026 21:15:20.569] [Thread-25/INFO] [EMI/]: [EMI] [TMRV] registerRecipeTransferHandlers: gateways:gateways...
[06May2026 21:15:20.569] [Thread-25/INFO] [EMI/]: [EMI] [TMRV] registerRecipeTransferHandlers: gateways:gateways took 0ms
[06May2026 21:15:20.569] [Thread-25/INFO] [EMI/]: [EMI] [TMRV] registerRecipeTransferHandlers: patchouli:patchouli...
[06May2026 21:15:20.569] [Thread-25/INFO] [EMI/]: [EMI] [TMRV] registerRecipeTransferHandlers: patchouli:patchouli took 0ms
[06May2026 21:15:20.569] [Thread-25/INFO] [EMI/]: [EMI] [TMRV] registerRecipeTransferHandlers: ultimine_addition:jei_integration...
[06May2026 21:15:20.572] [Thread-25/INFO] [EMI/]: [EMI] [TMRV] registerRecipeTransferHandlers: ultimine_addition:jei_integration took 3ms
[06May2026 21:15:20.572] [Thread-25/INFO] [EMI/]: [EMI] [TMRV] registerRecipeTransferHandlers: apothic_enchanting:enchantment...
[06May2026 21:15:20.572] [Thread-25/INFO] [EMI/]: [EMI] [TMRV] registerRecipeTransferHandlers: apothic_enchanting:enchantment took 0ms
[06May2026 21:15:20.572] [Thread-25/INFO] [EMI/]: [EMI] [TMRV] registerRecipeTransferHandlers: polylib:jei_plugin...
[06May2026 21:15:20.572] [Thread-25/INFO] [EMI/]: [EMI] [TMRV] registerRecipeTransferHandlers: polylib:jei_plugin took 0ms
[06May2026 21:15:20.572] [Thread-25/INFO] [EMI/]: [EMI] [TMRV] registerRecipeTransferHandlers: trashslot:trashslot...
[06May2026 21:15:20.572] [Thread-25/INFO] [EMI/]: [EMI] [TMRV] registerRecipeTransferHandlers: trashslot:trashslot took 0ms
[06May2026 21:15:20.572] [Thread-25/INFO] [EMI/]: [EMI] [TMRV] registerRecipeTransferHandlers: craftingstation:main...
[06May2026 21:15:20.573] [Thread-25/INFO] [EMI/]: [EMI] [TMRV] registerRecipeTransferHandlers: craftingstation:main took 1ms
[06May2026 21:15:20.573] [Thread-25/INFO] [EMI/]: [EMI] [TMRV] registerRecipeTransferHandlers: configured:jei_plugin...
[06May2026 21:15:20.573] [Thread-25/INFO] [EMI/]: [EMI] [TMRV] registerRecipeTransferHandlers: configured:jei_plugin took 0ms
[06May2026 21:15:20.573] [Thread-25/INFO] [EMI/]: [EMI] [TMRV] registerRecipeTransferHandlers: apothic_spawners:spawner...
[06May2026 21:15:20.573] [Thread-25/INFO] [EMI/]: [EMI] [TMRV] registerRecipeTransferHandlers: apothic_spawners:spawner took 0ms
[06May2026 21:15:20.573] [Thread-25/INFO] [EMI/]: [EMI] [TMRV] registerRecipeTransferHandlers: apotheosis:adventure_module...
[06May2026 21:15:20.573] [Thread-25/INFO] [EMI/]: [EMI] [TMRV] registerRecipeTransferHandlers: apotheosis:adventure_module took 0ms
[06May2026 21:15:20.573] [Thread-25/INFO] [EMI/]: [EMI] [TMRV] registerRecipeTransferHandlers: ftbxmodcompat:ftbquests_jei...
[06May2026 21:15:20.573] [Thread-25/INFO] [EMI/]: [EMI] [TMRV] registerRecipeTransferHandlers: ftbxmodcompat:ftbquests_jei took 0ms
[06May2026 21:15:20.573] [Thread-25/INFO] [EMI/]: [EMI] [TMRV] registerRecipeTransferHandlers: jade:main...
[06May2026 21:15:20.573] [Thread-25/INFO] [EMI/]: [EMI] [TMRV] registerRecipeTransferHandlers: jade:main took 0ms
[06May2026 21:15:20.573] [Thread-25/INFO] [EMI/]: [EMI] [TMRV] registerRecipeTransferHandlers: jei:internal...
[06May2026 21:15:20.573] [Thread-25/INFO] [EMI/]: [EMI] [TMRV] registerRecipeTransferHandlers: jei:internal took 0ms
[06May2026 21:15:20.573] [Thread-25/INFO] [toomanyrecipeviewers/]: registerRecipeTransferHandlers took 4ms
[06May2026 21:15:20.579] [Thread-25/INFO] [EMI/]: [EMI] [TMRV] registerGuiHandlers: gateways:gateways...
[06May2026 21:15:20.579] [Thread-25/INFO] [EMI/]: [EMI] [TMRV] registerGuiHandlers: gateways:gateways took 0ms
[06May2026 21:15:20.579] [Thread-25/INFO] [EMI/]: [EMI] [TMRV] registerGuiHandlers: patchouli:patchouli...
[06May2026 21:15:20.579] [Thread-25/INFO] [EMI/]: [EMI] [TMRV] registerGuiHandlers: patchouli:patchouli took 0ms
[06May2026 21:15:20.579] [Thread-25/INFO] [EMI/]: [EMI] [TMRV] registerGuiHandlers: ultimine_addition:jei_integration...
[06May2026 21:15:20.579] [Thread-25/INFO] [EMI/]: [EMI] [TMRV] registerGuiHandlers: ultimine_addition:jei_integration took 0ms
[06May2026 21:15:20.579] [Thread-25/INFO] [EMI/]: [EMI] [TMRV] registerGuiHandlers: apothic_enchanting:enchantment...
[06May2026 21:15:20.580] [Thread-25/INFO] [EMI/]: [EMI] [TMRV] registerGuiHandlers: apothic_enchanting:enchantment took 1ms
[06May2026 21:15:20.580] [Thread-25/INFO] [EMI/]: [EMI] [TMRV] registerGuiHandlers: polylib:jei_plugin...
[06May2026 21:15:20.587] [Thread-25/INFO] [EMI/]: [EMI] [TMRV] registerGuiHandlers: polylib:jei_plugin took 7ms
[06May2026 21:15:20.587] [Thread-25/INFO] [EMI/]: [EMI] [TMRV] registerGuiHandlers: trashslot:trashslot...
[06May2026 21:15:20.588] [Thread-25/INFO] [EMI/]: [EMI] [TMRV] registerGuiHandlers: trashslot:trashslot took 1ms
[06May2026 21:15:20.588] [Thread-25/INFO] [EMI/]: [EMI] [TMRV] registerGuiHandlers: craftingstation:main...
[06May2026 21:15:20.588] [Thread-25/INFO] [EMI/]: [EMI] [TMRV] registerGuiHandlers: craftingstation:main took 0ms
[06May2026 21:15:20.588] [Thread-25/INFO] [EMI/]: [EMI] [TMRV] registerGuiHandlers: configured:jei_plugin...
[06May2026 21:15:20.588] [Thread-25/INFO] [EMI/]: [EMI] [TMRV] registerGuiHandlers: configured:jei_plugin took 0ms
[06May2026 21:15:20.588] [Thread-25/INFO] [EMI/]: [EMI] [TMRV] registerGuiHandlers: apothic_spawners:spawner...
[06May2026 21:15:20.588] [Thread-25/INFO] [EMI/]: [EMI] [TMRV] registerGuiHandlers: apothic_spawners:spawner took 0ms
[06May2026 21:15:20.588] [Thread-25/INFO] [EMI/]: [EMI] [TMRV] registerGuiHandlers: apotheosis:adventure_module...
[06May2026 21:15:20.588] [Thread-25/INFO] [EMI/]: [EMI] [TMRV] registerGuiHandlers: apotheosis:adventure_module took 0ms
[06May2026 21:15:20.588] [Thread-25/INFO] [EMI/]: [EMI] [TMRV] registerGuiHandlers: ftbxmodcompat:ftbquests_jei...
[06May2026 21:15:20.588] [Thread-25/INFO] [EMI/]: [EMI] [TMRV] registerGuiHandlers: ftbxmodcompat:ftbquests_jei took 0ms
[06May2026 21:15:20.589] [Thread-25/INFO] [EMI/]: [EMI] [TMRV] registerGuiHandlers: jade:main...
[06May2026 21:15:20.589] [Thread-25/INFO] [EMI/]: [EMI] [TMRV] registerGuiHandlers: jade:main took 0ms
[06May2026 21:15:20.589] [Thread-25/INFO] [EMI/]: [EMI] [TMRV] registerGuiHandlers: jei:internal...
[06May2026 21:15:20.589] [Thread-25/INFO] [EMI/]: [EMI] [TMRV] registerGuiHandlers: jei:internal took 0ms
[06May2026 21:15:20.589] [Thread-25/INFO] [toomanyrecipeviewers/]: registerGuiHandlers took 10ms
[06May2026 21:15:20.592] [Thread-25/INFO] [EMI/]: [EMI] [TMRV] registerRuntime: gateways:gateways...
[06May2026 21:15:20.592] [Thread-25/INFO] [EMI/]: [EMI] [TMRV] registerRuntime: gateways:gateways took 0ms
[06May2026 21:15:20.593] [Thread-25/INFO] [EMI/]: [EMI] [TMRV] registerRuntime: patchouli:patchouli...
[06May2026 21:15:20.593] [Thread-25/INFO] [EMI/]: [EMI] [TMRV] registerRuntime: patchouli:patchouli took 0ms
[06May2026 21:15:20.593] [Thread-25/INFO] [EMI/]: [EMI] [TMRV] registerRuntime: ultimine_addition:jei_integration...
[06May2026 21:15:20.593] [Thread-25/INFO] [EMI/]: [EMI] [TMRV] registerRuntime: ultimine_addition:jei_integration took 0ms
[06May2026 21:15:20.593] [Thread-25/INFO] [EMI/]: [EMI] [TMRV] registerRuntime: apothic_enchanting:enchantment...
[06May2026 21:15:20.593] [Thread-25/INFO] [EMI/]: [EMI] [TMRV] registerRuntime: apothic_enchanting:enchantment took 0ms
[06May2026 21:15:20.593] [Thread-25/INFO] [EMI/]: [EMI] [TMRV] registerRuntime: polylib:jei_plugin...
[06May2026 21:15:20.593] [Thread-25/INFO] [EMI/]: [EMI] [TMRV] registerRuntime: polylib:jei_plugin took 0ms
[06May2026 21:15:20.593] [Thread-25/INFO] [EMI/]: [EMI] [TMRV] registerRuntime: trashslot:trashslot...
[06May2026 21:15:20.593] [Thread-25/INFO] [EMI/]: [EMI] [TMRV] registerRuntime: trashslot:trashslot took 0ms
[06May2026 21:15:20.593] [Thread-25/INFO] [EMI/]: [EMI] [TMRV] registerRuntime: craftingstation:main...
[06May2026 21:15:20.593] [Thread-25/INFO] [EMI/]: [EMI] [TMRV] registerRuntime: craftingstation:main took 0ms
[06May2026 21:15:20.593] [Thread-25/INFO] [EMI/]: [EMI] [TMRV] registerRuntime: configured:jei_plugin...
[06May2026 21:15:20.593] [Thread-25/INFO] [EMI/]: [EMI] [TMRV] registerRuntime: configured:jei_plugin took 0ms
[06May2026 21:15:20.593] [Thread-25/INFO] [EMI/]: [EMI] [TMRV] registerRuntime: apothic_spawners:spawner...
[06May2026 21:15:20.593] [Thread-25/INFO] [EMI/]: [EMI] [TMRV] registerRuntime: apothic_spawners:spawner took 0ms
[06May2026 21:15:20.593] [Thread-25/INFO] [EMI/]: [EMI] [TMRV] registerRuntime: apotheosis:adventure_module...
[06May2026 21:15:20.593] [Thread-25/INFO] [EMI/]: [EMI] [TMRV] registerRuntime: apotheosis:adventure_module took 0ms
[06May2026 21:15:20.593] [Thread-25/INFO] [EMI/]: [EMI] [TMRV] registerRuntime: ftbxmodcompat:ftbquests_jei...
[06May2026 21:15:20.593] [Thread-25/INFO] [EMI/]: [EMI] [TMRV] registerRuntime: ftbxmodcompat:ftbquests_jei took 0ms
[06May2026 21:15:20.593] [Thread-25/INFO] [EMI/]: [EMI] [TMRV] registerRuntime: jade:main...
[06May2026 21:15:20.593] [Thread-25/INFO] [EMI/]: [EMI] [TMRV] registerRuntime: jade:main took 0ms
[06May2026 21:15:20.593] [Thread-25/INFO] [EMI/]: [EMI] [TMRV] registerRuntime: jei:internal...
[06May2026 21:15:20.593] [Thread-25/INFO] [EMI/]: [EMI] [TMRV] registerRuntime: jei:internal took 0ms
[06May2026 21:15:20.593] [Thread-25/INFO] [toomanyrecipeviewers/]: registerRuntime took 1ms
[06May2026 21:15:20.601] [VoiceChatAuthenticationThread/INFO] [voicechat/]: [voicechat] Trying to validate voice chat connection
[06May2026 21:15:20.602] [VoiceChatPacketProcessingThread/INFO] [voicechat/]: [voicechat] Successfully validated connection of player 91088abe-0167-486b-a79a-7be62a6a7051
[06May2026 21:15:20.607] [VoiceChatPacketProcessingThread/INFO] [voicechat/]: [voicechat] Player Pink_Evil (91088abe-0167-486b-a79a-7be62a6a7051) successfully connected to voice chat
[06May2026 21:15:20.608] [VoiceChatConnectionThread/INFO] [voicechat/]: [voicechat] Server acknowledged connection check
[06May2026 21:15:20.781] [Render thread/INFO] [EMI/]: [EMI] [TMRV] onRuntimeAvailable: gateways:gateways...
[06May2026 21:15:20.781] [Render thread/INFO] [EMI/]: [EMI] [TMRV] onRuntimeAvailable: gateways:gateways took 0ms
[06May2026 21:15:20.781] [Render thread/INFO] [EMI/]: [EMI] [TMRV] onRuntimeAvailable: patchouli:patchouli...
[06May2026 21:15:20.781] [Render thread/INFO] [EMI/]: [EMI] [TMRV] onRuntimeAvailable: patchouli:patchouli took 0ms
[06May2026 21:15:20.781] [Render thread/INFO] [EMI/]: [EMI] [TMRV] onRuntimeAvailable: ultimine_addition:jei_integration...
[06May2026 21:15:20.781] [Render thread/INFO] [EMI/]: [EMI] [TMRV] onRuntimeAvailable: ultimine_addition:jei_integration took 0ms
[06May2026 21:15:20.781] [Render thread/INFO] [EMI/]: [EMI] [TMRV] onRuntimeAvailable: apothic_enchanting:enchantment...
[06May2026 21:15:20.781] [Render thread/INFO] [EMI/]: [EMI] [TMRV] onRuntimeAvailable: apothic_enchanting:enchantment took 0ms
[06May2026 21:15:20.781] [Render thread/INFO] [EMI/]: [EMI] [TMRV] onRuntimeAvailable: polylib:jei_plugin...
[06May2026 21:15:20.781] [Render thread/INFO] [EMI/]: [EMI] [TMRV] onRuntimeAvailable: polylib:jei_plugin took 0ms
[06May2026 21:15:20.781] [Render thread/INFO] [EMI/]: [EMI] [TMRV] onRuntimeAvailable: trashslot:trashslot...
[06May2026 21:15:20.781] [Render thread/INFO] [EMI/]: [EMI] [TMRV] onRuntimeAvailable: trashslot:trashslot took 0ms
[06May2026 21:15:20.781] [Render thread/INFO] [EMI/]: [EMI] [TMRV] onRuntimeAvailable: craftingstation:main...
[06May2026 21:15:20.781] [Render thread/INFO] [EMI/]: [EMI] [TMRV] onRuntimeAvailable: craftingstation:main took 0ms
[06May2026 21:15:20.781] [Render thread/INFO] [EMI/]: [EMI] [TMRV] onRuntimeAvailable: configured:jei_plugin...
[06May2026 21:15:20.781] [Render thread/INFO] [EMI/]: [EMI] [TMRV] onRuntimeAvailable: configured:jei_plugin took 0ms
[06May2026 21:15:20.781] [Render thread/INFO] [EMI/]: [EMI] [TMRV] onRuntimeAvailable: apothic_spawners:spawner...
[06May2026 21:15:20.782] [Render thread/INFO] [EMI/]: [EMI] [TMRV] onRuntimeAvailable: apothic_spawners:spawner took 1ms
[06May2026 21:15:20.782] [Render thread/INFO] [EMI/]: [EMI] [TMRV] onRuntimeAvailable: apotheosis:adventure_module...
[06May2026 21:15:20.782] [Render thread/INFO] [EMI/]: [EMI] [TMRV] onRuntimeAvailable: apotheosis:adventure_module took 0ms
[06May2026 21:15:20.782] [Render thread/INFO] [EMI/]: [EMI] [TMRV] onRuntimeAvailable: ftbxmodcompat:ftbquests_jei...
[06May2026 21:15:20.782] [Render thread/INFO] [EMI/]: [EMI] [TMRV] onRuntimeAvailable: ftbxmodcompat:ftbquests_jei took 0ms
[06May2026 21:15:20.782] [Render thread/INFO] [EMI/]: [EMI] [TMRV] onRuntimeAvailable: jade:main...
[06May2026 21:15:20.782] [Render thread/INFO] [EMI/]: [EMI] [TMRV] onRuntimeAvailable: jade:main took 0ms
[06May2026 21:15:20.782] [Render thread/INFO] [EMI/]: [EMI] [TMRV] onRuntimeAvailable: jei:internal...
[06May2026 21:15:20.782] [Render thread/INFO] [EMI/]: [EMI] [TMRV] onRuntimeAvailable: jei:internal took 0ms
[06May2026 21:15:20.782] [Thread-25/INFO] [toomanyrecipeviewers/]: onRuntimeAvailable took 188ms
[06May2026 21:15:20.782] [Thread-25/INFO] [toomanyrecipeviewers/]: [jei:minecraft] Loaded in 24ms
[06May2026 21:15:20.782] [Thread-25/INFO] [toomanyrecipeviewers/]: [gateways:gateways] Loaded in 8ms
[06May2026 21:15:20.782] [Thread-25/INFO] [toomanyrecipeviewers/]: [patchouli:patchouli] Loaded in 1ms
[06May2026 21:15:20.782] [Thread-25/INFO] [toomanyrecipeviewers/]: [ultimine_addition:jei_integration] Loaded in 12ms
[06May2026 21:15:20.782] [Thread-25/INFO] [toomanyrecipeviewers/]: [apothic_enchanting:enchantment] Loaded in 10ms
[06May2026 21:15:20.782] [Thread-25/INFO] [toomanyrecipeviewers/]: [polylib:jei_plugin] Loaded in 8ms
[06May2026 21:15:20.782] [Thread-25/INFO] [toomanyrecipeviewers/]: [trashslot:trashslot] Loaded in 1ms
[06May2026 21:15:20.782] [Thread-25/INFO] [toomanyrecipeviewers/]: [craftingstation:main] Loaded in 1ms
[06May2026 21:15:20.782] [Thread-25/INFO] [toomanyrecipeviewers/]: [configured:jei_plugin] Loaded in 1ms
[06May2026 21:15:20.782] [Thread-25/INFO] [toomanyrecipeviewers/]: [apothic_spawners:spawner] Loaded in 18ms
[06May2026 21:15:20.782] [Thread-25/INFO] [toomanyrecipeviewers/]: [apotheosis:adventure_module] Loaded in 72ms
[06May2026 21:15:20.782] [Thread-25/INFO] [toomanyrecipeviewers/]: [ftbxmodcompat:ftbquests_jei] Loaded in 9ms
[06May2026 21:15:20.782] [Thread-25/INFO] [toomanyrecipeviewers/]: [jade:main] Loaded in 0ms
[06May2026 21:15:20.782] [Thread-25/INFO] [toomanyrecipeviewers/]: [jei:internal] Loaded in 2ms
[06May2026 21:15:20.782] [Thread-25/INFO] [toomanyrecipeviewers/]: JEI plugins loaded in 413ms
[06May2026 21:15:20.783] [Thread-25/INFO] [EMI/]: [EMI] [TMRV] Locking JEI Ingredient Registry...
[06May2026 21:15:20.788] [Thread-25/INFO] [EMI/]: [EMI] [TMRV] Locking JEI Recipe Registry...
[06May2026 21:15:20.789] [Thread-25/INFO] [EMI/]: [EMI] Reloaded plugin from toomanyrecipeviewers in 559ms
[06May2026 21:15:20.789] [Thread-25/INFO] [EMI/]: [EMI] Baking index
[06May2026 21:15:20.921] [Thread-25/INFO] [EMI/]: [EMI] Registering late recipes
[06May2026 21:15:20.921] [Thread-25/INFO] [EMI/]: [EMI] Baking recipes
[06May2026 21:15:21.020] [Server thread/INFO] [net.minecraft.client.server.IntegratedServer/]: Saving and pausing game...
[06May2026 21:15:21.111] [Server thread/INFO] [net.minecraft.server.MinecraftServer/]: Saving chunks for level 'ServerLevel[no mans land]'/minecraft:overworld
[06May2026 21:15:21.215] [Render thread/WARN] [ModernFix/]: Time from main menu to in-game was 4.979102 seconds
[06May2026 21:15:21.216] [Render thread/WARN] [ModernFix/]: Total time to load game and open world was 32.292103 seconds
[06May2026 21:15:21.330] [Thread-25/INFO] [EMI/]: [EMI] Baked 9615 recipes in 405ms
[06May2026 21:15:21.338] [Thread-25/ERROR] [EMI/]: Exception deserializing stack "emiffect:effect:ultimine_addition:mine_go_juice_pickaxe"
java.lang.NullPointerException: Cannot invoke "dev.emi.emi.api.stack.serializer.EmiIngredientSerializer.deserialize(com.google.gson.JsonElement)" because the return value of "java.util.Map.get(Object)" is null
	at TRANSFORMER/emi@1.1.22+1.21.1+neoforge/dev.emi.emi.registry.EmiIngredientSerializers.deserialize(EmiIngredientSerializers.java:75) ~[emi-1.1.22+1.21.1+neoforge.jar%23308!/:?]
	at TRANSFORMER/emi@1.1.22+1.21.1+neoforge/dev.emi.emi.api.stack.serializer.EmiIngredientSerializer.getDeserialized(EmiIngredientSerializer.java:23) ~[emi-1.1.22+1.21.1+neoforge.jar%23308!/:?]
	at TRANSFORMER/emi@1.1.22+1.21.1+neoforge/dev.emi.emi.runtime.EmiSidebars.load(EmiSidebars.java:98) ~[emi-1.1.22+1.21.1+neoforge.jar%23308!/:?]
	at TRANSFORMER/emi@1.1.22+1.21.1+neoforge/dev.emi.emi.runtime.EmiPersistentData.load(EmiPersistentData.java:41) ~[emi-1.1.22+1.21.1+neoforge.jar%23308!/:?]
	at TRANSFORMER/emi@1.1.22+1.21.1+neoforge/dev.emi.emi.runtime.EmiReloadManager$ReloadWorker.run(EmiReloadManager.java:221) ~[emi-1.1.22+1.21.1+neoforge.jar%23308!/:?]
	at java.base/java.lang.Thread.run(Thread.java:1583) [?:?]
[06May2026 21:15:21.350] [Thread-25/INFO] [EMI/]: [EMI] Baking search
[06May2026 21:15:21.555] [Thread-29/INFO] [EMI/]: [EMI] Baked recipes after reload in 228ms
[06May2026 21:15:21.641] [Server thread/INFO] [net.minecraft.server.MinecraftServer/]: Saving chunks for level 'ServerLevel[no mans land]'/minecraft:the_nether
[06May2026 21:15:21.642] [Server thread/INFO] [net.minecraft.server.MinecraftServer/]: Saving chunks for level 'ServerLevel[no mans land]'/mahoutsukai:reality_marble
[06May2026 21:15:21.643] [Server thread/INFO] [net.minecraft.server.MinecraftServer/]: Saving chunks for level 'ServerLevel[no mans land]'/minecraft:the_end
[06May2026 21:15:23.295] [Thread-25/INFO] [EMI/]: [EMI] Finishing up
[06May2026 21:15:23.308] [Thread-25/INFO] [EMI/]: [EMI] Reloaded EMI in 4146ms
[06May2026 21:30:00.007] [ftbbackups2_Worker-1/INFO] [net.creeperhost.ftbbackups.FTBBackups/]: Attempting to create an automatic backup
[06May2026 21:30:00.008] [ftbbackups2_Worker-1/INFO] [net.creeperhost.ftbbackups.FTBBackups/]: Found world folder at D:\Spiele\minecraft\instances\instances prism Launcher\Blurple modded event stuff\minecraft\saves\no mans land\.
[06May2026 21:30:00.135] [ftbbackups2_Worker-1/INFO] [net.creeperhost.ftbbackups.FTBBackups/]: Last backup size: 28,6MB Current world size: 52,5MB Current Available space: 232,6GB ExpectedSize 34,4MB
[06May2026 21:30:00.137] [ftbbackups2_Worker-1/INFO] [net.creeperhost.ftbbackups.FTBBackups/]: Setting world minecraft:overworld save state to true
[06May2026 21:30:00.137] [ftbbackups2_Worker-1/INFO] [net.creeperhost.ftbbackups.FTBBackups/]: Setting world minecraft:the_nether save state to true
[06May2026 21:30:00.137] [ftbbackups2_Worker-1/INFO] [net.creeperhost.ftbbackups.FTBBackups/]: Setting world mahoutsukai:reality_marble save state to true
[06May2026 21:30:00.137] [ftbbackups2_Worker-1/INFO] [net.creeperhost.ftbbackups.FTBBackups/]: Setting world minecraft:the_end save state to true
[06May2026 21:30:00.141] [ftbbackups2_Worker-1/INFO] [net.creeperhost.ftbbackups.FTBBackups/]: Writing to file D:\Spiele\minecraft\instances\instances prism Launcher\Blurple modded event stuff\minecraft\backups\backups.json
[06May2026 21:30:00.155] [FTB Backups backup thread 0/INFO] [net.creeperhost.ftbbackups.FTBBackups/]: Waiting for world save to complete.
[06May2026 21:30:00.192] [Render thread/INFO] [net.minecraft.client.gui.components.ChatComponent/]: [CHAT] Starting Server backup
[06May2026 21:30:00.260] [FTB Backups backup thread 0/INFO] [net.creeperhost.levelio.loader.SaveInfo/]: Detected MC Version 1.21.1, Data version 3955
[06May2026 21:30:00.260] [FTB Backups backup thread 0/INFO] [net.creeperhost.levelio.loader.SaveInfo/]: Save Name: no mans land
[06May2026 21:30:00.416] [FTB Backups backup thread 0/WARN] [net.creeperhost.levelio.data.Level/]: Did not find a region folder for level: D:\Spiele\minecraft\instances\instances prism Launcher\Blurple modded event stuff\minecraft\saves\no mans land\.\DIM-1
[06May2026 21:30:00.416] [FTB Backups backup thread 0/WARN] [net.creeperhost.levelio.data.Level/]: Did not find a region folder for level: D:\Spiele\minecraft\instances\instances prism Launcher\Blurple modded event stuff\minecraft\saves\no mans land\.\DIM1
[06May2026 21:30:00.417] [FTB Backups backup thread 0/WARN] [net.creeperhost.levelio.loader.LevelLoader/]: Found possible mod dimension with no region folder mahoutsukai:reality_marble
[06May2026 21:30:01.972] [FTB Backups backup thread 0/INFO] [net.creeperhost.ftbbackups.FTBBackups/]: Backup preview created, Scan took 411ms, Capture took 1316ms
[06May2026 21:30:03.395] [FTB Backups backup thread 0/INFO] [net.creeperhost.ftbbackups.FTBBackups/]: Setting world minecraft:overworld save state to false
[06May2026 21:30:03.395] [FTB Backups backup thread 0/INFO] [net.creeperhost.ftbbackups.FTBBackups/]: Setting world minecraft:the_nether save state to false
[06May2026 21:30:03.395] [FTB Backups backup thread 0/INFO] [net.creeperhost.ftbbackups.FTBBackups/]: Setting world mahoutsukai:reality_marble save state to false
[06May2026 21:30:03.395] [FTB Backups backup thread 0/INFO] [net.creeperhost.ftbbackups.FTBBackups/]: Setting world minecraft:the_end save state to false
[06May2026 21:30:03.401] [Render thread/INFO] [net.minecraft.client.gui.components.ChatComponent/]: [CHAT] Backup finished in 0m, 3s, 258ms
[06May2026 21:30:03.455] [FTB Backups backup thread 0/INFO] [net.creeperhost.ftbbackups.FTBBackups/]: Backup size 34,4MB World Size 52,5MB
[06May2026 21:30:03.457] [FTB Backups backup thread 0/INFO] [net.creeperhost.ftbbackups.FTBBackups/]: Writing to file D:\Spiele\minecraft\instances\instances prism Launcher\Blurple modded event stuff\minecraft\backups\backups.json
[06May2026 21:30:03.462] [FTB Backups backup thread 0/INFO] [net.creeperhost.ftbbackups.FTBBackups/]: New backup created at D:\Spiele\minecraft\instances\instances prism Launcher\Blurple modded event stuff\minecraft\backups\2026-5-6_21-30-0.zip size: 34,4MB Took: 0m, 3s, 258ms Sha1: 37a622f914599d2f57b553a90d04eff8d4e77631
[06May2026 21:30:30.142] [FTB Backups scheduled executor 0/INFO] [net.creeperhost.ftbbackups.FTBBackups/]: More backups than 5 found, Removing oldest backup
[06May2026 21:30:30.143] [FTB Backups scheduled executor 0/INFO] [net.creeperhost.ftbbackups.FTBBackups/]: Removed old backup 2026-5-5_19-30-0.zip
[06May2026 21:30:30.143] [FTB Backups scheduled executor 0/INFO] [net.creeperhost.ftbbackups.FTBBackups/]: File missing, removing from backups D:\Spiele\minecraft\instances\instances prism Launcher\Blurple modded event stuff\minecraft\backups\2026-5-5_19-30-0.zip
[06May2026 21:30:30.144] [FTB Backups scheduled executor 0/INFO] [net.creeperhost.ftbbackups.FTBBackups/]: Writing to file D:\Spiele\minecraft\instances\instances prism Launcher\Blurple modded event stuff\minecraft\backups\backups.json
[06May2026 22:00:00.000] [ftbbackups2_Worker-1/INFO] [net.creeperhost.ftbbackups.FTBBackups/]: Attempting to create an automatic backup
[06May2026 22:00:00.000] [ftbbackups2_Worker-1/INFO] [net.creeperhost.ftbbackups.FTBBackups/]: Found world folder at D:\Spiele\minecraft\instances\instances prism Launcher\Blurple modded event stuff\minecraft\saves\no mans land\.
[06May2026 22:00:00.051] [ftbbackups2_Worker-1/INFO] [net.creeperhost.ftbbackups.FTBBackups/]: Last backup size: 34,4MB Current world size: 52,5MB Current Available space: 232,7GB ExpectedSize 36,1MB
[06May2026 22:00:00.051] [ftbbackups2_Worker-1/INFO] [net.creeperhost.ftbbackups.FTBBackups/]: Setting world minecraft:overworld save state to true
[06May2026 22:00:00.051] [ftbbackups2_Worker-1/INFO] [net.creeperhost.ftbbackups.FTBBackups/]: Setting world minecraft:the_nether save state to true
[06May2026 22:00:00.051] [ftbbackups2_Worker-1/INFO] [net.creeperhost.ftbbackups.FTBBackups/]: Setting world mahoutsukai:reality_marble save state to true
[06May2026 22:00:00.051] [ftbbackups2_Worker-1/INFO] [net.creeperhost.ftbbackups.FTBBackups/]: Setting world minecraft:the_end save state to true
[06May2026 22:00:00.052] [ftbbackups2_Worker-1/INFO] [net.creeperhost.ftbbackups.FTBBackups/]: Writing to file D:\Spiele\minecraft\instances\instances prism Launcher\Blurple modded event stuff\minecraft\backups\backups.json
[06May2026 22:00:00.054] [FTB Backups backup thread 0/INFO] [net.creeperhost.ftbbackups.FTBBackups/]: Waiting for world save to complete.
[06May2026 22:00:00.088] [Render thread/INFO] [net.minecraft.client.gui.components.ChatComponent/]: [CHAT] Starting Server backup
[06May2026 22:00:00.133] [FTB Backups backup thread 0/INFO] [net.creeperhost.levelio.loader.SaveInfo/]: Detected MC Version 1.21.1, Data version 3955
[06May2026 22:00:00.133] [FTB Backups backup thread 0/INFO] [net.creeperhost.levelio.loader.SaveInfo/]: Save Name: no mans land
[06May2026 22:00:00.288] [FTB Backups backup thread 0/WARN] [net.creeperhost.levelio.data.Level/]: Did not find a region folder for level: D:\Spiele\minecraft\instances\instances prism Launcher\Blurple modded event stuff\minecraft\saves\no mans land\.\DIM-1
[06May2026 22:00:00.288] [FTB Backups backup thread 0/WARN] [net.creeperhost.levelio.data.Level/]: Did not find a region folder for level: D:\Spiele\minecraft\instances\instances prism Launcher\Blurple modded event stuff\minecraft\saves\no mans land\.\DIM1
[06May2026 22:00:00.289] [FTB Backups backup thread 0/WARN] [net.creeperhost.levelio.loader.LevelLoader/]: Found possible mod dimension with no region folder mahoutsukai:reality_marble
[06May2026 22:00:01.571] [FTB Backups backup thread 0/INFO] [net.creeperhost.ftbbackups.FTBBackups/]: Backup preview created, Scan took 240ms, Capture took 1207ms
[06May2026 22:00:03.348] [FTB Backups backup thread 0/INFO] [net.creeperhost.ftbbackups.FTBBackups/]: Setting world minecraft:overworld save state to false
[06May2026 22:00:03.349] [FTB Backups backup thread 0/INFO] [net.creeperhost.ftbbackups.FTBBackups/]: Setting world minecraft:the_nether save state to false
[06May2026 22:00:03.349] [FTB Backups backup thread 0/INFO] [net.creeperhost.ftbbackups.FTBBackups/]: Setting world mahoutsukai:reality_marble save state to false
[06May2026 22:00:03.349] [FTB Backups backup thread 0/INFO] [net.creeperhost.ftbbackups.FTBBackups/]: Setting world minecraft:the_end save state to false
[06May2026 22:00:03.355] [Render thread/INFO] [net.minecraft.client.gui.components.ChatComponent/]: [CHAT] Backup finished in 0m, 3s, 297ms
[06May2026 22:00:03.394] [FTB Backups backup thread 0/INFO] [net.creeperhost.ftbbackups.FTBBackups/]: Backup size 34,4MB World Size 52,5MB
[06May2026 22:00:03.396] [FTB Backups backup thread 0/INFO] [net.creeperhost.ftbbackups.FTBBackups/]: Writing to file D:\Spiele\minecraft\instances\instances prism Launcher\Blurple modded event stuff\minecraft\backups\backups.json
[06May2026 22:00:03.398] [FTB Backups backup thread 0/INFO] [net.creeperhost.ftbbackups.FTBBackups/]: New backup created at D:\Spiele\minecraft\instances\instances prism Launcher\Blurple modded event stuff\minecraft\backups\2026-5-6_22-0-0.zip size: 34,4MB Took: 0m, 3s, 297ms Sha1: e9074cb20c511209eea9b8bef7c0cf48ea72448c
[06May2026 22:00:30.142] [FTB Backups scheduled executor 0/INFO] [net.creeperhost.ftbbackups.FTBBackups/]: More backups than 5 found, Removing oldest backup
[06May2026 22:00:30.142] [FTB Backups scheduled executor 0/INFO] [net.creeperhost.ftbbackups.FTBBackups/]: Removed old backup 2026-5-5_20-0-0.zip
[06May2026 22:00:30.143] [FTB Backups scheduled executor 0/INFO] [net.creeperhost.ftbbackups.FTBBackups/]: File missing, removing from backups D:\Spiele\minecraft\instances\instances prism Launcher\Blurple modded event stuff\minecraft\backups\2026-5-5_20-0-0.zip
[06May2026 22:00:30.143] [FTB Backups scheduled executor 0/INFO] [net.creeperhost.ftbbackups.FTBBackups/]: Writing to file D:\Spiele\minecraft\instances\instances prism Launcher\Blurple modded event stuff\minecraft\backups\backups.json
[06May2026 22:11:41.022] [Server thread/INFO] [net.minecraft.client.server.IntegratedServer/]: Saving and pausing game...
[06May2026 22:11:41.032] [Server thread/INFO] [net.minecraft.server.MinecraftServer/]: Saving chunks for level 'ServerLevel[no mans land]'/minecraft:overworld
[06May2026 22:11:41.043] [Server thread/INFO] [net.minecraft.server.MinecraftServer/]: Saving chunks for level 'ServerLevel[no mans land]'/minecraft:the_nether
[06May2026 22:11:41.044] [Server thread/INFO] [net.minecraft.server.MinecraftServer/]: Saving chunks for level 'ServerLevel[no mans land]'/mahoutsukai:reality_marble
[06May2026 22:11:41.044] [Server thread/INFO] [net.minecraft.server.MinecraftServer/]: Saving chunks for level 'ServerLevel[no mans land]'/minecraft:the_end
