[05May2026 00:44:00.761] [main/DEBUG] [mixin/]: Mixing StringRepresentableMixin from kubejs.mixins.json into net.minecraft.util.StringRepresentable
[05May2026 00:44:00.788] [main/DEBUG] [mixin/]: Mixing perf.tag_id_caching.TagOrElementLocationMixin from modernfix-modernfix.mixins.json into net.minecraft.util.ExtraCodecs$TagOrElementLocation
[05May2026 00:44:00.790] [main/WARN] [mixin/]: Static binding violation: PRIVATE @Overwrite method decoratedId in modernfix-modernfix.mixins.json:perf.tag_id_caching.TagOrElementLocationMixin from mod modernfix cannot reduce visibiliy of PUBLIC target method, visibility will be upgraded.
[05May2026 00:44:00.811] [main/DEBUG] [io.netty.util.internal.logging.InternalLoggerFactory/]: Using SLF4J as the default logging framework
[05May2026 00:44:00.812] [main/DEBUG] [io.netty.util.ResourceLeakDetector/]: -Dio.netty.leakDetection.level: simple
[05May2026 00:44:00.812] [main/DEBUG] [io.netty.util.ResourceLeakDetector/]: -Dio.netty.leakDetection.targetRecords: 4
[05May2026 00:44:00.827] [main/DEBUG] [mixin/]: Mixing NbtAccounterMixin from connectivity.mixins.json into net.minecraft.nbt.NbtAccounter
[05May2026 00:44:00.830] [main/DEBUG] [mixin/]: Mixing CompoundTagMixin from kubejs.mixins.json into net.minecraft.nbt.CompoundTag
[05May2026 00:44:00.847] [main/DEBUG] [mixin/]: Mixing MutableComponentMixin from kubejs.mixins.json into net.minecraft.network.chat.MutableComponent
[05May2026 00:44:00.852] [main/DEBUG] [mixin/]: Mixing ResourceLocationMixin from ftblibrary-common.mixins.json into net.minecraft.resources.ResourceLocation
[05May2026 00:44:00.852] [main/DEBUG] [mixin/]: ftblibrary-common.mixins.json:ResourceLocationMixin from mod ftblibrary: Class version 65 required is higher than the class version supported by the current version of Mixin (JAVA_8 supports class version 52)
[05May2026 00:44:00.852] [main/DEBUG] [mixin/]: Mixing ResourceLocationMixin from kubejs.mixins.json into net.minecraft.resources.ResourceLocation
[05May2026 00:44:00.856] [main/DEBUG] [mixin/]: Mixing ResourceLocationExceptionMixin from connectivity.mixins.json into net.minecraft.ResourceLocationException
[05May2026 00:44:00.858] [main/DEBUG] [mixin/]: connectivity.mixins.json:ResourceLocationExceptionMixin from mod connectivity->@Inject::onException(Ljava/lang/String;Lorg/spongepowered/asm/mixin/injection/callback/CallbackInfo;)V doesn't use it's CallbackInfo
[05May2026 00:44:00.858] [main/DEBUG] [mixin/]: connectivity.mixins.json:ResourceLocationExceptionMixin from mod connectivity->@Inject::onException(Ljava/lang/String;Lorg/spongepowered/asm/mixin/injection/callback/CallbackInfo;)V has 0 override(s) in child classes
[05May2026 00:44:00.858] [main/DEBUG] [mixin/]: connectivity.mixins.json:ResourceLocationExceptionMixin from mod connectivity->@Inject::onException(Ljava/lang/String;Lorg/spongepowered/asm/mixin/injection/callback/CallbackInfo;)V won't be passed a CallbackInfo as a result
[05May2026 00:44:00.867] [main/DEBUG] [mixin/]: Mixing perf.dynamic_dfu.DataFixTypesMixin from modernfix-modernfix.mixins.json into net.minecraft.util.datafix.DataFixTypes
[05May2026 00:44:00.868] [main/DEBUG] [mixin/]: modernfix-modernfix.mixins.json:perf.dynamic_dfu.DataFixTypesMixin from mod modernfix->@Inject::kickOnUpdate(Lcom/mojang/datafixers/DataFixer;Lcom/mojang/serialization/Dynamic;IILorg/spongepowered/asm/mixin/injection/callback/CallbackInfoReturnable;)V doesn't use it's CallbackInfoReturnable
[05May2026 00:44:00.873] [main/DEBUG] [mixin/]: Mixing perf.dynamic_dfu.DataFixersMixin from modernfix-modernfix.mixins.json into net.minecraft.util.datafix.DataFixers
[05May2026 00:44:01.069] [main/DEBUG] [mixin/]: Mixing perf.compact_mojang_registries.BlockStateDataMixin from modernfix-modernfix.mixins.json into net.minecraft.util.datafix.fixes.BlockStateData
[05May2026 00:44:01.078] [main/DEBUG] [mixin/]: modernfix-modernfix.mixins.json:perf.compact_mojang_registries.BlockStateDataMixin from mod modernfix->@Inject::clearInterner(Lorg/spongepowered/asm/mixin/injection/callback/CallbackInfo;)V doesn't use it's CallbackInfo
[05May2026 00:44:01.102] [main/DEBUG] [mixin/]: Mixing StringTagMixin from kubejs.mixins.json into net.minecraft.nbt.StringTag
[05May2026 00:44:01.208] [main/DEBUG] [mixin/]: Mixing MixinV1460 from curios.neoforge.mixins.json into net.minecraft.util.datafix.schemas.V1460
[05May2026 00:44:01.209] [main/DEBUG] [mixin/]: curios.neoforge.mixins.json:MixinV1460 from mod curios->@Inject::captureSchema(Lcom/mojang/datafixers/schemas/Schema;Ljava/util/Map;Ljava/util/Map;Lorg/spongepowered/asm/mixin/injection/callback/CallbackInfo;)V doesn't use it's CallbackInfo
[05May2026 00:44:01.211] [main/DEBUG] [mixin/]: curios.neoforge.mixins.json:MixinV1460 from mod curios->@Inject::captureSchema(Lcom/mojang/datafixers/schemas/Schema;Ljava/util/Map;Ljava/util/Map;Lorg/spongepowered/asm/mixin/injection/callback/CallbackInfo;)V has 0 override(s) in child classes
[05May2026 00:44:01.211] [main/DEBUG] [mixin/]: curios.neoforge.mixins.json:MixinV1460 from mod curios->@Inject::captureSchema(Lcom/mojang/datafixers/schemas/Schema;Ljava/util/Map;Ljava/util/Map;Lorg/spongepowered/asm/mixin/injection/callback/CallbackInfo;)V won't be passed a CallbackInfo as a result
[05May2026 00:44:01.225] [main/DEBUG] [mixin/]: Mixing common.LivingEntityMixin from geckolib.mixins.json into net.minecraft.world.entity.LivingEntity
[05May2026 00:44:01.226] [main/DEBUG] [mixin/]: geckolib.mixins.json:common.LivingEntityMixin from mod geckolib: Class version 65 required is higher than the class version supported by the current version of Mixin (JAVA_17 supports class version 61)
[05May2026 00:44:01.228] [main/DEBUG] [mixin/]: Mixing MixinLivingEntity from caelus.mixins.json into net.minecraft.world.entity.LivingEntity
[05May2026 00:44:01.228] [main/DEBUG] [mixin/]: caelus.mixins.json:MixinLivingEntity from mod caelus: Class version 65 required is higher than the class version supported by the current version of Mixin (JAVA_17 supports class version 61)
[05May2026 00:44:01.229] [main/DEBUG] [mixin/]: Mixing ability.LivingEntityMixin from mixins.artifacts.common.json into net.minecraft.world.entity.LivingEntity
[05May2026 00:44:01.232] [main/DEBUG] [mixin/]: Mixing ability.deathprotectionteleport.LivingEntityMixin from mixins.artifacts.common.json into net.minecraft.world.entity.LivingEntity
[05May2026 00:44:01.239] [main/DEBUG] [mixin/]: Mixing ability.hurtsound.LivingEntityMixin from mixins.artifacts.common.json into net.minecraft.world.entity.LivingEntity
[05May2026 00:44:01.239] [main/DEBUG] [mixin/]: Mixing accessors.LivingEntityAccessor from mixins.artifacts.common.json into net.minecraft.world.entity.LivingEntity
[05May2026 00:44:01.239] [main/DEBUG] [mixin/]: Mixing attribute.LivingEntityMixin from mixins.artifacts.common.json into net.minecraft.world.entity.LivingEntity
[05May2026 00:44:01.240] [main/DEBUG] [mixin/]: Mixing attribute.invincibilityticks.LivingEntityMixin from mixins.artifacts.common.json into net.minecraft.world.entity.LivingEntity
[05May2026 00:44:01.240] [main/DEBUG] [mixin/]: Mixing ability.hurtsound.client.LivingEntityMixin from mixins.artifacts.common.json into net.minecraft.world.entity.LivingEntity
[05May2026 00:44:01.240] [main/DEBUG] [mixin/]: Mixing item.pocketpiston.client.LivingEntityMixin from mixins.artifacts.common.json into net.minecraft.world.entity.LivingEntity
[05May2026 00:44:01.242] [main/DEBUG] [mixin/]: Mixing ability.slipresistance.LivingEntityMixin from mixins.artifacts.neoforge.json into net.minecraft.world.entity.LivingEntity
[05May2026 00:44:01.243] [main/DEBUG] [mixin/]: Mixing LivingEntityMixin from reliquified_artifacts.mixins.json into net.minecraft.world.entity.LivingEntity
[05May2026 00:44:01.243] [main/DEBUG] [mixin/]: reliquified_artifacts.mixins.json:LivingEntityMixin from mod reliquified_artifacts: Class version 65 required is higher than the class version supported by the current version of Mixin (JAVA_8 supports class version 52)
[05May2026 00:44:01.243] [main/DEBUG] [mixin/]: Mixing LivingEntityMixin from relics.mixins.json into net.minecraft.world.entity.LivingEntity
[05May2026 00:44:01.245] [main/DEBUG] [mixin/]: Renaming synthetic method lambda$removeAirDrag$1(Lnet/minecraft/world/entity/LivingEntity;Lnet/minecraft/world/item/ItemStack;)D to md9b8020$relics$lambda$removeAirDrag$1$0 in relics.mixins.json:LivingEntityMixin from mod relics
[05May2026 00:44:01.245] [main/DEBUG] [mixin/]: Renaming synthetic method lambda$removeAirDrag$0(Lnet/minecraft/world/entity/LivingEntity;Lnet/minecraft/world/item/ItemStack;)Z to md9b8020$relics$lambda$removeAirDrag$0$1 in relics.mixins.json:LivingEntityMixin from mod relics
[05May2026 00:44:01.254] [main/DEBUG] [mixin/]: Mixing LivingEntityMixin from dummmmmmy-common.mixins.json into net.minecraft.world.entity.LivingEntity
[05May2026 00:44:01.256] [main/DEBUG] [mixin/]: dummmmmmy-common.mixins.json:LivingEntityMixin from mod dummmmmmy: Class version 65 required is higher than the class version supported by the current version of Mixin (JAVA_17 supports class version 61)
[05May2026 00:44:01.258] [main/DEBUG] [mixin/]: Mixing LivingEntityMixin from kubejs.mixins.json into net.minecraft.world.entity.LivingEntity
[05May2026 00:44:01.259] [main/DEBUG] [mixin/]: Mixing LivingEntityMixin from tenshilib.mixins.json into net.minecraft.world.entity.LivingEntity
[05May2026 00:44:01.259] [main/DEBUG] [mixin/]: tenshilib.mixins.json:LivingEntityMixin from mod tenshilib: Class version 65 required is higher than the class version supported by the current version of Mixin (JAVA_16 supports class version 60)
[05May2026 00:44:01.260] [main/DEBUG] [mixin/]: Mixing dual.LivingEntityMixin from tenshilib.mixins.json into net.minecraft.world.entity.LivingEntity
[05May2026 00:44:01.262] [main/DEBUG] [mixin/]: tenshilib.mixins.json:dual.LivingEntityMixin from mod tenshilib: Class version 65 required is higher than the class version supported by the current version of Mixin (JAVA_16 supports class version 60)
[05May2026 00:44:01.262] [main/DEBUG] [mixin/]: Renaming synthetic method lambda$swingHook$0(Lnet/minecraft/world/InteractionHand;)V to md9b8020$tenshilib$lambda$swingHook$0$2 in tenshilib.mixins.json:dual.LivingEntityMixin from mod tenshilib
[05May2026 00:44:01.263] [main/DEBUG] [mixin/]: Mixing LivingEntityMixin from apothic_attributes.mixins.json into net.minecraft.world.entity.LivingEntity
[05May2026 00:44:01.265] [main/DEBUG] [mixin/]: Mixing MixinLivingEntity from curios.neoforge.mixins.json into net.minecraft.world.entity.LivingEntity
[05May2026 00:44:01.265] [main/DEBUG] [mixin/]: Mixing LivingEntityInvoker from apotheosis.mixins.json into net.minecraft.world.entity.LivingEntity
[05May2026 00:44:01.266] [main/DEBUG] [mixin/]: Mixing LivingEntityMixin from apotheosis.mixins.json into net.minecraft.world.entity.LivingEntity
[05May2026 00:44:01.266] [main/DEBUG] [mixin/]: Mixing MHFMixinLivingEntity from apotheosis.mixins.json into net.minecraft.world.entity.LivingEntity
[05May2026 00:44:01.266] [main/DEBUG] [mixin/]: Mixing LivingEntityMixin from improvedmobs.mixins.json into net.minecraft.world.entity.LivingEntity
[05May2026 00:44:01.266] [main/DEBUG] [mixin/]: Mixing swimming.LivingEntityMixin from expandability-common.mixins.json into net.minecraft.world.entity.LivingEntity
[05May2026 00:44:01.266] [main/DEBUG] [mixin/]: expandability-common.mixins.json:swimming.LivingEntityMixin from mod expandability: Class version 65 required is higher than the class version supported by the current version of Mixin (JAVA_17 supports class version 61)
[05May2026 00:44:01.268] [main/DEBUG] [mixin/]: Mixing swimming.LivingEntityMixin from expandability.mixins.json into net.minecraft.world.entity.LivingEntity
[05May2026 00:44:01.268] [main/DEBUG] [mixin/]: expandability.mixins.json:swimming.LivingEntityMixin from mod expandability: Class version 65 required is higher than the class version supported by the current version of Mixin (JAVA_17 supports class version 61)
[05May2026 00:44:01.309] [main/DEBUG] [mixin/]: mixins.artifacts.common.json:ability.LivingEntityMixin from mod artifacts->@Inject::handleEquipmentChanges(Ljava/util/Map;Lorg/spongepowered/asm/mixin/injection/callback/CallbackInfo;)V doesn't use it's CallbackInfo
[05May2026 00:44:01.309] [main/DEBUG] [mixin/]: mixins.artifacts.common.json:ability.LivingEntityMixin from mod artifacts->@Inject::handleEquipmentChanges(Ljava/util/Map;Lorg/spongepowered/asm/mixin/injection/callback/CallbackInfo;)V has 0 override(s) in child classes
[05May2026 00:44:01.309] [main/DEBUG] [mixin/]: mixins.artifacts.common.json:ability.LivingEntityMixin from mod artifacts->@Inject::handleEquipmentChanges(Ljava/util/Map;Lorg/spongepowered/asm/mixin/injection/callback/CallbackInfo;)V won't be passed a CallbackInfo as a result
[05May2026 00:44:01.309] [main/DEBUG] [mixin/]: mixins.artifacts.common.json:ability.deathprotectionteleport.LivingEntityMixin from mod artifacts->@Inject::checkTotemDeathProtection(Lnet/minecraft/world/damagesource/DamageSource;Lorg/spongepowered/asm/mixin/injection/callback/CallbackInfoReturnable;)V does use it's CallbackInfoReturnable
[05May2026 00:44:01.309] [main/DEBUG] [mixin/]: mixins.artifacts.common.json:ability.hurtsound.LivingEntityMixin from mod artifacts->@Inject::onServerPlayHurtSound(Lorg/spongepowered/asm/mixin/injection/callback/CallbackInfo;)V doesn't use it's CallbackInfo
[05May2026 00:44:01.309] [main/DEBUG] [mixin/]: mixins.artifacts.common.json:ability.hurtsound.LivingEntityMixin from mod artifacts->@Inject::onServerPlayHurtSound(Lorg/spongepowered/asm/mixin/injection/callback/CallbackInfo;)V has 0 override(s) in child classes
[05May2026 00:44:01.309] [main/DEBUG] [mixin/]: mixins.artifacts.common.json:ability.hurtsound.LivingEntityMixin from mod artifacts->@Inject::onServerPlayHurtSound(Lorg/spongepowered/asm/mixin/injection/callback/CallbackInfo;)V won't be passed a CallbackInfo as a result
[05May2026 00:44:01.309] [main/DEBUG] [mixin/]: mixins.artifacts.common.json:attribute.invincibilityticks.LivingEntityMixin from mod artifacts->@Inject::hurt(Lnet/minecraft/world/damagesource/DamageSource;FLorg/spongepowered/asm/mixin/injection/callback/CallbackInfoReturnable;)V doesn't use it's CallbackInfoReturnable
[05May2026 00:44:01.309] [main/DEBUG] [mixin/]: mixins.artifacts.common.json:attribute.invincibilityticks.LivingEntityMixin from mod artifacts->@Inject::hurt(Lnet/minecraft/world/damagesource/DamageSource;FLorg/spongepowered/asm/mixin/injection/callback/CallbackInfoReturnable;)V has 0 override(s) in child classes
[05May2026 00:44:01.309] [main/DEBUG] [mixin/]: mixins.artifacts.common.json:attribute.invincibilityticks.LivingEntityMixin from mod artifacts->@Inject::hurt(Lnet/minecraft/world/damagesource/DamageSource;FLorg/spongepowered/asm/mixin/injection/callback/CallbackInfoReturnable;)V won't be passed a CallbackInfoReturnable as a result
[05May2026 00:44:01.309] [main/DEBUG] [mixin/]: mixins.artifacts.common.json:attribute.invincibilityticks.LivingEntityMixin from mod artifacts->@Inject::handleDamageEvent(Lnet/minecraft/world/damagesource/DamageSource;Lorg/spongepowered/asm/mixin/injection/callback/CallbackInfo;)V doesn't use it's CallbackInfo
[05May2026 00:44:01.309] [main/DEBUG] [mixin/]: mixins.artifacts.common.json:attribute.invincibilityticks.LivingEntityMixin from mod artifacts->@Inject::handleDamageEvent(Lnet/minecraft/world/damagesource/DamageSource;Lorg/spongepowered/asm/mixin/injection/callback/CallbackInfo;)V has 0 override(s) in child classes
[05May2026 00:44:01.309] [main/DEBUG] [mixin/]: mixins.artifacts.common.json:attribute.invincibilityticks.LivingEntityMixin from mod artifacts->@Inject::handleDamageEvent(Lnet/minecraft/world/damagesource/DamageSource;Lorg/spongepowered/asm/mixin/injection/callback/CallbackInfo;)V won't be passed a CallbackInfo as a result
[05May2026 00:44:01.309] [main/DEBUG] [mixin/]: mixins.artifacts.common.json:ability.hurtsound.client.LivingEntityMixin from mod artifacts->@Inject::onClientPlayHurtSound(Lnet/minecraft/world/damagesource/DamageSource;Lorg/spongepowered/asm/mixin/injection/callback/CallbackInfo;)V doesn't use it's CallbackInfo
[05May2026 00:44:01.309] [main/DEBUG] [mixin/]: mixins.artifacts.common.json:ability.hurtsound.client.LivingEntityMixin from mod artifacts->@Inject::onClientPlayHurtSound(Lnet/minecraft/world/damagesource/DamageSource;Lorg/spongepowered/asm/mixin/injection/callback/CallbackInfo;)V has 0 override(s) in child classes
[05May2026 00:44:01.309] [main/DEBUG] [mixin/]: mixins.artifacts.common.json:ability.hurtsound.client.LivingEntityMixin from mod artifacts->@Inject::onClientPlayHurtSound(Lnet/minecraft/world/damagesource/DamageSource;Lorg/spongepowered/asm/mixin/injection/callback/CallbackInfo;)V won't be passed a CallbackInfo as a result
[05May2026 00:44:01.309] [main/DEBUG] [mixin/]: mixins.artifacts.common.json:item.pocketpiston.client.LivingEntityMixin from mod artifacts->@Inject::updatePocketPistonLength(Lorg/spongepowered/asm/mixin/injection/callback/CallbackInfo;)V doesn't use it's CallbackInfo
[05May2026 00:44:01.309] [main/DEBUG] [mixin/]: mixins.artifacts.common.json:item.pocketpiston.client.LivingEntityMixin from mod artifacts->@Inject::updatePocketPistonLength(Lorg/spongepowered/asm/mixin/injection/callback/CallbackInfo;)V has 0 override(s) in child classes
[05May2026 00:44:01.309] [main/DEBUG] [mixin/]: mixins.artifacts.common.json:item.pocketpiston.client.LivingEntityMixin from mod artifacts->@Inject::updatePocketPistonLength(Lorg/spongepowered/asm/mixin/injection/callback/CallbackInfo;)V won't be passed a CallbackInfo as a result
[05May2026 00:44:01.309] [main/DEBUG] [mixin/]: relics.mixins.json:LivingEntityMixin from mod relics->@Inject::onJumpFromGround(Lorg/spongepowered/asm/mixin/injection/callback/CallbackInfo;)V doesn't use it's CallbackInfo
[05May2026 00:44:01.309] [main/DEBUG] [mixin/]: relics.mixins.json:LivingEntityMixin from mod relics->@Inject::onJumpFromGround(Lorg/spongepowered/asm/mixin/injection/callback/CallbackInfo;)V has 0 override(s) in child classes
[05May2026 00:44:01.309] [main/DEBUG] [mixin/]: relics.mixins.json:LivingEntityMixin from mod relics->@Inject::onJumpFromGround(Lorg/spongepowered/asm/mixin/injection/callback/CallbackInfo;)V won't be passed a CallbackInfo as a result
[05May2026 00:44:01.309] [main/DEBUG] [mixin/]: relics.mixins.json:LivingEntityMixin from mod relics->@Inject::onEffectAdded(Lnet/minecraft/world/effect/MobEffectInstance;Lnet/minecraft/world/entity/Entity;Lorg/spongepowered/asm/mixin/injection/callback/CallbackInfo;)V doesn't use it's CallbackInfo
[05May2026 00:44:01.309] [main/DEBUG] [mixin/]: relics.mixins.json:LivingEntityMixin from mod relics->@Inject::onEffectAdded(Lnet/minecraft/world/effect/MobEffectInstance;Lnet/minecraft/world/entity/Entity;Lorg/spongepowered/asm/mixin/injection/callback/CallbackInfo;)V has 0 override(s) in child classes
[05May2026 00:44:01.309] [main/DEBUG] [mixin/]: relics.mixins.json:LivingEntityMixin from mod relics->@Inject::onEffectAdded(Lnet/minecraft/world/effect/MobEffectInstance;Lnet/minecraft/world/entity/Entity;Lorg/spongepowered/asm/mixin/injection/callback/CallbackInfo;)V won't be passed a CallbackInfo as a result
[05May2026 00:44:01.309] [main/DEBUG] [mixin/]: relics.mixins.json:LivingEntityMixin from mod relics->@Inject::onEffectUpdated(Lnet/minecraft/world/effect/MobEffectInstance;ZLnet/minecraft/world/entity/Entity;Lorg/spongepowered/asm/mixin/injection/callback/CallbackInfo;)V doesn't use it's CallbackInfo
[05May2026 00:44:01.309] [main/DEBUG] [mixin/]: relics.mixins.json:LivingEntityMixin from mod relics->@Inject::onEffectUpdated(Lnet/minecraft/world/effect/MobEffectInstance;ZLnet/minecraft/world/entity/Entity;Lorg/spongepowered/asm/mixin/injection/callback/CallbackInfo;)V has 0 override(s) in child classes
[05May2026 00:44:01.309] [main/DEBUG] [mixin/]: relics.mixins.json:LivingEntityMixin from mod relics->@Inject::onEffectUpdated(Lnet/minecraft/world/effect/MobEffectInstance;ZLnet/minecraft/world/entity/Entity;Lorg/spongepowered/asm/mixin/injection/callback/CallbackInfo;)V won't be passed a CallbackInfo as a result
[05May2026 00:44:01.309] [main/DEBUG] [mixin/]: relics.mixins.json:LivingEntityMixin from mod relics->@Inject::onEffectRemoved(Lnet/minecraft/world/effect/MobEffectInstance;Lorg/spongepowered/asm/mixin/injection/callback/CallbackInfo;)V doesn't use it's CallbackInfo
[05May2026 00:44:01.309] [main/DEBUG] [mixin/]: relics.mixins.json:LivingEntityMixin from mod relics->@Inject::onEffectRemoved(Lnet/minecraft/world/effect/MobEffectInstance;Lorg/spongepowered/asm/mixin/injection/callback/CallbackInfo;)V has 0 override(s) in child classes
[05May2026 00:44:01.309] [main/DEBUG] [mixin/]: relics.mixins.json:LivingEntityMixin from mod relics->@Inject::onEffectRemoved(Lnet/minecraft/world/effect/MobEffectInstance;Lorg/spongepowered/asm/mixin/injection/callback/CallbackInfo;)V won't be passed a CallbackInfo as a result
[05May2026 00:44:01.309] [main/DEBUG] [mixin/]: relics.mixins.json:LivingEntityMixin from mod relics->@Inject::canBeSeenByAnyone(Lorg/spongepowered/asm/mixin/injection/callback/CallbackInfoReturnable;)V does use it's CallbackInfoReturnable
[05May2026 00:44:01.309] [main/DEBUG] [mixin/]: kubejs.mixins.json:LivingEntityMixin from mod kubejs->@Inject::foodEaten(Lnet/minecraft/world/level/Level;Lnet/minecraft/world/item/ItemStack;Lnet/minecraft/world/food/FoodProperties;Lorg/spongepowered/asm/mixin/injection/callback/CallbackInfoReturnable;)V doesn't use it's CallbackInfoReturnable
[05May2026 00:44:01.309] [main/DEBUG] [mixin/]: kubejs.mixins.json:LivingEntityMixin from mod kubejs->@Inject::foodEaten(Lnet/minecraft/world/level/Level;Lnet/minecraft/world/item/ItemStack;Lnet/minecraft/world/food/FoodProperties;Lorg/spongepowered/asm/mixin/injection/callback/CallbackInfoReturnable;)V has 0 override(s) in child classes
[05May2026 00:44:01.310] [main/DEBUG] [mixin/]: kubejs.mixins.json:LivingEntityMixin from mod kubejs->@Inject::foodEaten(Lnet/minecraft/world/level/Level;Lnet/minecraft/world/item/ItemStack;Lnet/minecraft/world/food/FoodProperties;Lorg/spongepowered/asm/mixin/injection/callback/CallbackInfoReturnable;)V won't be passed a CallbackInfoReturnable as a result
[05May2026 00:44:01.310] [main/DEBUG] [mixin/]: tenshilib.mixins.json:LivingEntityMixin from mod tenshilib->@Inject::onAddedEffect(Lnet/minecraft/world/effect/MobEffectInstance;Lnet/minecraft/world/entity/Entity;Lorg/spongepowered/asm/mixin/injection/callback/CallbackInfo;)V doesn't use it's CallbackInfo
[05May2026 00:44:01.310] [main/DEBUG] [mixin/]: tenshilib.mixins.json:LivingEntityMixin from mod tenshilib->@Inject::onAddedEffect(Lnet/minecraft/world/effect/MobEffectInstance;Lnet/minecraft/world/entity/Entity;Lorg/spongepowered/asm/mixin/injection/callback/CallbackInfo;)V has 0 override(s) in child classes
[05May2026 00:44:01.310] [main/DEBUG] [mixin/]: tenshilib.mixins.json:LivingEntityMixin from mod tenshilib->@Inject::onAddedEffect(Lnet/minecraft/world/effect/MobEffectInstance;Lnet/minecraft/world/entity/Entity;Lorg/spongepowered/asm/mixin/injection/callback/CallbackInfo;)V won't be passed a CallbackInfo as a result
[05May2026 00:44:01.310] [main/DEBUG] [mixin/]: tenshilib.mixins.json:LivingEntityMixin from mod tenshilib->@Inject::onUpdatedEffect(Lnet/minecraft/world/effect/MobEffectInstance;ZLnet/minecraft/world/entity/Entity;Lorg/spongepowered/asm/mixin/injection/callback/CallbackInfo;)V doesn't use it's CallbackInfo
[05May2026 00:44:01.310] [main/DEBUG] [mixin/]: tenshilib.mixins.json:LivingEntityMixin from mod tenshilib->@Inject::onUpdatedEffect(Lnet/minecraft/world/effect/MobEffectInstance;ZLnet/minecraft/world/entity/Entity;Lorg/spongepowered/asm/mixin/injection/callback/CallbackInfo;)V has 0 override(s) in child classes
[05May2026 00:44:01.310] [main/DEBUG] [mixin/]: tenshilib.mixins.json:LivingEntityMixin from mod tenshilib->@Inject::onUpdatedEffect(Lnet/minecraft/world/effect/MobEffectInstance;ZLnet/minecraft/world/entity/Entity;Lorg/spongepowered/asm/mixin/injection/callback/CallbackInfo;)V won't be passed a CallbackInfo as a result
[05May2026 00:44:01.310] [main/DEBUG] [mixin/]: tenshilib.mixins.json:LivingEntityMixin from mod tenshilib->@Inject::onAddedEffect(Lnet/minecraft/world/effect/MobEffectInstance;Lorg/spongepowered/asm/mixin/injection/callback/CallbackInfo;)V doesn't use it's CallbackInfo
[05May2026 00:44:01.310] [main/DEBUG] [mixin/]: tenshilib.mixins.json:LivingEntityMixin from mod tenshilib->@Inject::onAddedEffect(Lnet/minecraft/world/effect/MobEffectInstance;Lorg/spongepowered/asm/mixin/injection/callback/CallbackInfo;)V has 0 override(s) in child classes
[05May2026 00:44:01.310] [main/DEBUG] [mixin/]: tenshilib.mixins.json:LivingEntityMixin from mod tenshilib->@Inject::onAddedEffect(Lnet/minecraft/world/effect/MobEffectInstance;Lorg/spongepowered/asm/mixin/injection/callback/CallbackInfo;)V won't be passed a CallbackInfo as a result
[05May2026 00:44:01.310] [main/DEBUG] [mixin/]: tenshilib.mixins.json:dual.LivingEntityMixin from mod tenshilib->@Inject::offhandItem(Lorg/spongepowered/asm/mixin/injection/callback/CallbackInfoReturnable;)V does use it's CallbackInfoReturnable
[05May2026 00:44:01.310] [main/DEBUG] [mixin/]: tenshilib.mixins.json:dual.LivingEntityMixin from mod tenshilib->@Inject::offhandItemGeneric(Lnet/minecraft/world/InteractionHand;Lorg/spongepowered/asm/mixin/injection/callback/CallbackInfoReturnable;)V does use it's CallbackInfoReturnable
[05May2026 00:44:01.310] [main/DEBUG] [mixin/]: curios.neoforge.mixins.json:MixinLivingEntity from mod curios->@Inject::curio$canFreeze(Lorg/spongepowered/asm/mixin/injection/callback/CallbackInfoReturnable;)V does use it's CallbackInfoReturnable
[05May2026 00:44:01.310] [main/DEBUG] [mixin/]: apotheosis.mixins.json:LivingEntityMixin from mod apotheosis->@Inject::apoth_cacheLastHealthPct(Lorg/spongepowered/asm/mixin/injection/callback/CallbackInfo;)V doesn't use it's CallbackInfo
[05May2026 00:44:01.310] [main/DEBUG] [mixin/]: apotheosis.mixins.json:LivingEntityMixin from mod apotheosis->@Inject::apoth_cacheLastHealthPct(Lorg/spongepowered/asm/mixin/injection/callback/CallbackInfo;)V has 0 override(s) in child classes
[05May2026 00:44:01.310] [main/DEBUG] [mixin/]: apotheosis.mixins.json:LivingEntityMixin from mod apotheosis->@Inject::apoth_cacheLastHealthPct(Lorg/spongepowered/asm/mixin/injection/callback/CallbackInfo;)V won't be passed a CallbackInfo as a result
[05May2026 00:44:01.310] [main/DEBUG] [mixin/]: apotheosis.mixins.json:LivingEntityMixin from mod apotheosis->@Inject::apoth_updateHealthPct(Lorg/spongepowered/asm/mixin/injection/callback/CallbackInfo;)V doesn't use it's CallbackInfo
[05May2026 00:44:01.310] [main/DEBUG] [mixin/]: apotheosis.mixins.json:LivingEntityMixin from mod apotheosis->@Inject::apoth_updateHealthPct(Lorg/spongepowered/asm/mixin/injection/callback/CallbackInfo;)V has 0 override(s) in child classes
[05May2026 00:44:01.310] [main/DEBUG] [mixin/]: apotheosis.mixins.json:LivingEntityMixin from mod apotheosis->@Inject::apoth_updateHealthPct(Lorg/spongepowered/asm/mixin/injection/callback/CallbackInfo;)V won't be passed a CallbackInfo as a result
[05May2026 00:44:01.310] [main/DEBUG] [mixin/]: apotheosis.mixins.json:MHFMixinLivingEntity from mod apotheosis->@Inject::maxhealthfix$readAdditionalSaveData(Lnet/minecraft/nbt/CompoundTag;Lorg/spongepowered/asm/mixin/injection/callback/CallbackInfo;)V doesn't use it's CallbackInfo
[05May2026 00:44:01.310] [main/DEBUG] [mixin/]: apotheosis.mixins.json:MHFMixinLivingEntity from mod apotheosis->@Inject::maxhealthfix$readAdditionalSaveData(Lnet/minecraft/nbt/CompoundTag;Lorg/spongepowered/asm/mixin/injection/callback/CallbackInfo;)V has 0 override(s) in child classes
[05May2026 00:44:01.310] [main/DEBUG] [mixin/]: apotheosis.mixins.json:MHFMixinLivingEntity from mod apotheosis->@Inject::maxhealthfix$readAdditionalSaveData(Lnet/minecraft/nbt/CompoundTag;Lorg/spongepowered/asm/mixin/injection/callback/CallbackInfo;)V won't be passed a CallbackInfo as a result
[05May2026 00:44:01.310] [main/DEBUG] [mixin/]: apotheosis.mixins.json:MHFMixinLivingEntity from mod apotheosis->@Inject::maxhealthfix$detectEquipmentUpdates(Lorg/spongepowered/asm/mixin/injection/callback/CallbackInfo;)V doesn't use it's CallbackInfo
[05May2026 00:44:01.310] [main/DEBUG] [mixin/]: apotheosis.mixins.json:MHFMixinLivingEntity from mod apotheosis->@Inject::maxhealthfix$detectEquipmentUpdates(Lorg/spongepowered/asm/mixin/injection/callback/CallbackInfo;)V has 0 override(s) in child classes
[05May2026 00:44:01.310] [main/DEBUG] [mixin/]: apotheosis.mixins.json:MHFMixinLivingEntity from mod apotheosis->@Inject::maxhealthfix$detectEquipmentUpdates(Lorg/spongepowered/asm/mixin/injection/callback/CallbackInfo;)V won't be passed a CallbackInfo as a result
[05May2026 00:44:01.310] [main/DEBUG] [mixin/]: expandability-common.mixins.json:swimming.LivingEntityMixin from mod expandability->@Inject::resetFallHeight(Lorg/spongepowered/asm/mixin/injection/callback/CallbackInfo;)V doesn't use it's CallbackInfo
[05May2026 00:44:01.310] [main/DEBUG] [mixin/]: expandability-common.mixins.json:swimming.LivingEntityMixin from mod expandability->@Inject::resetFallHeight(Lorg/spongepowered/asm/mixin/injection/callback/CallbackInfo;)V has 0 override(s) in child classes
[05May2026 00:44:01.310] [main/DEBUG] [mixin/]: expandability-common.mixins.json:swimming.LivingEntityMixin from mod expandability->@Inject::resetFallHeight(Lorg/spongepowered/asm/mixin/injection/callback/CallbackInfo;)V won't be passed a CallbackInfo as a result
[05May2026 00:44:01.339] [main/DEBUG] [mixin/]: Mixing EntityLoadMixin from cupboard.mixins.json into net.minecraft.world.entity.Entity
[05May2026 00:44:01.340] [main/DEBUG] [mixin/]: Mixing bugfix.chunk_deadlock.EntityMixin from modernfix-modernfix.mixins.json into net.minecraft.world.entity.Entity
[05May2026 00:44:01.342] [main/DEBUG] [mixin/]: Mixing ability.damageimmunity.EntityMixin from mixins.artifacts.common.json into net.minecraft.world.entity.Entity
[05May2026 00:44:01.342] [main/DEBUG] [mixin/]: Renaming synthetic method lambda$isInvulnerableTo$0(Lnet/minecraft/world/entity/LivingEntity;Lnet/minecraft/world/damagesource/DamageSource;Lartifacts/component/ability/DamageImmunity;)Z to md9b8020$artifacts$lambda$isInvulnerableTo$0$0 in mixins.artifacts.common.json:ability.damageimmunity.EntityMixin from mod artifacts
[05May2026 00:44:01.343] [main/DEBUG] [mixin/]: Mixing ability.fluidcollision.EntityMixin from mixins.artifacts.common.json into net.minecraft.world.entity.Entity
[05May2026 00:44:01.348] [main/DEBUG] [mixin/]: Mixing accessors.EntityAccessor from mixins.artifacts.common.json into net.minecraft.world.entity.Entity
[05May2026 00:44:01.349] [main/DEBUG] [mixin/]: Mixing attribute.flatulence.EntityMixin from mixins.artifacts.common.json into net.minecraft.world.entity.Entity
[05May2026 00:44:01.350] [main/DEBUG] [mixin/]: Mixing item.umbrella.EntityMixin from mixins.artifacts.common.json into net.minecraft.world.entity.Entity
[05May2026 00:44:01.351] [main/DEBUG] [mixin/]: Mixing EntityMixin from reliquified_artifacts.mixins.json into net.minecraft.world.entity.Entity
[05May2026 00:44:01.351] [main/DEBUG] [mixin/]: reliquified_artifacts.mixins.json:EntityMixin from mod reliquified_artifacts: Class version 65 required is higher than the class version supported by the current version of Mixin (JAVA_8 supports class version 52)
[05May2026 00:44:01.351] [main/DEBUG] [mixin/]: Mixing EntityMixin from relics.mixins.json into net.minecraft.world.entity.Entity
[05May2026 00:44:01.359] [main/DEBUG] [mixin/]: Mixing server.MixinLevelTicks from DistantHorizons.neoforge.mixins.json into net.minecraft.world.entity.Entity
[05May2026 00:44:01.360] [main/DEBUG] [mixin/]: Mixing client.MixinChunkSectionsToRender from DistantHorizons.neoforge.mixins.json into net.minecraft.world.entity.Entity
[05May2026 00:44:01.360] [main/DEBUG] [mixin/]: Mixing client.MixinGameRenderer from DistantHorizons.neoforge.mixins.json into net.minecraft.world.entity.Entity
[05May2026 00:44:01.360] [main/DEBUG] [mixin/]: Mixing EntityMixin from balm.neoforge.mixins.json into net.minecraft.world.entity.Entity
[05May2026 00:44:01.360] [main/DEBUG] [mixin/]: Mixing EntityMixin from fusion.mixins.json into net.minecraft.world.entity.Entity
[05May2026 00:44:01.360] [main/DEBUG] [mixin/]: fusion.mixins.json:EntityMixin from mod fusion: Class version 65 required is higher than the class version supported by the current version of Mixin (JAVA_17 supports class version 61)
[05May2026 00:44:01.366] [main/DEBUG] [mixin/]: Mixing EntityMixin from kubejs.mixins.json into net.minecraft.world.entity.Entity
[05May2026 00:44:01.371] [main/DEBUG] [mixin/]: Mixing EntityAccess from jade.mixins.json into net.minecraft.world.entity.Entity
[05May2026 00:44:01.371] [main/DEBUG] [mixin/]: jade.mixins.json:EntityAccess from mod jade: Class version 65 required is higher than the class version supported by the current version of Mixin (JAVA_16 supports class version 60)
[05May2026 00:44:01.371] [main/DEBUG] [mixin/]: Mixing EntityMixin from apothic_attributes.mixins.json into net.minecraft.world.entity.Entity
[05May2026 00:44:01.372] [main/DEBUG] [mixin/]: Mixing AccessorEntity from curios.mixins.json into net.minecraft.world.entity.Entity
[05May2026 00:44:01.372] [main/DEBUG] [mixin/]: Mixing EntityMixin from apotheosis.mixins.json into net.minecraft.world.entity.Entity
[05May2026 00:44:01.373] [main/DEBUG] [mixin/]: Mixing EntityMixin from improvedmobs.mixins.json into net.minecraft.world.entity.Entity
[05May2026 00:44:01.373] [main/DEBUG] [mixin/]: Mixing swimming.EntityMixin from expandability-common.mixins.json into net.minecraft.world.entity.Entity
[05May2026 00:44:01.373] [main/DEBUG] [mixin/]: expandability-common.mixins.json:swimming.EntityMixin from mod expandability: Class version 65 required is higher than the class version supported by the current version of Mixin (JAVA_17 supports class version 61)
[05May2026 00:44:01.374] [main/DEBUG] [mixin/]: Mixing swimming.EntityMixin from expandability.mixins.json into net.minecraft.world.entity.Entity
[05May2026 00:44:01.374] [main/DEBUG] [mixin/]: expandability.mixins.json:swimming.EntityMixin from mod expandability: Class version 65 required is higher than the class version supported by the current version of Mixin (JAVA_17 supports class version 61)
[05May2026 00:44:01.391] [main/DEBUG] [mixin/]: cupboard.mixins.json:EntityLoadMixin from mod cupboard->@Inject::avoidLoadCrash(Lnet/minecraft/nbt/CompoundTag;Lorg/spongepowered/asm/mixin/injection/callback/CallbackInfo;)V doesn't use it's CallbackInfo
[05May2026 00:44:01.391] [main/DEBUG] [mixin/]: cupboard.mixins.json:EntityLoadMixin from mod cupboard->@Inject::avoidLoadCrash(Lnet/minecraft/nbt/CompoundTag;Lorg/spongepowered/asm/mixin/injection/callback/CallbackInfo;)V has 0 override(s) in child classes
[05May2026 00:44:01.391] [main/DEBUG] [mixin/]: cupboard.mixins.json:EntityLoadMixin from mod cupboard->@Inject::avoidLoadCrash(Lnet/minecraft/nbt/CompoundTag;Lorg/spongepowered/asm/mixin/injection/callback/CallbackInfo;)V won't be passed a CallbackInfo as a result
[05May2026 00:44:01.391] [main/DEBUG] [mixin/]: cupboard.mixins.json:EntityLoadMixin from mod cupboard->@Inject::skipLoadingErroringEntity(Lnet/minecraft/nbt/CompoundTag;Lorg/spongepowered/asm/mixin/injection/callback/CallbackInfo;Ljava/lang/Throwable;)V does use it's CallbackInfo
[05May2026 00:44:01.391] [main/DEBUG] [mixin/]: mixins.artifacts.common.json:ability.fluidcollision.EntityMixin from mod artifacts->@Inject::playWaterStepSound(Lnet/minecraft/core/BlockPos;Lnet/minecraft/world/level/block/state/BlockState;Lorg/spongepowered/asm/mixin/injection/callback/CallbackInfo;)V doesn't use it's CallbackInfo
[05May2026 00:44:01.392] [main/DEBUG] [mixin/]: mixins.artifacts.common.json:ability.fluidcollision.EntityMixin from mod artifacts->@Inject::playWaterStepSound(Lnet/minecraft/core/BlockPos;Lnet/minecraft/world/level/block/state/BlockState;Lorg/spongepowered/asm/mixin/injection/callback/CallbackInfo;)V has 0 override(s) in child classes
[05May2026 00:44:01.392] [main/DEBUG] [mixin/]: mixins.artifacts.common.json:ability.fluidcollision.EntityMixin from mod artifacts->@Inject::playWaterStepSound(Lnet/minecraft/core/BlockPos;Lnet/minecraft/world/level/block/state/BlockState;Lorg/spongepowered/asm/mixin/injection/callback/CallbackInfo;)V won't be passed a CallbackInfo as a result
[05May2026 00:44:01.392] [main/DEBUG] [mixin/]: mixins.artifacts.common.json:ability.fluidcollision.EntityMixin from mod artifacts->@Inject::spawnWaterSprintParticle(Lorg/spongepowered/asm/mixin/injection/callback/CallbackInfo;)V doesn't use it's CallbackInfo
[05May2026 00:44:01.392] [main/DEBUG] [mixin/]: mixins.artifacts.common.json:ability.fluidcollision.EntityMixin from mod artifacts->@Inject::spawnWaterSprintParticle(Lorg/spongepowered/asm/mixin/injection/callback/CallbackInfo;)V has 0 override(s) in child classes
[05May2026 00:44:01.392] [main/DEBUG] [mixin/]: mixins.artifacts.common.json:ability.fluidcollision.EntityMixin from mod artifacts->@Inject::spawnWaterSprintParticle(Lorg/spongepowered/asm/mixin/injection/callback/CallbackInfo;)V won't be passed a CallbackInfo as a result
[05May2026 00:44:01.392] [main/DEBUG] [mixin/]: mixins.artifacts.common.json:attribute.flatulence.EntityMixin from mod artifacts->@Inject::setShiftKeyDown(ZLorg/spongepowered/asm/mixin/injection/callback/CallbackInfo;)V doesn't use it's CallbackInfo
[05May2026 00:44:01.392] [main/DEBUG] [mixin/]: mixins.artifacts.common.json:attribute.flatulence.EntityMixin from mod artifacts->@Inject::setShiftKeyDown(ZLorg/spongepowered/asm/mixin/injection/callback/CallbackInfo;)V has 0 override(s) in child classes
[05May2026 00:44:01.392] [main/DEBUG] [mixin/]: mixins.artifacts.common.json:attribute.flatulence.EntityMixin from mod artifacts->@Inject::setShiftKeyDown(ZLorg/spongepowered/asm/mixin/injection/callback/CallbackInfo;)V won't be passed a CallbackInfo as a result
[05May2026 00:44:01.392] [main/DEBUG] [mixin/]: reliquified_artifacts.mixins.json:EntityMixin from mod reliquified_artifacts->@Inject::reliquified_artifacts$preventCollisionPush(DDDLorg/spongepowered/asm/mixin/injection/callback/CallbackInfo;)V does use it's CallbackInfo
[05May2026 00:44:01.392] [main/DEBUG] [mixin/]: reliquified_artifacts.mixins.json:EntityMixin from mod reliquified_artifacts->@Inject::reliquified_artifacts$capturePreFluidPush(Lorg/spongepowered/asm/mixin/injection/callback/CallbackInfo;)V doesn't use it's CallbackInfo
[05May2026 00:44:01.392] [main/DEBUG] [mixin/]: reliquified_artifacts.mixins.json:EntityMixin from mod reliquified_artifacts->@Inject::reliquified_artifacts$capturePreFluidPush(Lorg/spongepowered/asm/mixin/injection/callback/CallbackInfo;)V has 0 override(s) in child classes
[05May2026 00:44:01.392] [main/DEBUG] [mixin/]: reliquified_artifacts.mixins.json:EntityMixin from mod reliquified_artifacts->@Inject::reliquified_artifacts$capturePreFluidPush(Lorg/spongepowered/asm/mixin/injection/callback/CallbackInfo;)V won't be passed a CallbackInfo as a result
[05May2026 00:44:01.392] [main/DEBUG] [mixin/]: reliquified_artifacts.mixins.json:EntityMixin from mod reliquified_artifacts->@Inject::reliquified_artifacts$restorePreFluidPush(Lorg/spongepowered/asm/mixin/injection/callback/CallbackInfo;)V doesn't use it's CallbackInfo
[05May2026 00:44:01.392] [main/DEBUG] [mixin/]: reliquified_artifacts.mixins.json:EntityMixin from mod reliquified_artifacts->@Inject::reliquified_artifacts$restorePreFluidPush(Lorg/spongepowered/asm/mixin/injection/callback/CallbackInfo;)V has 0 override(s) in child classes
[05May2026 00:44:01.392] [main/DEBUG] [mixin/]: reliquified_artifacts.mixins.json:EntityMixin from mod reliquified_artifacts->@Inject::reliquified_artifacts$restorePreFluidPush(Lorg/spongepowered/asm/mixin/injection/callback/CallbackInfo;)V won't be passed a CallbackInfo as a result
[05May2026 00:44:01.392] [main/DEBUG] [mixin/]: relics.mixins.json:EntityMixin from mod relics->@Inject::relics$tickFluidWalkGrace(Lorg/spongepowered/asm/mixin/injection/callback/CallbackInfo;)V doesn't use it's CallbackInfo
[05May2026 00:44:01.392] [main/DEBUG] [mixin/]: relics.mixins.json:EntityMixin from mod relics->@Inject::relics$tickFluidWalkGrace(Lorg/spongepowered/asm/mixin/injection/callback/CallbackInfo;)V has 0 override(s) in child classes
[05May2026 00:44:01.392] [main/DEBUG] [mixin/]: relics.mixins.json:EntityMixin from mod relics->@Inject::relics$tickFluidWalkGrace(Lorg/spongepowered/asm/mixin/injection/callback/CallbackInfo;)V won't be passed a CallbackInfo as a result
[05May2026 00:44:01.392] [main/DEBUG] [mixin/]: relics.mixins.json:EntityMixin from mod relics->@Inject::getBlockSpeedFactor(Lorg/spongepowered/asm/mixin/injection/callback/CallbackInfoReturnable;)V does use it's CallbackInfoReturnable
[05May2026 00:44:01.392] [main/DEBUG] [mixin/]: relics.mixins.json:EntityMixin from mod relics->@Inject::getBlockSpeedFactor(Lorg/spongepowered/asm/mixin/injection/callback/CallbackInfoReturnable;)V does use it's CallbackInfoReturnable
[05May2026 00:44:01.393] [main/DEBUG] [mixin/]: relics.mixins.json:EntityMixin from mod relics->@Inject::canUsePortal(ZLorg/spongepowered/asm/mixin/injection/callback/CallbackInfoReturnable;)V does use it's CallbackInfoReturnable
[05May2026 00:44:01.393] [main/DEBUG] [mixin/]: balm.neoforge.mixins.json:EntityMixin from mod balm->@Inject::load(Lnet/minecraft/nbt/CompoundTag;Lorg/spongepowered/asm/mixin/injection/callback/CallbackInfo;)V doesn't use it's CallbackInfo
[05May2026 00:44:01.393] [main/DEBUG] [mixin/]: balm.neoforge.mixins.json:EntityMixin from mod balm->@Inject::load(Lnet/minecraft/nbt/CompoundTag;Lorg/spongepowered/asm/mixin/injection/callback/CallbackInfo;)V has 0 override(s) in child classes
[05May2026 00:44:01.393] [main/DEBUG] [mixin/]: balm.neoforge.mixins.json:EntityMixin from mod balm->@Inject::load(Lnet/minecraft/nbt/CompoundTag;Lorg/spongepowered/asm/mixin/injection/callback/CallbackInfo;)V won't be passed a CallbackInfo as a result
[05May2026 00:44:01.393] [main/DEBUG] [mixin/]: balm.neoforge.mixins.json:EntityMixin from mod balm->@Inject::saveWithoutId(Lnet/minecraft/nbt/CompoundTag;Lorg/spongepowered/asm/mixin/injection/callback/CallbackInfoReturnable;)V doesn't use it's CallbackInfoReturnable
[05May2026 00:44:01.393] [main/DEBUG] [mixin/]: balm.neoforge.mixins.json:EntityMixin from mod balm->@Inject::saveWithoutId(Lnet/minecraft/nbt/CompoundTag;Lorg/spongepowered/asm/mixin/injection/callback/CallbackInfoReturnable;)V has 0 override(s) in child classes
[05May2026 00:44:01.393] [main/DEBUG] [mixin/]: balm.neoforge.mixins.json:EntityMixin from mod balm->@Inject::saveWithoutId(Lnet/minecraft/nbt/CompoundTag;Lorg/spongepowered/asm/mixin/injection/callback/CallbackInfoReturnable;)V won't be passed a CallbackInfoReturnable as a result
[05May2026 00:44:01.393] [main/DEBUG] [mixin/]: kubejs.mixins.json:EntityMixin from mod kubejs->@Inject::saveKJS(Lnet/minecraft/nbt/CompoundTag;Lorg/spongepowered/asm/mixin/injection/callback/CallbackInfoReturnable;)V doesn't use it's CallbackInfoReturnable
[05May2026 00:44:01.393] [main/DEBUG] [mixin/]: kubejs.mixins.json:EntityMixin from mod kubejs->@Inject::saveKJS(Lnet/minecraft/nbt/CompoundTag;Lorg/spongepowered/asm/mixin/injection/callback/CallbackInfoReturnable;)V has 0 override(s) in child classes
[05May2026 00:44:01.393] [main/DEBUG] [mixin/]: kubejs.mixins.json:EntityMixin from mod kubejs->@Inject::saveKJS(Lnet/minecraft/nbt/CompoundTag;Lorg/spongepowered/asm/mixin/injection/callback/CallbackInfoReturnable;)V won't be passed a CallbackInfoReturnable as a result
[05May2026 00:44:01.393] [main/DEBUG] [mixin/]: kubejs.mixins.json:EntityMixin from mod kubejs->@Inject::loadKJS(Lnet/minecraft/nbt/CompoundTag;Lorg/spongepowered/asm/mixin/injection/callback/CallbackInfo;)V doesn't use it's CallbackInfo
[05May2026 00:44:01.393] [main/DEBUG] [mixin/]: kubejs.mixins.json:EntityMixin from mod kubejs->@Inject::loadKJS(Lnet/minecraft/nbt/CompoundTag;Lorg/spongepowered/asm/mixin/injection/callback/CallbackInfo;)V has 0 override(s) in child classes
[05May2026 00:44:01.393] [main/DEBUG] [mixin/]: kubejs.mixins.json:EntityMixin from mod kubejs->@Inject::loadKJS(Lnet/minecraft/nbt/CompoundTag;Lorg/spongepowered/asm/mixin/injection/callback/CallbackInfo;)V won't be passed a CallbackInfo as a result
[05May2026 00:44:01.393] [main/DEBUG] [mixin/]: apotheosis.mixins.json:EntityMixin from mod apotheosis->@Inject::apoth_getTeamColor(Lorg/spongepowered/asm/mixin/injection/callback/CallbackInfoReturnable;)V does use it's CallbackInfoReturnable
[05May2026 00:44:01.394] [main/DEBUG] [mixin/]: improvedmobs.mixins.json:EntityMixin from mod improvedmobs->@Inject::readData(Lnet/minecraft/nbt/CompoundTag;Lorg/spongepowered/asm/mixin/injection/callback/CallbackInfo;)V doesn't use it's CallbackInfo
[05May2026 00:44:01.394] [main/DEBUG] [mixin/]: improvedmobs.mixins.json:EntityMixin from mod improvedmobs->@Inject::readData(Lnet/minecraft/nbt/CompoundTag;Lorg/spongepowered/asm/mixin/injection/callback/CallbackInfo;)V has 0 override(s) in child classes
[05May2026 00:44:01.394] [main/DEBUG] [mixin/]: improvedmobs.mixins.json:EntityMixin from mod improvedmobs->@Inject::readData(Lnet/minecraft/nbt/CompoundTag;Lorg/spongepowered/asm/mixin/injection/callback/CallbackInfo;)V won't be passed a CallbackInfo as a result
[05May2026 00:44:01.394] [main/DEBUG] [mixin/]: improvedmobs.mixins.json:EntityMixin from mod improvedmobs->@Inject::saveData(Lnet/minecraft/nbt/CompoundTag;Lorg/spongepowered/asm/mixin/injection/callback/CallbackInfoReturnable;)V doesn't use it's CallbackInfoReturnable
[05May2026 00:44:01.394] [main/DEBUG] [mixin/]: improvedmobs.mixins.json:EntityMixin from mod improvedmobs->@Inject::saveData(Lnet/minecraft/nbt/CompoundTag;Lorg/spongepowered/asm/mixin/injection/callback/CallbackInfoReturnable;)V has 0 override(s) in child classes
[05May2026 00:44:01.394] [main/DEBUG] [mixin/]: improvedmobs.mixins.json:EntityMixin from mod improvedmobs->@Inject::saveData(Lnet/minecraft/nbt/CompoundTag;Lorg/spongepowered/asm/mixin/injection/callback/CallbackInfoReturnable;)V won't be passed a CallbackInfoReturnable as a result
[05May2026 00:44:01.417] [main/DEBUG] [mixin/]: Mixing ability.posteatingeffects.PlayerMixin from mixins.artifacts.common.json into net.minecraft.world.entity.player.Player
[05May2026 00:44:01.418] [main/DEBUG] [mixin/]: Mixing attribute.PlayerMixin from mixins.artifacts.common.json into net.minecraft.world.entity.player.Player
[05May2026 00:44:01.419] [main/DEBUG] [mixin/]: Mixing mobeffect.magnetism.PlayerMixin from mixins.artifacts.common.json into net.minecraft.world.entity.player.Player
[05May2026 00:44:01.419] [main/DEBUG] [mixin/]: Mixing ability.sinking.PlayerMixin from mixins.artifacts.neoforge.json into net.minecraft.world.entity.player.Player
[05May2026 00:44:01.420] [main/DEBUG] [mixin/]: Mixing PlayerMixin from relics.mixins.json into net.minecraft.world.entity.player.Player
[05May2026 00:44:01.423] [main/DEBUG] [mixin/]: Mixing PlayerMixin from dummmmmmy-common.mixins.json into net.minecraft.world.entity.player.Player
[05May2026 00:44:01.424] [main/DEBUG] [mixin/]: dummmmmmy-common.mixins.json:PlayerMixin from mod dummmmmmy: Class version 65 required is higher than the class version supported by the current version of Mixin (JAVA_17 supports class version 61)
[05May2026 00:44:01.424] [main/DEBUG] [mixin/]: Mixing PlayerMixin from tenshilib.mixins.json into net.minecraft.world.entity.player.Player
[05May2026 00:44:01.424] [main/DEBUG] [mixin/]: tenshilib.mixins.json:PlayerMixin from mod tenshilib: Class version 65 required is higher than the class version supported by the current version of Mixin (JAVA_16 supports class version 60)
[05May2026 00:44:01.424] [main/DEBUG] [mixin/]: Mixing dual.PlayerMixin from tenshilib.mixins.json into net.minecraft.world.entity.player.Player
[05May2026 00:44:01.424] [main/DEBUG] [mixin/]: tenshilib.mixins.json:dual.PlayerMixin from mod tenshilib: Class version 65 required is higher than the class version supported by the current version of Mixin (JAVA_16 supports class version 60)
[05May2026 00:44:01.426] [main/DEBUG] [mixin/]: Mixing NeoForgeSweepCheck from tenshilib.neoforge.mixins.json into net.minecraft.world.entity.player.Player
[05May2026 00:44:01.426] [main/DEBUG] [mixin/]: tenshilib.neoforge.mixins.json:NeoForgeSweepCheck from mod tenshilib: Class version 65 required is higher than the class version supported by the current version of Mixin (JAVA_16 supports class version 60)
[05May2026 00:44:01.426] [main/DEBUG] [mixin/]: Mixing PlayerMixin from apothic_attributes.mixins.json into net.minecraft.world.entity.player.Player
[05May2026 00:44:01.428] [main/DEBUG] [mixin/]: Mixing swimming.PlayerMixin from expandability-common.mixins.json into net.minecraft.world.entity.player.Player
[05May2026 00:44:01.428] [main/DEBUG] [mixin/]: expandability-common.mixins.json:swimming.PlayerMixin from mod expandability: Class version 65 required is higher than the class version supported by the current version of Mixin (JAVA_17 supports class version 61)
[05May2026 00:44:01.428] [main/DEBUG] [mixin/]: Mixing PlayerMixin from kubejs.mixins.json into net.minecraft.world.entity.player.Player
[05May2026 00:44:01.446] [main/DEBUG] [mixin/]: mixins.artifacts.common.json:ability.posteatingeffects.PlayerMixin from mod artifacts->@Inject::eat(Lnet/minecraft/world/level/Level;Lnet/minecraft/world/item/ItemStack;Lnet/minecraft/world/food/FoodProperties;Lorg/spongepowered/asm/mixin/injection/callback/CallbackInfoReturnable;)V doesn't use it's CallbackInfoReturnable
[05May2026 00:44:01.446] [main/DEBUG] [mixin/]: mixins.artifacts.common.json:ability.posteatingeffects.PlayerMixin from mod artifacts->@Inject::eat(Lnet/minecraft/world/level/Level;Lnet/minecraft/world/item/ItemStack;Lnet/minecraft/world/food/FoodProperties;Lorg/spongepowered/asm/mixin/injection/callback/CallbackInfoReturnable;)V has 0 override(s) in child classes
[05May2026 00:44:01.446] [main/DEBUG] [mixin/]: mixins.artifacts.common.json:ability.posteatingeffects.PlayerMixin from mod artifacts->@Inject::eat(Lnet/minecraft/world/level/Level;Lnet/minecraft/world/item/ItemStack;Lnet/minecraft/world/food/FoodProperties;Lorg/spongepowered/asm/mixin/injection/callback/CallbackInfoReturnable;)V won't be passed a CallbackInfoReturnable as a result
[05May2026 00:44:01.446] [main/DEBUG] [mixin/]: mixins.artifacts.common.json:mobeffect.magnetism.PlayerMixin from mod artifacts->@Inject::setItemThrower(Lnet/minecraft/world/item/ItemStack;ZZLorg/spongepowered/asm/mixin/injection/callback/CallbackInfoReturnable;)V does use it's CallbackInfoReturnable
[05May2026 00:44:01.446] [main/DEBUG] [mixin/]: mixins.artifacts.common.json:mobeffect.magnetism.PlayerMixin from mod artifacts->@Inject::setItemThrower(Lnet/minecraft/world/item/ItemStack;ZZLorg/spongepowered/asm/mixin/injection/callback/CallbackInfoReturnable;)V does use it's CallbackInfoReturnable
[05May2026 00:44:01.446] [main/DEBUG] [mixin/]: relics.mixins.json:PlayerMixin from mod relics->@Inject::relics$interceptRiderFluteCapture(Lnet/minecraft/world/entity/Entity;Lnet/minecraft/world/InteractionHand;Lorg/spongepowered/asm/mixin/injection/callback/CallbackInfoReturnable;)V does use it's CallbackInfoReturnable
[05May2026 00:44:01.446] [main/DEBUG] [mixin/]: relics.mixins.json:PlayerMixin from mod relics->@Inject::relics$skipBackOffOnFluid(Lnet/minecraft/world/phys/Vec3;Lnet/minecraft/world/entity/MoverType;Lorg/spongepowered/asm/mixin/injection/callback/CallbackInfoReturnable;)V does use it's CallbackInfoReturnable
[05May2026 00:44:01.446] [main/DEBUG] [mixin/]: tenshilib.mixins.json:PlayerMixin from mod tenshilib->@Inject::onReset(Lorg/spongepowered/asm/mixin/injection/callback/CallbackInfo;)V does use it's CallbackInfo
[05May2026 00:44:01.446] [main/DEBUG] [mixin/]: tenshilib.mixins.json:dual.PlayerMixin from mod tenshilib->@Inject::tickStrength(Lorg/spongepowered/asm/mixin/injection/callback/CallbackInfo;)V doesn't use it's CallbackInfo
[05May2026 00:44:01.446] [main/DEBUG] [mixin/]: tenshilib.mixins.json:dual.PlayerMixin from mod tenshilib->@Inject::tickStrength(Lorg/spongepowered/asm/mixin/injection/callback/CallbackInfo;)V has 0 override(s) in child classes
[05May2026 00:44:01.446] [main/DEBUG] [mixin/]: tenshilib.mixins.json:dual.PlayerMixin from mod tenshilib->@Inject::tickStrength(Lorg/spongepowered/asm/mixin/injection/callback/CallbackInfo;)V won't be passed a CallbackInfo as a result
[05May2026 00:44:01.446] [main/DEBUG] [mixin/]: tenshilib.mixins.json:dual.PlayerMixin from mod tenshilib->@Inject::onSwapItem(Lorg/spongepowered/asm/mixin/injection/callback/CallbackInfo;)V doesn't use it's CallbackInfo
[05May2026 00:44:01.446] [main/DEBUG] [mixin/]: tenshilib.mixins.json:dual.PlayerMixin from mod tenshilib->@Inject::onSwapItem(Lorg/spongepowered/asm/mixin/injection/callback/CallbackInfo;)V has 0 override(s) in child classes
[05May2026 00:44:01.446] [main/DEBUG] [mixin/]: tenshilib.mixins.json:dual.PlayerMixin from mod tenshilib->@Inject::onSwapItem(Lorg/spongepowered/asm/mixin/injection/callback/CallbackInfo;)V won't be passed a CallbackInfo as a result
[05May2026 00:44:01.446] [main/DEBUG] [mixin/]: tenshilib.mixins.json:dual.PlayerMixin from mod tenshilib->@Inject::resetOffhand(Lorg/spongepowered/asm/mixin/injection/callback/CallbackInfo;)V does use it's CallbackInfo
[05May2026 00:44:01.452] [main/DEBUG] [mixin/]: Mixing IItemHandlerMixin from kubejs.mixins.json into net.neoforged.neoforge.items.IItemHandler
[05May2026 00:44:01.477] [main/DEBUG] [mixin/]: Mixing perf.thread_priorities.UtilMixin from modernfix-modernfix.mixins.json into net.minecraft.Util
[05May2026 00:44:01.477] [main/DEBUG] [mixin/]: Renaming synthetic method lambda$adjustPriorityOfThreadFactory$0(Ljava/util/concurrent/ForkJoinPool$ForkJoinWorkerThreadFactory;Ljava/util/concurrent/ForkJoinPool;)Ljava/util/concurrent/ForkJoinWorkerThread; to md9b8020$modernfix$lambda$adjustPriorityOfThreadFactory$0$0 in modernfix-modernfix.mixins.json:perf.thread_priorities.UtilMixin from mod modernfix
[05May2026 00:44:01.478] [main/DEBUG] [mixin/]: Mixing server.MixinTracingExecutor from DistantHorizons.neoforge.mixins.json into net.minecraft.Util
[05May2026 00:44:01.478] [main/DEBUG] [mixin/]: Mixing server.MixinUtilBackgroundThread from DistantHorizons.neoforge.mixins.json into net.minecraft.Util
[05May2026 00:44:01.479] [main/DEBUG] [mixin/]: Mixing UtilMixin from kubejs.mixins.json into net.minecraft.Util
[05May2026 00:44:01.479] [main/DEBUG] [mixin/]: Mixing UtilMixin from ftbchunks-common.mixins.json into net.minecraft.Util
[05May2026 00:44:01.479] [main/DEBUG] [mixin/]: ftbchunks-common.mixins.json:UtilMixin from mod ftbchunks: Class version 65 required is higher than the class version supported by the current version of Mixin (JAVA_17 supports class version 61)
[05May2026 00:44:01.484] [main/DEBUG] [mixin/]: DistantHorizons.neoforge.mixins.json:server.MixinUtilBackgroundThread from mod distanthorizons->@Inject::overrideUtil$backgroundExecutor(Lorg/spongepowered/asm/mixin/injection/callback/CallbackInfoReturnable;)V does use it's CallbackInfoReturnable
[05May2026 00:44:01.484] [main/DEBUG] [mixin/]: DistantHorizons.neoforge.mixins.json:server.MixinUtilBackgroundThread from mod distanthorizons->@Inject::overrideUtil$wrapThreadWithTaskName(Ljava/lang/String;Ljava/lang/Runnable;Lorg/spongepowered/asm/mixin/injection/callback/CallbackInfoReturnable;)V does use it's CallbackInfoReturnable
[05May2026 00:44:01.484] [main/DEBUG] [mixin/]: DistantHorizons.neoforge.mixins.json:server.MixinUtilBackgroundThread from mod distanthorizons->@Inject::overrideUtil$wrapThreadWithTaskNameForSupplier(Ljava/lang/String;Ljava/util/function/Supplier;Lorg/spongepowered/asm/mixin/injection/callback/CallbackInfoReturnable;)V does use it's CallbackInfoReturnable
[05May2026 00:44:01.484] [main/DEBUG] [mixin/]: kubejs.mixins.json:UtilMixin from mod kubejs->@Inject::shutdownExecutorsKJS(Lorg/spongepowered/asm/mixin/injection/callback/CallbackInfo;)V doesn't use it's CallbackInfo
[05May2026 00:44:01.484] [main/DEBUG] [mixin/]: ftbchunks-common.mixins.json:UtilMixin from mod ftbchunks->@Inject::shutdownExecutorsFTBC(Lorg/spongepowered/asm/mixin/injection/callback/CallbackInfo;)V doesn't use it's CallbackInfo
[05May2026 00:44:01.633] [main/DEBUG] [mixin/]: Mixing client.MixinSystemReport from patchouli_xplat.mixins.json into net.minecraft.SystemReport
[05May2026 00:44:01.635] [main/DEBUG] [mixin/]: patchouli_xplat.mixins.json:client.MixinSystemReport from mod patchouli->@Inject::patchouli_addContext(Lorg/spongepowered/asm/mixin/injection/callback/CallbackInfo;)V doesn't use it's CallbackInfo
[05May2026 00:44:01.635] [main/DEBUG] [mixin/]: patchouli_xplat.mixins.json:client.MixinSystemReport from mod patchouli->@Inject::patchouli_addContext(Lorg/spongepowered/asm/mixin/injection/callback/CallbackInfo;)V has 0 override(s) in child classes
[05May2026 00:44:01.635] [main/DEBUG] [mixin/]: patchouli_xplat.mixins.json:client.MixinSystemReport from mod patchouli->@Inject::patchouli_addContext(Lorg/spongepowered/asm/mixin/injection/callback/CallbackInfo;)V won't be passed a CallbackInfo as a result
[05May2026 00:44:01.650] [main/DEBUG] [oshi.util.FileUtil/]: No oshi.properties file found from ClassLoader cpw.mods.modlauncher.TransformingClassLoader@39266403
[05May2026 00:44:01.781] [Datafixer Bootstrap/INFO] [com.mojang.datafixers.DataFixerBuilder/]: 229 Datafixer optimizations took 156 milliseconds
[05May2026 00:44:01.984] [main/DEBUG] [oshi.util.FileUtil/]: No oshi.architecture.properties file found from ClassLoader cpw.mods.modlauncher.TransformingClassLoader@39266403
[05May2026 00:44:02.017] [main/WARN] [oshi.driver.windows.perfmon.PerfmonDisabled/]: Invalid registry value type detected for PerfOS counters. Should be REG_DWORD. Ignoring: HKEY_LOCAL_MACHINE\SYSTEM\CurrentControlSet\Services\PerfOS\Performance\Disable Performance Counters.
[05May2026 00:44:02.059] [main/DEBUG] [mixin/]: Mixing MixinLocalPlayer from caelus.mixins.json into net.minecraft.client.player.LocalPlayer
[05May2026 00:44:02.059] [main/DEBUG] [mixin/]: caelus.mixins.json:MixinLocalPlayer from mod caelus: Class version 65 required is higher than the class version supported by the current version of Mixin (JAVA_17 supports class version 61)
[05May2026 00:44:02.059] [main/DEBUG] [mixin/]: Mixing LocalPlayerMixin from kubejs.mixins.json into net.minecraft.client.player.LocalPlayer
[05May2026 00:44:02.060] [main/DEBUG] [mixin/]: Mixing MixinClientPlayerEntity from xaerohud.mixins.json into net.minecraft.client.player.LocalPlayer
[05May2026 00:44:02.060] [main/DEBUG] [mixin/]: xaerohud.mixins.json:MixinClientPlayerEntity from mod xaerominimap: Class version 65 required is higher than the class version supported by the current version of Mixin (JAVA_17 supports class version 61)
[05May2026 00:44:02.061] [main/DEBUG] [mixin/]: Mixing MixinLocalPlayer from xaerohud.mixins.json into net.minecraft.client.player.LocalPlayer
[05May2026 00:44:02.061] [main/DEBUG] [mixin/]: xaerohud.mixins.json:MixinLocalPlayer from mod xaerominimap: Class version 65 required is higher than the class version supported by the current version of Mixin (JAVA_17 supports class version 61)
[05May2026 00:44:02.061] [main/DEBUG] [mixin/]: Mixing swimming.client.LocalPlayerMixin from expandability-common.mixins.json into net.minecraft.client.player.LocalPlayer
[05May2026 00:44:02.061] [main/DEBUG] [mixin/]: expandability-common.mixins.json:swimming.client.LocalPlayerMixin from mod expandability: Class version 65 required is higher than the class version supported by the current version of Mixin (JAVA_17 supports class version 61)
[05May2026 00:44:02.061] [main/DEBUG] [mixin/]: Mixing swimming.client.LocalPlayerMixin from expandability.mixins.json into net.minecraft.client.player.LocalPlayer
[05May2026 00:44:02.061] [main/DEBUG] [mixin/]: expandability.mixins.json:swimming.client.LocalPlayerMixin from mod expandability: Class version 65 required is higher than the class version supported by the current version of Mixin (JAVA_17 supports class version 61)
[05May2026 00:44:02.065] [main/DEBUG] [mixin/]: caelus.mixins.json:MixinLocalPlayer from mod caelus->@Inject::caelus$checkFlight(Lorg/spongepowered/asm/mixin/injection/callback/CallbackInfo;)V doesn't use it's CallbackInfo
[05May2026 00:44:02.066] [main/DEBUG] [mixin/]: caelus.mixins.json:MixinLocalPlayer from mod caelus->@Inject::caelus$checkFlight(Lorg/spongepowered/asm/mixin/injection/callback/CallbackInfo;)V has 0 override(s) in child classes
[05May2026 00:44:02.066] [main/DEBUG] [mixin/]: caelus.mixins.json:MixinLocalPlayer from mod caelus->@Inject::caelus$checkFlight(Lorg/spongepowered/asm/mixin/injection/callback/CallbackInfo;)V won't be passed a CallbackInfo as a result
[05May2026 00:44:02.066] [main/DEBUG] [mixin/]: xaerohud.mixins.json:MixinClientPlayerEntity from mod xaerominimap->@Inject::onTickStart(Lorg/spongepowered/asm/mixin/injection/callback/CallbackInfo;)V doesn't use it's CallbackInfo
[05May2026 00:44:02.066] [main/DEBUG] [mixin/]: xaerohud.mixins.json:MixinClientPlayerEntity from mod xaerominimap->@Inject::onTickStart(Lorg/spongepowered/asm/mixin/injection/callback/CallbackInfo;)V has 0 override(s) in child classes
[05May2026 00:44:02.066] [main/DEBUG] [mixin/]: xaerohud.mixins.json:MixinClientPlayerEntity from mod xaerominimap->@Inject::onTickStart(Lorg/spongepowered/asm/mixin/injection/callback/CallbackInfo;)V won't be passed a CallbackInfo as a result
[05May2026 00:44:02.069] [main/DEBUG] [mixin/]: Mixing shakes.AbstractClientPlayerMixin from relics.mixins.json into net.minecraft.client.player.AbstractClientPlayer
[05May2026 00:44:02.069] [main/DEBUG] [mixin/]: Mixing AbstractClientPlayerMixin from kubejs.mixins.json into net.minecraft.client.player.AbstractClientPlayer
[05May2026 00:44:02.069] [main/DEBUG] [mixin/]: Mixing MixinAbstractClientPlayerEntity from xaerohud.mixins.json into net.minecraft.client.player.AbstractClientPlayer
[05May2026 00:44:02.069] [main/DEBUG] [mixin/]: xaerohud.mixins.json:MixinAbstractClientPlayerEntity from mod xaerominimap: Class version 65 required is higher than the class version supported by the current version of Mixin (JAVA_17 supports class version 61)
[05May2026 00:44:02.071] [main/DEBUG] [mixin/]: relics.mixins.json:shakes.AbstractClientPlayerMixin from mod relics->@Inject::getFieldOfViewModifier(Lorg/spongepowered/asm/mixin/injection/callback/CallbackInfoReturnable;)V does use it's CallbackInfoReturnable
[05May2026 00:44:02.071] [main/DEBUG] [mixin/]: relics.mixins.json:shakes.AbstractClientPlayerMixin from mod relics->@Inject::getFieldOfViewModifier(Lorg/spongepowered/asm/mixin/injection/callback/CallbackInfoReturnable;)V does use it's CallbackInfoReturnable
[05May2026 00:44:02.074] [main/DEBUG] [mixin/]: Mixing RenderTargetMixin from gpumemleakfix.mixins.json into com.mojang.blaze3d.pipeline.RenderTarget
[05May2026 00:44:02.074] [main/DEBUG] [mixin/]: Mixing hud_batching.compat.MixinFramebuffer from immediatelyfast-common.mixins.json into com.mojang.blaze3d.pipeline.RenderTarget
[05May2026 00:44:02.074] [main/DEBUG] [mixin/]: immediatelyfast-common.mixins.json:hud_batching.compat.MixinFramebuffer from mod immediatelyfast: Class version 65 required is higher than the class version supported by the current version of Mixin (JAVA_17 supports class version 61)
[05May2026 00:44:02.075] [main/DEBUG] [mixin/]: immediatelyfast-common.mixins.json:hud_batching.compat.MixinFramebuffer from mod immediatelyfast->@Inject::checkForDrawCallWhileBatching(Lorg/spongepowered/asm/mixin/injection/callback/CallbackInfo;)V doesn't use it's CallbackInfo
[05May2026 00:44:02.075] [main/DEBUG] [mixin/]: immediatelyfast-common.mixins.json:hud_batching.compat.MixinFramebuffer from mod immediatelyfast->@Inject::checkForDrawCallWhileBatching(Lorg/spongepowered/asm/mixin/injection/callback/CallbackInfo;)V has 0 override(s) in child classes
[05May2026 00:44:02.075] [main/DEBUG] [mixin/]: immediatelyfast-common.mixins.json:hud_batching.compat.MixinFramebuffer from mod immediatelyfast->@Inject::checkForDrawCallWhileBatching(Lorg/spongepowered/asm/mixin/injection/callback/CallbackInfo;)V won't be passed a CallbackInfo as a result
[05May2026 00:44:02.077] [main/DEBUG] [mixin/]: Mixing ScreenMixin from relics.mixins.json into net.minecraft.client.gui.screens.Screen
[05May2026 00:44:02.078] [main/DEBUG] [mixin/]: Mixing ScreenAccessor from balm.neoforge.mixins.json into net.minecraft.client.gui.screens.Screen
[05May2026 00:44:02.078] [main/DEBUG] [mixin/]: Mixing ScreenMixin from emi.mixins.json into net.minecraft.client.gui.screens.Screen
[05May2026 00:44:02.078] [main/DEBUG] [mixin/]: emi.mixins.json:ScreenMixin from mod emi: Class version 65 required is higher than the class version supported by the current version of Mixin (JAVA_17 supports class version 61)
[05May2026 00:44:02.080] [main/DEBUG] [mixin/]: Mixing ScreenMixin from kubejs.mixins.json into net.minecraft.client.gui.screens.Screen
[05May2026 00:44:02.080] [main/DEBUG] [mixin/]: Mixing ScreenAccessor from tenshilib.mixins.json into net.minecraft.client.gui.screens.Screen
[05May2026 00:44:02.080] [main/DEBUG] [mixin/]: tenshilib.mixins.json:ScreenAccessor from mod tenshilib: Class version 65 required is higher than the class version supported by the current version of Mixin (JAVA_16 supports class version 60)
[05May2026 00:44:02.080] [main/DEBUG] [mixin/]: Mixing ScreenMixin from iceberg.mixins.json into net.minecraft.client.gui.screens.Screen
[05May2026 00:44:02.080] [main/DEBUG] [mixin/]: iceberg.mixins.json:ScreenMixin from mod iceberg: Class version 65 required is higher than the class version supported by the current version of Mixin (JAVA_17 supports class version 61)
[05May2026 00:44:02.080] [main/DEBUG] [mixin/]: Mixing client.AccessorScreen from patchouli_xplat.mixins.json into net.minecraft.client.gui.screens.Screen
[05May2026 00:44:02.080] [main/DEBUG] [mixin/]: Mixing ScreenMixin from octolib-common.mixins.json into net.minecraft.client.gui.screens.Screen
[05May2026 00:44:02.083] [main/DEBUG] [mixin/]: relics.mixins.json:ScreenMixin from mod relics->@Inject::tick(Lorg/spongepowered/asm/mixin/injection/callback/CallbackInfo;)V doesn't use it's CallbackInfo
[05May2026 00:44:02.083] [main/DEBUG] [mixin/]: relics.mixins.json:ScreenMixin from mod relics->@Inject::tick(Lorg/spongepowered/asm/mixin/injection/callback/CallbackInfo;)V has 0 override(s) in child classes
[05May2026 00:44:02.083] [main/DEBUG] [mixin/]: relics.mixins.json:ScreenMixin from mod relics->@Inject::tick(Lorg/spongepowered/asm/mixin/injection/callback/CallbackInfo;)V won't be passed a CallbackInfo as a result
[05May2026 00:44:02.083] [main/DEBUG] [mixin/]: relics.mixins.json:ScreenMixin from mod relics->@Inject::render(Lnet/minecraft/client/gui/GuiGraphics;IIFLorg/spongepowered/asm/mixin/injection/callback/CallbackInfo;)V doesn't use it's CallbackInfo
[05May2026 00:44:02.083] [main/DEBUG] [mixin/]: relics.mixins.json:ScreenMixin from mod relics->@Inject::render(Lnet/minecraft/client/gui/GuiGraphics;IIFLorg/spongepowered/asm/mixin/injection/callback/CallbackInfo;)V has 0 override(s) in child classes
[05May2026 00:44:02.083] [main/DEBUG] [mixin/]: relics.mixins.json:ScreenMixin from mod relics->@Inject::render(Lnet/minecraft/client/gui/GuiGraphics;IIFLorg/spongepowered/asm/mixin/injection/callback/CallbackInfo;)V won't be passed a CallbackInfo as a result
[05May2026 00:44:02.083] [main/DEBUG] [mixin/]: emi.mixins.json:ScreenMixin from mod emi->@Inject::init(Lnet/minecraft/client/Minecraft;IILorg/spongepowered/asm/mixin/injection/callback/CallbackInfo;)V doesn't use it's CallbackInfo
[05May2026 00:44:02.083] [main/DEBUG] [mixin/]: emi.mixins.json:ScreenMixin from mod emi->@Inject::init(Lnet/minecraft/client/Minecraft;IILorg/spongepowered/asm/mixin/injection/callback/CallbackInfo;)V has 0 override(s) in child classes
[05May2026 00:44:02.083] [main/DEBUG] [mixin/]: emi.mixins.json:ScreenMixin from mod emi->@Inject::init(Lnet/minecraft/client/Minecraft;IILorg/spongepowered/asm/mixin/injection/callback/CallbackInfo;)V won't be passed a CallbackInfo as a result
[05May2026 00:44:02.083] [main/DEBUG] [mixin/]: emi.mixins.json:ScreenMixin from mod emi->@Inject::resize(Lnet/minecraft/client/Minecraft;IILorg/spongepowered/asm/mixin/injection/callback/CallbackInfo;)V doesn't use it's CallbackInfo
[05May2026 00:44:02.083] [main/DEBUG] [mixin/]: emi.mixins.json:ScreenMixin from mod emi->@Inject::resize(Lnet/minecraft/client/Minecraft;IILorg/spongepowered/asm/mixin/injection/callback/CallbackInfo;)V has 0 override(s) in child classes
[05May2026 00:44:02.083] [main/DEBUG] [mixin/]: emi.mixins.json:ScreenMixin from mod emi->@Inject::resize(Lnet/minecraft/client/Minecraft;IILorg/spongepowered/asm/mixin/injection/callback/CallbackInfo;)V won't be passed a CallbackInfo as a result
[05May2026 00:44:02.083] [main/DEBUG] [mixin/]: iceberg.mixins.json:ScreenMixin from mod iceberg->@Inject::getTooltipFromItem(Lnet/minecraft/client/Minecraft;Lnet/minecraft/world/item/ItemStack;Lorg/spongepowered/asm/mixin/injection/callback/CallbackInfoReturnable;)Ljava/util/List; does use it's CallbackInfoReturnable
[05May2026 00:44:02.083] [main/DEBUG] [mixin/]: octolib-common.mixins.json:ScreenMixin from mod octolib->@Inject::beforeRender(Lnet/minecraft/client/gui/GuiGraphics;IIFLorg/spongepowered/asm/mixin/injection/callback/CallbackInfo;)V doesn't use it's CallbackInfo
[05May2026 00:44:02.083] [main/DEBUG] [mixin/]: octolib-common.mixins.json:ScreenMixin from mod octolib->@Inject::beforeRender(Lnet/minecraft/client/gui/GuiGraphics;IIFLorg/spongepowered/asm/mixin/injection/callback/CallbackInfo;)V has 0 override(s) in child classes
[05May2026 00:44:02.083] [main/DEBUG] [mixin/]: octolib-common.mixins.json:ScreenMixin from mod octolib->@Inject::beforeRender(Lnet/minecraft/client/gui/GuiGraphics;IIFLorg/spongepowered/asm/mixin/injection/callback/CallbackInfo;)V won't be passed a CallbackInfo as a result
[05May2026 00:44:02.087] [main/DEBUG] [mixin/]: Mixing EntityGetterMixin from kubejs.mixins.json into net.minecraft.world.level.EntityGetter
[05May2026 00:44:02.091] [main/DEBUG] [mixin/]: Mixing MixinLevelEvent from architectury.mixins.json into net.neoforged.neoforge.event.level.LevelEvent
[05May2026 00:44:02.091] [main/DEBUG] [mixin/]: architectury.mixins.json:MixinLevelEvent from mod architectury: Class version 65 required is higher than the class version supported by the current version of Mixin (JAVA_16 supports class version 60)
[05May2026 00:44:02.093] [main/DEBUG] [mixin/]: Mixing LevelMixin from kubejs.mixins.json into net.minecraft.world.level.Level
[05May2026 00:44:02.100] [main/DEBUG] [mixin/]: Mixing MixinClientLevel from xaerolib.mixins.json into net.minecraft.client.multiplayer.ClientLevel
[05May2026 00:44:02.100] [main/DEBUG] [mixin/]: xaerolib.mixins.json:MixinClientLevel from mod xaerolib: Class version 65 required is higher than the class version supported by the current version of Mixin (JAVA_17 supports class version 61)
[05May2026 00:44:02.100] [main/DEBUG] [mixin/]: Mixing MixinClientWorld from xaeroworldmap.mixins.json into net.minecraft.client.multiplayer.ClientLevel
[05May2026 00:44:02.100] [main/DEBUG] [mixin/]: xaeroworldmap.mixins.json:MixinClientWorld from mod xaeroworldmap: Class version 65 required is higher than the class version supported by the current version of Mixin (JAVA_17 supports class version 61)
[05May2026 00:44:02.100] [main/DEBUG] [mixin/]: Mixing ClientLevelMixin from kubejs.mixins.json into net.minecraft.client.multiplayer.ClientLevel
[05May2026 00:44:02.101] [main/DEBUG] [mixin/]: Mixing MixinClientWorld from xaerohud.mixins.json into net.minecraft.client.multiplayer.ClientLevel
[05May2026 00:44:02.101] [main/DEBUG] [mixin/]: xaerohud.mixins.json:MixinClientWorld from mod xaerominimap: Class version 65 required is higher than the class version supported by the current version of Mixin (JAVA_17 supports class version 61)
[05May2026 00:44:02.101] [main/DEBUG] [mixin/]: Mixing MixinClientLevel from architectury.mixins.json into net.minecraft.client.multiplayer.ClientLevel
[05May2026 00:44:02.101] [main/DEBUG] [mixin/]: architectury.mixins.json:MixinClientLevel from mod architectury: Class version 65 required is higher than the class version supported by the current version of Mixin (JAVA_16 supports class version 60)
[05May2026 00:44:02.101] [main/DEBUG] [mixin/]: Mixing ClientLevelMixin from octolib-common.mixins.json into net.minecraft.client.multiplayer.ClientLevel
[05May2026 00:44:02.103] [main/DEBUG] [mixin/]: architectury.mixins.json:MixinClientLevel from mod architectury->@Inject::tickEntities(Lorg/spongepowered/asm/mixin/injection/callback/CallbackInfo;)V doesn't use it's CallbackInfo
[05May2026 00:44:02.103] [main/DEBUG] [mixin/]: architectury.mixins.json:MixinClientLevel from mod architectury->@Inject::tickEntities(Lorg/spongepowered/asm/mixin/injection/callback/CallbackInfo;)V has 0 override(s) in child classes
[05May2026 00:44:02.103] [main/DEBUG] [mixin/]: architectury.mixins.json:MixinClientLevel from mod architectury->@Inject::tickEntities(Lorg/spongepowered/asm/mixin/injection/callback/CallbackInfo;)V won't be passed a CallbackInfo as a result
[05May2026 00:44:02.103] [main/DEBUG] [mixin/]: architectury.mixins.json:MixinClientLevel from mod architectury->@Inject::tickEntitiesPost(Lorg/spongepowered/asm/mixin/injection/callback/CallbackInfo;)V doesn't use it's CallbackInfo
[05May2026 00:44:02.103] [main/DEBUG] [mixin/]: architectury.mixins.json:MixinClientLevel from mod architectury->@Inject::tickEntitiesPost(Lorg/spongepowered/asm/mixin/injection/callback/CallbackInfo;)V has 0 override(s) in child classes
[05May2026 00:44:02.103] [main/DEBUG] [mixin/]: architectury.mixins.json:MixinClientLevel from mod architectury->@Inject::tickEntitiesPost(Lorg/spongepowered/asm/mixin/injection/callback/CallbackInfo;)V won't be passed a CallbackInfo as a result
[05May2026 00:44:02.103] [main/DEBUG] [mixin/]: octolib-common.mixins.json:ClientLevelMixin from mod octolib->@Inject::injectTrail(Lnet/minecraft/world/entity/Entity;Lorg/spongepowered/asm/mixin/injection/callback/CallbackInfo;)V doesn't use it's CallbackInfo
[05May2026 00:44:02.103] [main/DEBUG] [mixin/]: octolib-common.mixins.json:ClientLevelMixin from mod octolib->@Inject::injectTrail(Lnet/minecraft/world/entity/Entity;Lorg/spongepowered/asm/mixin/injection/callback/CallbackInfo;)V has 0 override(s) in child classes
[05May2026 00:44:02.103] [main/DEBUG] [mixin/]: octolib-common.mixins.json:ClientLevelMixin from mod octolib->@Inject::injectTrail(Lnet/minecraft/world/entity/Entity;Lorg/spongepowered/asm/mixin/injection/callback/CallbackInfo;)V won't be passed a CallbackInfo as a result
[05May2026 00:44:02.109] [main/DEBUG] [mixin/]: Mixing client.MixinChatScreen from mixins/common/nochatreports.mixins.json into net.minecraft.client.gui.screens.ChatScreen
[05May2026 00:44:02.109] [main/DEBUG] [mixin/]: Renaming synthetic method lambda$onInit$4()Lnet/minecraft/network/chat/Component; to md9b8020$nochatreports$lambda$onInit$4$0 in mixins/common/nochatreports.mixins.json:client.MixinChatScreen from mod nochatreports
[05May2026 00:44:02.110] [main/DEBUG] [mixin/]: Renaming synthetic method lambda$onInit$3(Lnet/minecraft/client/gui/components/Button;)V to md9b8020$nochatreports$lambda$onInit$3$1 in mixins/common/nochatreports.mixins.json:client.MixinChatScreen from mod nochatreports
[05May2026 00:44:02.110] [main/DEBUG] [mixin/]: Renaming synthetic method lambda$onInit$2()Lnet/minecraft/network/chat/Component; to md9b8020$nochatreports$lambda$onInit$2$2 in mixins/common/nochatreports.mixins.json:client.MixinChatScreen from mod nochatreports
[05May2026 00:44:02.110] [main/DEBUG] [mixin/]: Renaming synthetic method lambda$onInit$1(Lnet/minecraft/client/gui/components/Button;)V to md9b8020$nochatreports$lambda$onInit$1$3 in mixins/common/nochatreports.mixins.json:client.MixinChatScreen from mod nochatreports
[05May2026 00:44:02.110] [main/DEBUG] [mixin/]: Renaming synthetic method lambda$onBeforeMessage$0(Ljava/lang/String;Lorg/spongepowered/asm/mixin/injection/callback/CallbackInfoReturnable;Lcom/aizistral/nochatreports/common/encryption/Encryptor;)V to md9b8020$nochatreports$lambda$onBeforeMessage$0$4 in mixins/common/nochatreports.mixins.json:client.MixinChatScreen from mod nochatreports
[05May2026 00:44:02.125] [main/DEBUG] [mixin/]: mixins/common/nochatreports.mixins.json:client.MixinChatScreen from mod nochatreports->@Inject::onHandleChatInput(Ljava/lang/String;ZLorg/spongepowered/asm/mixin/injection/callback/CallbackInfo;)V does use it's CallbackInfo
[05May2026 00:44:02.125] [main/DEBUG] [mixin/]: mixins/common/nochatreports.mixins.json:client.MixinChatScreen from mod nochatreports->@Inject::onBeforeMessage(Ljava/lang/String;Lorg/spongepowered/asm/mixin/injection/callback/CallbackInfoReturnable;)V does use it's CallbackInfoReturnable
[05May2026 00:44:02.125] [main/DEBUG] [mixin/]: mixins/common/nochatreports.mixins.json:client.MixinChatScreen from mod nochatreports->@Inject::onInit(Lorg/spongepowered/asm/mixin/injection/callback/CallbackInfo;)V doesn't use it's CallbackInfo
[05May2026 00:44:02.125] [main/DEBUG] [mixin/]: mixins/common/nochatreports.mixins.json:client.MixinChatScreen from mod nochatreports->@Inject::onInit(Lorg/spongepowered/asm/mixin/injection/callback/CallbackInfo;)V has 0 override(s) in child classes
[05May2026 00:44:02.125] [main/DEBUG] [mixin/]: mixins/common/nochatreports.mixins.json:client.MixinChatScreen from mod nochatreports->@Inject::onInit(Lorg/spongepowered/asm/mixin/injection/callback/CallbackInfo;)V won't be passed a CallbackInfo as a result
[05May2026 00:44:02.131] [main/DEBUG] [mixin/]: Mixing InventoryScreenMixin from highlighter.mixins.json into net.minecraft.client.gui.screens.inventory.InventoryScreen
[05May2026 00:44:02.131] [main/DEBUG] [mixin/]: highlighter.mixins.json:InventoryScreenMixin from mod highlighter: Class version 65 required is higher than the class version supported by the current version of Mixin (JAVA_17 supports class version 61)
[05May2026 00:44:02.131] [main/DEBUG] [mixin/]: Mixing client.MixinInventoryScreen from patchouli_xplat.mixins.json into net.minecraft.client.gui.screens.inventory.InventoryScreen
[05May2026 00:44:02.136] [main/DEBUG] [mixin/]: patchouli_xplat.mixins.json:client.MixinInventoryScreen from mod patchouli->@Inject::onGuiInitPost(Lorg/spongepowered/asm/mixin/injection/callback/CallbackInfo;)V doesn't use it's CallbackInfo
[05May2026 00:44:02.136] [main/DEBUG] [mixin/]: patchouli_xplat.mixins.json:client.MixinInventoryScreen from mod patchouli->@Inject::onGuiInitPost(Lorg/spongepowered/asm/mixin/injection/callback/CallbackInfo;)V has 0 override(s) in child classes
[05May2026 00:44:02.136] [main/DEBUG] [mixin/]: patchouli_xplat.mixins.json:client.MixinInventoryScreen from mod patchouli->@Inject::onGuiInitPost(Lorg/spongepowered/asm/mixin/injection/callback/CallbackInfo;)V won't be passed a CallbackInfo as a result
[05May2026 00:44:02.139] [main/DEBUG] [mixin/]: Mixing AbstractInventoryScreenMixin from emi.mixins.json into net.minecraft.client.gui.screens.inventory.EffectRenderingInventoryScreen
[05May2026 00:44:02.139] [main/DEBUG] [mixin/]: emi.mixins.json:AbstractInventoryScreenMixin from mod emi: Class version 65 required is higher than the class version supported by the current version of Mixin (JAVA_17 supports class version 61)
[05May2026 00:44:02.146] [main/DEBUG] [mixin/]: emi.mixins.json:AbstractInventoryScreenMixin from mod emi->@Inject::drawStatusEffects(Lnet/minecraft/client/gui/GuiGraphics;IILorg/spongepowered/asm/mixin/injection/callback/CallbackInfo;)V doesn't use it's CallbackInfo
[05May2026 00:44:02.146] [main/DEBUG] [mixin/]: emi.mixins.json:AbstractInventoryScreenMixin from mod emi->@Inject::drawStatusEffects(Lnet/minecraft/client/gui/GuiGraphics;IILorg/spongepowered/asm/mixin/injection/callback/CallbackInfo;)V has 0 override(s) in child classes
[05May2026 00:44:02.146] [main/DEBUG] [mixin/]: emi.mixins.json:AbstractInventoryScreenMixin from mod emi->@Inject::drawStatusEffects(Lnet/minecraft/client/gui/GuiGraphics;IILorg/spongepowered/asm/mixin/injection/callback/CallbackInfo;)V won't be passed a CallbackInfo as a result
[05May2026 00:44:02.148] [main/DEBUG] [mixin/]: Mixing client.AbstractContainerScreenMixin from placebo.mixins.json into net.minecraft.client.gui.screens.inventory.AbstractContainerScreen
[05May2026 00:44:02.148] [main/DEBUG] [mixin/]: Mixing AbstractContainerScreenAccessor from balm.neoforge.mixins.json into net.minecraft.client.gui.screens.inventory.AbstractContainerScreen
[05May2026 00:44:02.148] [main/DEBUG] [mixin/]: Mixing accessor.HandledScreenAccessor from emi.mixins.json into net.minecraft.client.gui.screens.inventory.AbstractContainerScreen
[05May2026 00:44:02.148] [main/DEBUG] [mixin/]: emi.mixins.json:accessor.HandledScreenAccessor from mod emi: Class version 65 required is higher than the class version supported by the current version of Mixin (JAVA_17 supports class version 61)
[05May2026 00:44:02.150] [main/DEBUG] [mixin/]: Mixing HandledScreenMixin from emi.mixins.json into net.minecraft.client.gui.screens.inventory.AbstractContainerScreen
[05May2026 00:44:02.150] [main/DEBUG] [mixin/]: emi.mixins.json:HandledScreenMixin from mod emi: Class version 65 required is higher than the class version supported by the current version of Mixin (JAVA_17 supports class version 61)
[05May2026 00:44:02.150] [main/DEBUG] [mixin/]: Mixing AbstractContainerScreenAccessor from mousetweaks.mixins.json into net.minecraft.client.gui.screens.inventory.AbstractContainerScreen
[05May2026 00:44:02.150] [main/DEBUG] [mixin/]: mousetweaks.mixins.json:AbstractContainerScreenAccessor from mod mousetweaks: Class version 65 required is higher than the class version supported by the current version of Mixin (JAVA_17 supports class version 61)
[05May2026 00:44:02.150] [main/DEBUG] [mixin/]: Mixing AbstractContainerScreenMixin from supermartijn642corelib.mixins.json into net.minecraft.client.gui.screens.inventory.AbstractContainerScreen
[05May2026 00:44:02.150] [main/DEBUG] [mixin/]: supermartijn642corelib.mixins.json:AbstractContainerScreenMixin from mod supermartijn642corelib: Class version 65 required is higher than the class version supported by the current version of Mixin (JAVA_17 supports class version 61)
[05May2026 00:44:02.150] [main/DEBUG] [mixin/]: Mixing client.AbstractContainerScreenMixin from apothic_attributes.mixins.json into net.minecraft.client.gui.screens.inventory.AbstractContainerScreen
[05May2026 00:44:02.151] [main/DEBUG] [mixin/]: Mixing AbstractContainerScreenMixin from highlighter.neoforge.mixins.json into net.minecraft.client.gui.screens.inventory.AbstractContainerScreen
[05May2026 00:44:02.151] [main/DEBUG] [mixin/]: highlighter.neoforge.mixins.json:AbstractContainerScreenMixin from mod highlighter: Class version 65 required is higher than the class version supported by the current version of Mixin (JAVA_17 supports class version 61)
[05May2026 00:44:02.151] [main/DEBUG] [mixin/]: Mixing MixinAbstractContainerScreen from mixins.ipnext.json into net.minecraft.client.gui.screens.inventory.AbstractContainerScreen
[05May2026 00:44:02.151] [main/DEBUG] [mixin/]: Mixing AbstractContainerScreenMixin from octolib-common.mixins.json into net.minecraft.client.gui.screens.inventory.AbstractContainerScreen
[05May2026 00:44:02.157] [main/DEBUG] [mixin/]: emi.mixins.json:HandledScreenMixin from mod emi->@Inject::renderBackground(Lnet/minecraft/client/gui/GuiGraphics;IIFLorg/spongepowered/asm/mixin/injection/callback/CallbackInfo;)V doesn't use it's CallbackInfo
[05May2026 00:44:02.157] [main/DEBUG] [mixin/]: emi.mixins.json:HandledScreenMixin from mod emi->@Inject::renderBackground(Lnet/minecraft/client/gui/GuiGraphics;IIFLorg/spongepowered/asm/mixin/injection/callback/CallbackInfo;)V has 0 override(s) in child classes
[05May2026 00:44:02.157] [main/DEBUG] [mixin/]: emi.mixins.json:HandledScreenMixin from mod emi->@Inject::renderBackground(Lnet/minecraft/client/gui/GuiGraphics;IIFLorg/spongepowered/asm/mixin/injection/callback/CallbackInfo;)V won't be passed a CallbackInfo as a result
[05May2026 00:44:02.157] [main/DEBUG] [mixin/]: emi.mixins.json:HandledScreenMixin from mod emi->@Inject::renderForeground(Lnet/minecraft/client/gui/GuiGraphics;IIFLorg/spongepowered/asm/mixin/injection/callback/CallbackInfo;)V doesn't use it's CallbackInfo
[05May2026 00:44:02.157] [main/DEBUG] [mixin/]: emi.mixins.json:HandledScreenMixin from mod emi->@Inject::renderForeground(Lnet/minecraft/client/gui/GuiGraphics;IIFLorg/spongepowered/asm/mixin/injection/callback/CallbackInfo;)V has 0 override(s) in child classes
[05May2026 00:44:02.157] [main/DEBUG] [mixin/]: emi.mixins.json:HandledScreenMixin from mod emi->@Inject::renderForeground(Lnet/minecraft/client/gui/GuiGraphics;IIFLorg/spongepowered/asm/mixin/injection/callback/CallbackInfo;)V won't be passed a CallbackInfo as a result
[05May2026 00:44:02.157] [main/DEBUG] [mixin/]: supermartijn642corelib.mixins.json:AbstractContainerScreenMixin from mod supermartijn642corelib->@Inject::isHovering(Lnet/minecraft/world/inventory/Slot;DDLorg/spongepowered/asm/mixin/injection/callback/CallbackInfoReturnable;)V does use it's CallbackInfoReturnable
[05May2026 00:44:02.157] [main/DEBUG] [mixin/]: apothic_attributes.mixins.json:client.AbstractContainerScreenMixin from mod apothic_attributes->@Inject::apoth_superMouseDragged(DDIDDLorg/spongepowered/asm/mixin/injection/callback/CallbackInfoReturnable;)V does use it's CallbackInfoReturnable
[05May2026 00:44:02.157] [main/DEBUG] [mixin/]: highlighter.neoforge.mixins.json:AbstractContainerScreenMixin from mod highlighter->@Inject::renderSlotContents(Lnet/minecraft/client/gui/GuiGraphics;Lnet/minecraft/world/item/ItemStack;Lnet/minecraft/world/inventory/Slot;Ljava/lang/String;Lorg/spongepowered/asm/mixin/injection/callback/CallbackInfo;)V doesn't use it's CallbackInfo
[05May2026 00:44:02.157] [main/DEBUG] [mixin/]: highlighter.neoforge.mixins.json:AbstractContainerScreenMixin from mod highlighter->@Inject::renderSlotContents(Lnet/minecraft/client/gui/GuiGraphics;Lnet/minecraft/world/item/ItemStack;Lnet/minecraft/world/inventory/Slot;Ljava/lang/String;Lorg/spongepowered/asm/mixin/injection/callback/CallbackInfo;)V has 0 override(s) in child classes
[05May2026 00:44:02.157] [main/DEBUG] [mixin/]: highlighter.neoforge.mixins.json:AbstractContainerScreenMixin from mod highlighter->@Inject::renderSlotContents(Lnet/minecraft/client/gui/GuiGraphics;Lnet/minecraft/world/item/ItemStack;Lnet/minecraft/world/inventory/Slot;Ljava/lang/String;Lorg/spongepowered/asm/mixin/injection/callback/CallbackInfo;)V won't be passed a CallbackInfo as a result
[05May2026 00:44:02.157] [main/DEBUG] [mixin/]: mixins.ipnext.json:MixinAbstractContainerScreen from mod inventoryprofilesnext->@Inject::slotClicked(Lnet/minecraft/world/inventory/Slot;IILnet/minecraft/world/inventory/ClickType;Lorg/spongepowered/asm/mixin/injection/callback/CallbackInfo;)V does use it's CallbackInfo
[05May2026 00:44:02.157] [main/DEBUG] [mixin/]: mixins.ipnext.json:MixinAbstractContainerScreen from mod inventoryprofilesnext->@Inject::afterSlotClicked(Lnet/minecraft/world/inventory/Slot;IILnet/minecraft/world/inventory/ClickType;Lorg/spongepowered/asm/mixin/injection/callback/CallbackInfo;)V doesn't use it's CallbackInfo
[05May2026 00:44:02.157] [main/DEBUG] [mixin/]: mixins.ipnext.json:MixinAbstractContainerScreen from mod inventoryprofilesnext->@Inject::afterSlotClicked(Lnet/minecraft/world/inventory/Slot;IILnet/minecraft/world/inventory/ClickType;Lorg/spongepowered/asm/mixin/injection/callback/CallbackInfo;)V has 0 override(s) in child classes
[05May2026 00:44:02.157] [main/DEBUG] [mixin/]: mixins.ipnext.json:MixinAbstractContainerScreen from mod inventoryprofilesnext->@Inject::afterSlotClicked(Lnet/minecraft/world/inventory/Slot;IILnet/minecraft/world/inventory/ClickType;Lorg/spongepowered/asm/mixin/injection/callback/CallbackInfo;)V won't be passed a CallbackInfo as a result
[05May2026 00:44:02.157] [main/DEBUG] [mixin/]: octolib-common.mixins.json:AbstractContainerScreenMixin from mod octolib->@Inject::renderParticles(Lnet/minecraft/client/gui/GuiGraphics;IIFLorg/spongepowered/asm/mixin/injection/callback/CallbackInfo;)V doesn't use it's CallbackInfo
[05May2026 00:44:02.157] [main/DEBUG] [mixin/]: octolib-common.mixins.json:AbstractContainerScreenMixin from mod octolib->@Inject::renderParticles(Lnet/minecraft/client/gui/GuiGraphics;IIFLorg/spongepowered/asm/mixin/injection/callback/CallbackInfo;)V has 0 override(s) in child classes
[05May2026 00:44:02.158] [main/DEBUG] [mixin/]: octolib-common.mixins.json:AbstractContainerScreenMixin from mod octolib->@Inject::renderParticles(Lnet/minecraft/client/gui/GuiGraphics;IIFLorg/spongepowered/asm/mixin/injection/callback/CallbackInfo;)V won't be passed a CallbackInfo as a result
[05May2026 00:44:02.163] [main/DEBUG] [mixin/]: Mixing client.MixinTitleScreen from mixins/common/nochatreports.mixins.json into net.minecraft.client.gui.screens.TitleScreen
[05May2026 00:44:02.165] [main/DEBUG] [mixin/]: mixins/common/nochatreports.mixins.json:client.MixinTitleScreen from mod nochatreports->@Inject::onRealmsButtonClicked(Lnet/minecraft/client/gui/components/Button;Lorg/spongepowered/asm/mixin/injection/callback/CallbackInfo;)V does use it's CallbackInfo
[05May2026 00:44:02.183] [pool-23-thread-1/DEBUG] [mixin/]: Mixing core.BootstrapMixin from modernfix-modernfix.mixins.json into net.minecraft.server.Bootstrap
[05May2026 00:44:02.186] [pool-23-thread-1/DEBUG] [mixin/]: Mixing feature.measure_time.BootstrapMixin from modernfix-modernfix.mixins.json into net.minecraft.server.Bootstrap
[05May2026 00:44:02.186] [pool-23-thread-1/DEBUG] [mixin/]: Mixing core.BootstrapClientMixin from modernfix-modernfix.mixins.json into net.minecraft.server.Bootstrap
[05May2026 00:44:02.187] [pool-23-thread-1/DEBUG] [mixin/]: modernfix-modernfix.mixins.json:core.BootstrapMixin from mod modernfix->@Inject::doModernFixBootstrap(Lorg/spongepowered/asm/mixin/injection/callback/CallbackInfo;)V doesn't use it's CallbackInfo
[05May2026 00:44:02.188] [pool-23-thread-1/DEBUG] [mixin/]: modernfix-modernfix.mixins.json:feature.measure_time.BootstrapMixin from mod modernfix->@Inject::recordStartTime(Lorg/spongepowered/asm/mixin/injection/callback/CallbackInfo;)V doesn't use it's CallbackInfo
[05May2026 00:44:02.188] [pool-23-thread-1/DEBUG] [mixin/]: modernfix-modernfix.mixins.json:feature.measure_time.BootstrapMixin from mod modernfix->@Inject::printStartTime(Lorg/spongepowered/asm/mixin/injection/callback/CallbackInfo;)V doesn't use it's CallbackInfo
[05May2026 00:44:02.188] [pool-23-thread-1/DEBUG] [mixin/]: modernfix-modernfix.mixins.json:core.BootstrapClientMixin from mod modernfix->@Inject::loadClientClasses(Lorg/spongepowered/asm/mixin/injection/callback/CallbackInfo;)V doesn't use it's CallbackInfo
[05May2026 00:44:02.190] [pool-23-thread-1/INFO] [net.minecraft.server.Bootstrap/]: ModernFix reached bootstrap stage (7.249 s after launch)
[05May2026 00:44:02.207] [pool-23-thread-1/DEBUG] [mixin/]: Mixing MappedRegistryAccessor from neoforge.mixins.json into net.minecraft.core.MappedRegistry
[05May2026 00:44:02.208] [pool-23-thread-1/DEBUG] [mixin/]: Mixing perf.compact_mojang_registries.MappedRegistryMixin from modernfix-modernfix.mixins.json into net.minecraft.core.MappedRegistry
[05May2026 00:44:02.211] [pool-23-thread-1/DEBUG] [mixin/]: Mixing MappedRegistryMixin from supermartijn642corelib.mixins.json into net.minecraft.core.MappedRegistry
[05May2026 00:44:02.211] [pool-23-thread-1/DEBUG] [mixin/]: supermartijn642corelib.mixins.json:MappedRegistryMixin from mod supermartijn642corelib: Class version 65 required is higher than the class version supported by the current version of Mixin (JAVA_17 supports class version 61)
[05May2026 00:44:02.213] [pool-23-thread-1/DEBUG] [mixin/]: Mixing MappedRegistryMixin from structureessentials.mixins.json into net.minecraft.core.MappedRegistry
[05May2026 00:44:02.217] [pool-23-thread-1/DEBUG] [mixin/]: modernfix-modernfix.mixins.json:perf.compact_mojang_registries.MappedRegistryMixin from mod modernfix->@Inject::replaceStorage(Lorg/spongepowered/asm/mixin/injection/callback/CallbackInfo;)V doesn't use it's CallbackInfo
[05May2026 00:44:02.217] [pool-23-thread-1/DEBUG] [mixin/]: modernfix-modernfix.mixins.json:perf.compact_mojang_registries.MappedRegistryMixin from mod modernfix->@Inject::replaceStorage(Lorg/spongepowered/asm/mixin/injection/callback/CallbackInfo;)V has 0 override(s) in child classes
[05May2026 00:44:02.217] [pool-23-thread-1/DEBUG] [mixin/]: modernfix-modernfix.mixins.json:perf.compact_mojang_registries.MappedRegistryMixin from mod modernfix->@Inject::replaceStorage(Lorg/spongepowered/asm/mixin/injection/callback/CallbackInfo;)V won't be passed a CallbackInfo as a result
[05May2026 00:44:02.217] [pool-23-thread-1/DEBUG] [mixin/]: supermartijn642corelib.mixins.json:MappedRegistryMixin from mod supermartijn642corelib->@Inject::registerMappingHead(Lnet/minecraft/resources/ResourceKey;Ljava/lang/Object;Lnet/minecraft/core/RegistrationInfo;Lorg/spongepowered/asm/mixin/injection/callback/CallbackInfoReturnable;)V doesn't use it's CallbackInfoReturnable
[05May2026 00:44:02.217] [pool-23-thread-1/DEBUG] [mixin/]: supermartijn642corelib.mixins.json:MappedRegistryMixin from mod supermartijn642corelib->@Inject::registerMappingHead(Lnet/minecraft/resources/ResourceKey;Ljava/lang/Object;Lnet/minecraft/core/RegistrationInfo;Lorg/spongepowered/asm/mixin/injection/callback/CallbackInfoReturnable;)V has 0 override(s) in child classes
[05May2026 00:44:02.217] [pool-23-thread-1/DEBUG] [mixin/]: supermartijn642corelib.mixins.json:MappedRegistryMixin from mod supermartijn642corelib->@Inject::registerMappingHead(Lnet/minecraft/resources/ResourceKey;Ljava/lang/Object;Lnet/minecraft/core/RegistrationInfo;Lorg/spongepowered/asm/mixin/injection/callback/CallbackInfoReturnable;)V won't be passed a CallbackInfoReturnable as a result
[05May2026 00:44:02.217] [pool-23-thread-1/DEBUG] [mixin/]: supermartijn642corelib.mixins.json:MappedRegistryMixin from mod supermartijn642corelib->@Inject::registerMappingTail(Lnet/minecraft/resources/ResourceKey;Ljava/lang/Object;Lnet/minecraft/core/RegistrationInfo;Lorg/spongepowered/asm/mixin/injection/callback/CallbackInfoReturnable;)V doesn't use it's CallbackInfoReturnable
[05May2026 00:44:02.217] [pool-23-thread-1/DEBUG] [mixin/]: supermartijn642corelib.mixins.json:MappedRegistryMixin from mod supermartijn642corelib->@Inject::registerMappingTail(Lnet/minecraft/resources/ResourceKey;Ljava/lang/Object;Lnet/minecraft/core/RegistrationInfo;Lorg/spongepowered/asm/mixin/injection/callback/CallbackInfoReturnable;)V has 0 override(s) in child classes
[05May2026 00:44:02.217] [pool-23-thread-1/DEBUG] [mixin/]: supermartijn642corelib.mixins.json:MappedRegistryMixin from mod supermartijn642corelib->@Inject::registerMappingTail(Lnet/minecraft/resources/ResourceKey;Ljava/lang/Object;Lnet/minecraft/core/RegistrationInfo;Lorg/spongepowered/asm/mixin/injection/callback/CallbackInfoReturnable;)V won't be passed a CallbackInfoReturnable as a result
[05May2026 00:44:02.219] [pool-23-thread-1/DEBUG] [mixin/]: Mixing HolderMixin from kubejs.mixins.json into net.minecraft.core.Holder
[05May2026 00:44:02.219] [pool-23-thread-1/DEBUG] [mixin/]: Renaming synthetic method lambda$kjs$isTag$0(Lnet/minecraft/resources/ResourceLocation;Lnet/minecraft/resources/ResourceKey;)Ljava/lang/Boolean; to md9b8020$kubejs$lambda$kjs$isTag$0$0 in kubejs.mixins.json:HolderMixin from mod kubejs
[05May2026 00:44:02.224] [pool-23-thread-1/DEBUG] [mixin/]: Mixing ResourceKeyMixin from kubejs.mixins.json into net.minecraft.resources.ResourceKey
[05May2026 00:44:02.225] [pool-23-thread-1/DEBUG] [mixin/]: kubejs.mixins.json:ResourceKeyMixin from mod kubejs->@Inject::kjs$getKeyStackTraces(Lnet/minecraft/resources/ResourceLocation;Lnet/minecraft/resources/ResourceLocation;Lorg/spongepowered/asm/mixin/injection/callback/CallbackInfo;)V doesn't use it's CallbackInfo
[05May2026 00:44:02.225] [pool-23-thread-1/DEBUG] [mixin/]: kubejs.mixins.json:ResourceKeyMixin from mod kubejs->@Inject::kjs$getKeyStackTraces(Lnet/minecraft/resources/ResourceLocation;Lnet/minecraft/resources/ResourceLocation;Lorg/spongepowered/asm/mixin/injection/callback/CallbackInfo;)V has 0 override(s) in child classes
[05May2026 00:44:02.225] [pool-23-thread-1/DEBUG] [mixin/]: kubejs.mixins.json:ResourceKeyMixin from mod kubejs->@Inject::kjs$getKeyStackTraces(Lnet/minecraft/resources/ResourceLocation;Lnet/minecraft/resources/ResourceLocation;Lorg/spongepowered/asm/mixin/injection/callback/CallbackInfo;)V won't be passed a CallbackInfo as a result
[05May2026 00:44:02.236] [pool-23-thread-1/DEBUG] [mixin/]: Mixing HolderReferenceMixin from supermartijn642corelib.mixins.json into net.minecraft.core.Holder$Reference
[05May2026 00:44:02.236] [pool-23-thread-1/DEBUG] [mixin/]: supermartijn642corelib.mixins.json:HolderReferenceMixin from mod supermartijn642corelib: Class version 65 required is higher than the class version supported by the current version of Mixin (JAVA_17 supports class version 61)
[05May2026 00:44:02.244] [pool-23-thread-1/DEBUG] [mixin/]: Mixing poi.MixinPoiTypes from lootr-common.mixins.json into net.minecraft.world.entity.ai.village.poi.PoiTypes
[05May2026 00:44:02.245] [pool-23-thread-1/DEBUG] [mixin/]: lootr-common.mixins.json:poi.MixinPoiTypes from mod lootr->@Inject::LootrForState(Lnet/minecraft/world/level/block/state/BlockState;Lorg/spongepowered/asm/mixin/injection/callback/CallbackInfoReturnable;)V does use it's CallbackInfoReturnable
[05May2026 00:44:02.245] [pool-23-thread-1/DEBUG] [mixin/]: lootr-common.mixins.json:poi.MixinPoiTypes from mod lootr->@Inject::LootrHasPoi(Lnet/minecraft/world/level/block/state/BlockState;Lorg/spongepowered/asm/mixin/injection/callback/CallbackInfoReturnable;)V does use it's CallbackInfoReturnable
[05May2026 00:44:02.245] [pool-23-thread-1/DEBUG] [mixin/]: Mixing perf.model_optimizations.PropertyMixin from modernfix-modernfix.mixins.json into net.minecraft.world.level.block.state.properties.Property
[05May2026 00:44:02.247] [pool-23-thread-1/DEBUG] [mixin/]: Mixing poi.MixinPoiType from lootr-common.mixins.json into net.minecraft.world.entity.ai.village.poi.PoiType
[05May2026 00:44:02.249] [pool-23-thread-1/DEBUG] [mixin/]: lootr-common.mixins.json:poi.MixinPoiType from mod lootr->@Inject::LootrGetBlockStates(Lnet/minecraft/world/level/block/state/BlockState;Lorg/spongepowered/asm/mixin/injection/callback/CallbackInfoReturnable;)V does use it's CallbackInfoReturnable
[05May2026 00:44:02.257] [pool-23-thread-1/DEBUG] [net.neoforged.coremod.transformer.CoreModBaseTransformer/COREMOD]: Transforming net/minecraft/world/item/CreativeModeTabs
[05May2026 00:44:02.280] [pool-23-thread-1/INFO] [net.neoforged.coremod.CoreMod.apothic_enchanting/COREMODLOG]: Replaced 2 calls to Enchantment#getMaxLevel() in net/minecraft/world/item/CreativeModeTabs
[05May2026 00:44:02.284] [pool-23-thread-1/DEBUG] [mixin/]: Mixing perf.memoize_creative_tab_build.CreativeModeTabMixin from modernfix-modernfix.mixins.json into net.minecraft.world.item.CreativeModeTab
[05May2026 00:44:02.284] [pool-23-thread-1/DEBUG] [mixin/]: Mixing CreativeModeTabMixin from kubejs.mixins.json into net.minecraft.world.item.CreativeModeTab
[05May2026 00:44:02.284] [pool-23-thread-1/DEBUG] [mixin/]: Mixing MixinItemGroup from mixins.ipnext.json into net.minecraft.world.item.CreativeModeTab
[05May2026 00:44:02.294] [pool-23-thread-1/DEBUG] [mixin/]: Mixing perf.encoder_cache_leak.DataComponentsAccessor from modernfix-modernfix.mixins.json into net.minecraft.core.component.DataComponents
[05May2026 00:44:02.294] [pool-23-thread-1/DEBUG] [mixin/]: Renaming @Accessor method mfix$getCache()Lnet/minecraft/util/EncoderCache; to mfix$getCache$modernfix_$md$9b8020$0 in modernfix-modernfix.mixins.json:perf.encoder_cache_leak.DataComponentsAccessor from mod modernfix
[05May2026 00:44:02.294] [pool-23-thread-1/DEBUG] [mixin/]: Mixing DataComponentsMixin from kubejs.mixins.json into net.minecraft.core.component.DataComponents
[05May2026 00:44:02.304] [pool-23-thread-1/DEBUG] [mixin/]: Mixing FireBlockMixin from moonlight.mixins.json into net.minecraft.world.level.block.FireBlock
[05May2026 00:44:02.305] [pool-23-thread-1/DEBUG] [mixin/]: moonlight.mixins.json:FireBlockMixin from mod moonlight: Class version 65 required is higher than the class version supported by the current version of Mixin (JAVA_17 supports class version 61)
[05May2026 00:44:02.309] [pool-23-thread-1/DEBUG] [mixin/]: Mixing BlockMixin from relics.mixins.json into net.minecraft.world.level.block.Block
[05May2026 00:44:02.310] [pool-23-thread-1/DEBUG] [mixin/]: Renaming synthetic method lambda$onEntityFall$3(Lit/hurts/sskirillss/relics/items/relics/feet/SpringyBootItem;Lnet/minecraft/world/entity/LivingEntity;Lnet/minecraft/world/item/ItemStack;ILnet/minecraft/core/BlockPos;Lnet/minecraft/world/level/Level;FI)V to md9b8020$relics$lambda$onEntityFall$3$0 in relics.mixins.json:BlockMixin from mod relics
[05May2026 00:44:02.310] [pool-23-thread-1/DEBUG] [mixin/]: Renaming synthetic method lambda$onEntityFall$2(Ljava/util/ArrayList;Lnet/minecraft/core/BlockPos;ILnet/minecraft/world/level/Level;FILnet/minecraft/world/entity/LivingEntity;Lnet/minecraft/world/item/ItemStack;)V to md9b8020$relics$lambda$onEntityFall$2$1 in relics.mixins.json:BlockMixin from mod relics
[05May2026 00:44:02.311] [pool-23-thread-1/DEBUG] [mixin/]: Renaming synthetic method lambda$onEntityFall$1(Lnet/minecraft/core/BlockPos;Lnet/minecraft/world/level/Level;FIFLnet/minecraft/world/entity/LivingEntity;Lnet/minecraft/world/item/ItemStack;Ljava/util/Random;ILnet/minecraft/core/BlockPos;)V to md9b8020$relics$lambda$onEntityFall$1$2 in relics.mixins.json:BlockMixin from mod relics
[05May2026 00:44:02.311] [pool-23-thread-1/DEBUG] [mixin/]: Renaming synthetic method lambda$onEntityFall$0(Lnet/minecraft/core/BlockPos;ILnet/minecraft/core/BlockPos;)Z to md9b8020$relics$lambda$onEntityFall$0$3 in relics.mixins.json:BlockMixin from mod relics
[05May2026 00:44:02.325] [pool-23-thread-1/DEBUG] [mixin/]: Mixing BlockMixin from kubejs.mixins.json into net.minecraft.world.level.block.Block
[05May2026 00:44:02.326] [pool-23-thread-1/DEBUG] [mixin/]: Mixing BlockMixin from ftbultimine-common.mixins.json into net.minecraft.world.level.block.Block
[05May2026 00:44:02.326] [pool-23-thread-1/DEBUG] [mixin/]: ftbultimine-common.mixins.json:BlockMixin from mod ftbultimine: Class version 65 required is higher than the class version supported by the current version of Mixin (JAVA_8 supports class version 52)
[05May2026 00:44:02.328] [pool-23-thread-1/DEBUG] [mixin/]: Mixing inject.MixinBlock from architectury-common.mixins.json into net.minecraft.world.level.block.Block
[05May2026 00:44:02.328] [pool-23-thread-1/DEBUG] [mixin/]: architectury-common.mixins.json:inject.MixinBlock from mod architectury: Class version 65 required is higher than the class version supported by the current version of Mixin (JAVA_16 supports class version 60)
[05May2026 00:44:02.328] [pool-23-thread-1/DEBUG] [mixin/]: Mixing accessor.AccessorMixinBlock from lootr-common.mixins.json into net.minecraft.world.level.block.Block
[05May2026 00:44:02.328] [pool-23-thread-1/DEBUG] [mixin/]: Mixing BlockMixin from apothic_enchanting.mixins.json into net.minecraft.world.level.block.Block
[05May2026 00:44:02.335] [pool-23-thread-1/DEBUG] [mixin/]: relics.mixins.json:BlockMixin from mod relics->@Inject::onEntityFall(Lnet/minecraft/world/level/Level;Lnet/minecraft/world/level/block/state/BlockState;Lnet/minecraft/core/BlockPos;Lnet/minecraft/world/entity/Entity;FLorg/spongepowered/asm/mixin/injection/callback/CallbackInfo;)V does use it's CallbackInfo
[05May2026 00:44:02.335] [pool-23-thread-1/DEBUG] [mixin/]: relics.mixins.json:BlockMixin from mod relics->@Inject::onEntityFall(Lnet/minecraft/world/level/BlockGetter;Lnet/minecraft/world/entity/Entity;Lorg/spongepowered/asm/mixin/injection/callback/CallbackInfo;)V does use it's CallbackInfo
[05May2026 00:44:02.335] [pool-23-thread-1/DEBUG] [mixin/]: kubejs.mixins.json:BlockMixin from mod kubejs->@Inject::kjs$getName(Lorg/spongepowered/asm/mixin/injection/callback/CallbackInfoReturnable;)V does use it's CallbackInfoReturnable
[05May2026 00:44:02.335] [pool-23-thread-1/DEBUG] [mixin/]: ftbultimine-common.mixins.json:BlockMixin from mod ftbultimine->@Inject::onPlayerWillDestroy(Lnet/minecraft/world/level/Level;Lnet/minecraft/core/BlockPos;Lnet/minecraft/world/level/block/state/BlockState;Lnet/minecraft/world/entity/player/Player;Lorg/spongepowered/asm/mixin/injection/callback/CallbackInfoReturnable;)V doesn't use it's CallbackInfoReturnable
[05May2026 00:44:02.335] [pool-23-thread-1/DEBUG] [mixin/]: ftbultimine-common.mixins.json:BlockMixin from mod ftbultimine->@Inject::onPlayerWillDestroy(Lnet/minecraft/world/level/Level;Lnet/minecraft/core/BlockPos;Lnet/minecraft/world/level/block/state/BlockState;Lnet/minecraft/world/entity/player/Player;Lorg/spongepowered/asm/mixin/injection/callback/CallbackInfoReturnable;)V has 0 override(s) in child classes
[05May2026 00:44:02.335] [pool-23-thread-1/DEBUG] [mixin/]: ftbultimine-common.mixins.json:BlockMixin from mod ftbultimine->@Inject::onPlayerWillDestroy(Lnet/minecraft/world/level/Level;Lnet/minecraft/core/BlockPos;Lnet/minecraft/world/level/block/state/BlockState;Lnet/minecraft/world/entity/player/Player;Lorg/spongepowered/asm/mixin/injection/callback/CallbackInfoReturnable;)V won't be passed a CallbackInfoReturnable as a result
[05May2026 00:44:02.344] [pool-23-thread-1/DEBUG] [mixin/]: Mixing perf.reduce_blockstate_cache_rebuilds.BlockBehaviourInvoker from modernfix-modernfix.mixins.json into net.minecraft.world.level.block.state.BlockBehaviour
[05May2026 00:44:02.344] [pool-23-thread-1/DEBUG] [mixin/]: Mixing BlockBehaviourMixin from kubejs.mixins.json into net.minecraft.world.level.block.state.BlockBehaviour
[05May2026 00:44:02.346] [pool-23-thread-1/DEBUG] [mixin/]: Mixing BlockBehaviorMixin from moonlight-common.mixins.json into net.minecraft.world.level.block.state.BlockBehaviour
[05May2026 00:44:02.346] [pool-23-thread-1/DEBUG] [mixin/]: moonlight-common.mixins.json:BlockBehaviorMixin from mod moonlight: Class version 65 required is higher than the class version supported by the current version of Mixin (JAVA_17 supports class version 61)
[05May2026 00:44:02.348] [pool-23-thread-1/DEBUG] [mixin/]: kubejs.mixins.json:BlockBehaviourMixin from mod kubejs->@Inject::onRandomTick(Lnet/minecraft/world/level/block/state/BlockState;Lnet/minecraft/server/level/ServerLevel;Lnet/minecraft/core/BlockPos;Lnet/minecraft/util/RandomSource;Lorg/spongepowered/asm/mixin/injection/callback/CallbackInfo;)V does use it's CallbackInfo
[05May2026 00:44:02.348] [pool-23-thread-1/DEBUG] [mixin/]: moonlight-common.mixins.json:BlockBehaviorMixin from mod moonlight->@Inject::moonlight$cleanupOptional(Lnet/minecraft/world/level/block/state/BlockState;Lnet/minecraft/world/level/Level;Lnet/minecraft/core/BlockPos;Lnet/minecraft/world/level/block/state/BlockState;ZLorg/spongepowered/asm/mixin/injection/callback/CallbackInfo;)V doesn't use it's CallbackInfo
[05May2026 00:44:02.348] [pool-23-thread-1/DEBUG] [mixin/]: moonlight-common.mixins.json:BlockBehaviorMixin from mod moonlight->@Inject::moonlight$cleanupOptional(Lnet/minecraft/world/level/block/state/BlockState;Lnet/minecraft/world/level/Level;Lnet/minecraft/core/BlockPos;Lnet/minecraft/world/level/block/state/BlockState;ZLorg/spongepowered/asm/mixin/injection/callback/CallbackInfo;)V has 0 override(s) in child classes
[05May2026 00:44:02.348] [pool-23-thread-1/DEBUG] [mixin/]: moonlight-common.mixins.json:BlockBehaviorMixin from mod moonlight->@Inject::moonlight$cleanupOptional(Lnet/minecraft/world/level/block/state/BlockState;Lnet/minecraft/world/level/Level;Lnet/minecraft/core/BlockPos;Lnet/minecraft/world/level/block/state/BlockState;ZLorg/spongepowered/asm/mixin/injection/callback/CallbackInfo;)V won't be passed a CallbackInfo as a result
[05May2026 00:44:02.352] [pool-23-thread-1/DEBUG] [mixin/]: Mixing perf.reduce_blockstate_cache_rebuilds.BlockStateBaseMixin from modernfix-modernfix.mixins.json into net.minecraft.world.level.block.state.BlockBehaviour$BlockStateBase
[05May2026 00:44:02.352] [pool-23-thread-1/DEBUG] [mixin/]: Mixing BlockStateMixin from relics.mixins.json into net.minecraft.world.level.block.state.BlockBehaviour$BlockStateBase
[05May2026 00:44:02.354] [pool-23-thread-1/DEBUG] [mixin/]: Mixing BlockStateBaseMixin from kubejs.mixins.json into net.minecraft.world.level.block.state.BlockBehaviour$BlockStateBase
[05May2026 00:44:02.355] [pool-23-thread-1/DEBUG] [mixin/]: Mixing BlockStateBaseMixin from moonlight-common.mixins.json into net.minecraft.world.level.block.state.BlockBehaviour$BlockStateBase
[05May2026 00:44:02.355] [pool-23-thread-1/DEBUG] [mixin/]: moonlight-common.mixins.json:BlockStateBaseMixin from mod moonlight: Class version 65 required is higher than the class version supported by the current version of Mixin (JAVA_17 supports class version 61)
[05May2026 00:44:02.355] [pool-23-thread-1/DEBUG] [mixin/]: Mixing BlockStateBaseMixin from ferritecore.blockstatecache.mixin.json into net.minecraft.world.level.block.state.BlockBehaviour$BlockStateBase
[05May2026 00:44:02.355] [pool-23-thread-1/DEBUG] [mixin/]: ferritecore.blockstatecache.mixin.json:BlockStateBaseMixin from mod ferritecore: Class version 65 required is higher than the class version supported by the current version of Mixin (JAVA_17 supports class version 61)
[05May2026 00:44:02.355] [pool-23-thread-1/DEBUG] [mixin/]: Mixing fluidcollision.BlockStateBaseMixin from expandability-common.mixins.json into net.minecraft.world.level.block.state.BlockBehaviour$BlockStateBase
[05May2026 00:44:02.355] [pool-23-thread-1/DEBUG] [mixin/]: expandability-common.mixins.json:fluidcollision.BlockStateBaseMixin from mod expandability: Class version 65 required is higher than the class version supported by the current version of Mixin (JAVA_17 supports class version 61)
[05May2026 00:44:02.375] [pool-23-thread-1/DEBUG] [mixin/]: relics.mixins.json:BlockStateMixin from mod relics->@Inject::getCollisionShape(Lnet/minecraft/world/level/BlockGetter;Lnet/minecraft/core/BlockPos;Lnet/minecraft/world/phys/shapes/CollisionContext;Lorg/spongepowered/asm/mixin/injection/callback/CallbackInfoReturnable;)V does use it's CallbackInfoReturnable
[05May2026 00:44:02.375] [pool-23-thread-1/DEBUG] [mixin/]: kubejs.mixins.json:BlockStateBaseMixin from mod kubejs->@Inject::kjs$onRandomTick(Lnet/minecraft/server/level/ServerLevel;Lnet/minecraft/core/BlockPos;Lnet/minecraft/util/RandomSource;Lorg/spongepowered/asm/mixin/injection/callback/CallbackInfo;)V does use it's CallbackInfo
[05May2026 00:44:02.375] [pool-23-thread-1/DEBUG] [mixin/]: ferritecore.blockstatecache.mixin.json:BlockStateBaseMixin from mod ferritecore->@Inject::cacheStateHead(Lorg/spongepowered/asm/mixin/injection/callback/CallbackInfo;)V doesn't use it's CallbackInfo
[05May2026 00:44:02.375] [pool-23-thread-1/DEBUG] [mixin/]: ferritecore.blockstatecache.mixin.json:BlockStateBaseMixin from mod ferritecore->@Inject::cacheStateHead(Lorg/spongepowered/asm/mixin/injection/callback/CallbackInfo;)V has 0 override(s) in child classes
[05May2026 00:44:02.375] [pool-23-thread-1/DEBUG] [mixin/]: ferritecore.blockstatecache.mixin.json:BlockStateBaseMixin from mod ferritecore->@Inject::cacheStateHead(Lorg/spongepowered/asm/mixin/injection/callback/CallbackInfo;)V won't be passed a CallbackInfo as a result
[05May2026 00:44:02.375] [pool-23-thread-1/DEBUG] [mixin/]: ferritecore.blockstatecache.mixin.json:BlockStateBaseMixin from mod ferritecore->@Inject::cacheStateTail(Lorg/spongepowered/asm/mixin/injection/callback/CallbackInfo;)V doesn't use it's CallbackInfo
[05May2026 00:44:02.375] [pool-23-thread-1/DEBUG] [mixin/]: ferritecore.blockstatecache.mixin.json:BlockStateBaseMixin from mod ferritecore->@Inject::cacheStateTail(Lorg/spongepowered/asm/mixin/injection/callback/CallbackInfo;)V has 0 override(s) in child classes
[05May2026 00:44:02.375] [pool-23-thread-1/DEBUG] [mixin/]: ferritecore.blockstatecache.mixin.json:BlockStateBaseMixin from mod ferritecore->@Inject::cacheStateTail(Lorg/spongepowered/asm/mixin/injection/callback/CallbackInfo;)V won't be passed a CallbackInfo as a result
[05May2026 00:44:02.378] [pool-23-thread-1/DEBUG] [mixin/]: Mixing FastMapStateHolderMixin from ferritecore.fastmap.mixin.json into net.minecraft.world.level.block.state.StateHolder
[05May2026 00:44:02.378] [pool-23-thread-1/DEBUG] [mixin/]: ferritecore.fastmap.mixin.json:FastMapStateHolderMixin from mod ferritecore: Class version 65 required is higher than the class version supported by the current version of Mixin (JAVA_17 supports class version 61)
[05May2026 00:44:02.381] [pool-23-thread-1/DEBUG] [mixin/]: Mixing BlockStateMixin from ftbchunks-common.mixins.json into net.minecraft.world.level.block.state.BlockState
[05May2026 00:44:02.381] [pool-23-thread-1/DEBUG] [mixin/]: ftbchunks-common.mixins.json:BlockStateMixin from mod ftbchunks: Class version 65 required is higher than the class version supported by the current version of Mixin (JAVA_17 supports class version 61)
[05May2026 00:44:02.382] [pool-23-thread-1/DEBUG] [mixin/]: Mixing IBlockStateExtensionMixin from kubejs.mixins.json into net.neoforged.neoforge.common.extensions.IBlockStateExtension
[05May2026 00:44:02.384] [pool-23-thread-1/DEBUG] [mixin/]: kubejs.mixins.json:IBlockStateExtensionMixin from mod kubejs->@Inject::kjs$getCloneItemStack(Lnet/minecraft/world/phys/HitResult;Lnet/minecraft/world/level/LevelReader;Lnet/minecraft/core/BlockPos;Lnet/minecraft/world/entity/player/Player;Lorg/spongepowered/asm/mixin/injection/callback/CallbackInfoReturnable;)V does use it's CallbackInfoReturnable
[05May2026 00:44:02.386] [pool-23-thread-1/DEBUG] [mixin/]: Mixing perf.model_optimizations.BooleanPropertyMixin from modernfix-modernfix.mixins.json into net.minecraft.world.level.block.state.properties.BooleanProperty
[05May2026 00:44:02.396] [pool-23-thread-1/DEBUG] [mixin/]: Mixing ServerAddEntityMixin from cupboard.mixins.json into net.minecraft.server.level.ServerLevel
[05May2026 00:44:02.400] [pool-23-thread-1/DEBUG] [mixin/]: Mixing MixinServerWorld from xaeroworldmap.mixins.json into net.minecraft.server.level.ServerLevel
[05May2026 00:44:02.400] [pool-23-thread-1/DEBUG] [mixin/]: xaeroworldmap.mixins.json:MixinServerWorld from mod xaeroworldmap: Class version 65 required is higher than the class version supported by the current version of Mixin (JAVA_17 supports class version 61)
[05May2026 00:44:02.400] [pool-23-thread-1/DEBUG] [mixin/]: Mixing perf.cache_strongholds.ServerLevelMixin from modernfix-modernfix.mixins.json into net.minecraft.server.level.ServerLevel
[05May2026 00:44:02.401] [pool-23-thread-1/DEBUG] [mixin/]: Mixing ServerLevelMixin from kubejs.mixins.json into net.minecraft.server.level.ServerLevel
[05May2026 00:44:02.401] [pool-23-thread-1/DEBUG] [mixin/]: Mixing ServerLevelMixin from moonlight-common.mixins.json into net.minecraft.server.level.ServerLevel
[05May2026 00:44:02.401] [pool-23-thread-1/DEBUG] [mixin/]: moonlight-common.mixins.json:ServerLevelMixin from mod moonlight: Class version 65 required is higher than the class version supported by the current version of Mixin (JAVA_17 supports class version 61)
[05May2026 00:44:02.406] [pool-23-thread-1/DEBUG] [mixin/]: cupboard.mixins.json:ServerAddEntityMixin from mod cupboard->@Inject::OnaddEntity(Lnet/minecraft/world/entity/Entity;Lorg/spongepowered/asm/mixin/injection/callback/CallbackInfoReturnable;)V does use it's CallbackInfoReturnable
[05May2026 00:44:02.416] [pool-23-thread-1/DEBUG] [mixin/]: Mixing mobeffect.magnetism.ItemEntityMixin from mixins.artifacts.common.json into net.minecraft.world.entity.item.ItemEntity
[05May2026 00:44:02.416] [pool-23-thread-1/DEBUG] [mixin/]: Mixing ItemEntityMixin from kubejs.mixins.json into net.minecraft.world.entity.item.ItemEntity
[05May2026 00:44:02.419] [pool-23-thread-1/DEBUG] [mixin/]: Mixing DirectionMixin from kubejs.mixins.json into net.minecraft.core.Direction
[05May2026 00:44:02.423] [pool-23-thread-1/DEBUG] [mixin/]: Mixing BlockPropertiesAccessor from supermartijn642corelib.mixins.json into net.minecraft.world.level.block.state.BlockBehaviour$Properties
[05May2026 00:44:02.423] [pool-23-thread-1/DEBUG] [mixin/]: supermartijn642corelib.mixins.json:BlockPropertiesAccessor from mod supermartijn642corelib: Class version 65 required is higher than the class version supported by the current version of Mixin (JAVA_17 supports class version 61)
[05May2026 00:44:02.425] [pool-23-thread-1/DEBUG] [mixin/]: Mixing core.GameDataMixin from modernfix-modernfix.mixins.json into net.neoforged.neoforge.registries.GameData
[05May2026 00:44:02.426] [pool-23-thread-1/DEBUG] [mixin/]: Mixing feature.registry_event_progress.GameDataMixin from modernfix-modernfix.mixins.json into net.neoforged.neoforge.registries.GameData
[05May2026 00:44:02.426] [pool-23-thread-1/DEBUG] [mixin/]: Renaming synthetic method lambda$postWithProgressBar$0(Lnet/neoforged/fml/loading/progress/ProgressMeter;Lnet/neoforged/bus/api/EventPriority;Lnet/neoforged/bus/api/Event;Lnet/neoforged/fml/ModContainer;)V to md9b8020$modernfix$lambda$postWithProgressBar$0$0 in modernfix-modernfix.mixins.json:feature.registry_event_progress.GameDataMixin from mod modernfix
[05May2026 00:44:02.428] [pool-23-thread-1/DEBUG] [mixin/]: Mixing GameDataMixin from relics.mixins.json into net.neoforged.neoforge.registries.GameData
[05May2026 00:44:02.429] [pool-23-thread-1/DEBUG] [mixin/]: Mixing GameDataMixin from supermartijn642corelib.mixins.json into net.neoforged.neoforge.registries.GameData
[05May2026 00:44:02.429] [pool-23-thread-1/DEBUG] [mixin/]: supermartijn642corelib.mixins.json:GameDataMixin from mod supermartijn642corelib: Class version 65 required is higher than the class version supported by the current version of Mixin (JAVA_17 supports class version 61)
[05May2026 00:44:02.432] [pool-23-thread-1/DEBUG] [mixin/]: modernfix-modernfix.mixins.json:core.GameDataMixin from mod modernfix->@Inject::markPosted(Lorg/spongepowered/asm/mixin/injection/callback/CallbackInfo;)V doesn't use it's CallbackInfo
[05May2026 00:44:02.432] [pool-23-thread-1/DEBUG] [mixin/]: relics.mixins.json:GameDataMixin from mod relics->@Inject::onGetRegistrationOrder(Lorg/spongepowered/asm/mixin/injection/callback/CallbackInfoReturnable;)V does use it's CallbackInfoReturnable
[05May2026 00:44:02.432] [pool-23-thread-1/DEBUG] [mixin/]: supermartijn642corelib.mixins.json:GameDataMixin from mod supermartijn642corelib->@Inject::postRegisterEvents(Lorg/spongepowered/asm/mixin/injection/callback/CallbackInfo;)V doesn't use it's CallbackInfo
[05May2026 00:44:02.436] [pool-23-thread-1/DEBUG] [mixin/]: Mixing perf.reduce_blockstate_cache_rebuilds.BlockCallbacksMixin from modernfix-modernfix.mixins.json into net.neoforged.neoforge.registries.NeoForgeRegistryCallbacks$BlockCallbacks
[05May2026 00:44:02.437] [pool-23-thread-1/DEBUG] [mixin/]: modernfix-modernfix.mixins.json:perf.reduce_blockstate_cache_rebuilds.BlockCallbacksMixin from mod modernfix->@Inject::computeCaches(Lnet/minecraft/core/Registry;Lorg/spongepowered/asm/mixin/injection/callback/CallbackInfo;)V doesn't use it's CallbackInfo
[05May2026 00:44:02.437] [pool-23-thread-1/DEBUG] [mixin/]: modernfix-modernfix.mixins.json:perf.reduce_blockstate_cache_rebuilds.BlockCallbacksMixin from mod modernfix->@Inject::computeCaches(Lnet/minecraft/core/Registry;Lorg/spongepowered/asm/mixin/injection/callback/CallbackInfo;)V has 0 override(s) in child classes
[05May2026 00:44:02.437] [pool-23-thread-1/DEBUG] [mixin/]: modernfix-modernfix.mixins.json:perf.reduce_blockstate_cache_rebuilds.BlockCallbacksMixin from mod modernfix->@Inject::computeCaches(Lnet/minecraft/core/Registry;Lorg/spongepowered/asm/mixin/injection/callback/CallbackInfo;)V won't be passed a CallbackInfo as a result
[05May2026 00:44:02.449] [pool-23-thread-1/DEBUG] [mixin/]: Mixing DiscreteVSAccess from ferritecore.accessors.mixin.json into net.minecraft.world.phys.shapes.DiscreteVoxelShape
[05May2026 00:44:02.450] [pool-23-thread-1/DEBUG] [mixin/]: ferritecore.accessors.mixin.json:DiscreteVSAccess from mod ferritecore: Class version 65 required is higher than the class version supported by the current version of Mixin (JAVA_17 supports class version 61)
[05May2026 00:44:02.451] [pool-23-thread-1/DEBUG] [mixin/]: Mixing BitSetDVSAccess from ferritecore.accessors.mixin.json into net.minecraft.world.phys.shapes.BitSetDiscreteVoxelShape
[05May2026 00:44:02.451] [pool-23-thread-1/DEBUG] [mixin/]: ferritecore.accessors.mixin.json:BitSetDVSAccess from mod ferritecore: Class version 65 required is higher than the class version supported by the current version of Mixin (JAVA_17 supports class version 61)
[05May2026 00:44:02.452] [pool-23-thread-1/DEBUG] [mixin/]: Mixing VoxelShapeAccess from ferritecore.accessors.mixin.json into net.minecraft.world.phys.shapes.VoxelShape
[05May2026 00:44:02.452] [pool-23-thread-1/DEBUG] [mixin/]: ferritecore.accessors.mixin.json:VoxelShapeAccess from mod ferritecore: Class version 65 required is higher than the class version supported by the current version of Mixin (JAVA_17 supports class version 61)
[05May2026 00:44:02.453] [pool-23-thread-1/DEBUG] [mixin/]: Mixing ArrayVSAccess from ferritecore.accessors.mixin.json into net.minecraft.world.phys.shapes.ArrayVoxelShape
[05May2026 00:44:02.453] [pool-23-thread-1/DEBUG] [mixin/]: ferritecore.accessors.mixin.json:ArrayVSAccess from mod ferritecore: Class version 65 required is higher than the class version supported by the current version of Mixin (JAVA_17 supports class version 61)
[05May2026 00:44:02.454] [pool-23-thread-1/DEBUG] [mixin/]: Mixing SliceShapeAccess from ferritecore.accessors.mixin.json into net.minecraft.world.phys.shapes.SliceShape
[05May2026 00:44:02.454] [pool-23-thread-1/DEBUG] [mixin/]: ferritecore.accessors.mixin.json:SliceShapeAccess from mod ferritecore: Class version 65 required is higher than the class version supported by the current version of Mixin (JAVA_17 supports class version 61)
[05May2026 00:44:02.505] [pool-23-thread-1/DEBUG] [mixin/]: Mixing FriendlyByteBufLimitMixin from connectivity.mixins.json into net.minecraft.network.FriendlyByteBuf
[05May2026 00:44:02.507] [pool-23-thread-1/DEBUG] [mixin/]: Mixing common.MixinFriendlyByteBuf from mixins/common/nochatreports.mixins.json into net.minecraft.network.FriendlyByteBuf
[05May2026 00:44:02.507] [pool-23-thread-1/DEBUG] [mixin/]: Renaming synthetic method lambda$onWriteJsonWithCodec$1(Ljava/lang/Object;Ljava/lang/String;)Lio/netty/handler/codec/EncoderException; to md9b8020$nochatreports$lambda$onWriteJsonWithCodec$1$0 in mixins/common/nochatreports.mixins.json:common.MixinFriendlyByteBuf from mod nochatreports
[05May2026 00:44:02.507] [pool-23-thread-1/DEBUG] [mixin/]: Renaming synthetic method lambda$onReadJsonWithCodec$0(Ljava/lang/Object;)Ljava/lang/Object; to md9b8020$nochatreports$lambda$onReadJsonWithCodec$0$1 in mixins/common/nochatreports.mixins.json:common.MixinFriendlyByteBuf from mod nochatreports
[05May2026 00:44:02.513] [pool-23-thread-1/DEBUG] [mixin/]: connectivity.mixins.json:FriendlyByteBufLimitMixin from mod connectivity->@Inject::releaseLimit(Lio/netty/buffer/ByteBuf;Lnet/minecraft/nbt/NbtAccounter;Lorg/spongepowered/asm/mixin/injection/callback/CallbackInfoReturnable;)V doesn't use it's CallbackInfoReturnable
[05May2026 00:44:02.513] [pool-23-thread-1/DEBUG] [mixin/]: connectivity.mixins.json:FriendlyByteBufLimitMixin from mod connectivity->@Inject::checkLimit(Lio/netty/buffer/ByteBuf;Lnet/minecraft/nbt/NbtAccounter;Lorg/spongepowered/asm/mixin/injection/callback/CallbackInfoReturnable;)V does use it's CallbackInfoReturnable
[05May2026 00:44:02.513] [pool-23-thread-1/DEBUG] [mixin/]: mixins/common/nochatreports.mixins.json:common.MixinFriendlyByteBuf from mod nochatreports->@Inject::onReadJsonWithCodec(Lcom/mojang/serialization/Codec;Lorg/spongepowered/asm/mixin/injection/callback/CallbackInfoReturnable;)V does use it's CallbackInfoReturnable
[05May2026 00:44:02.513] [pool-23-thread-1/DEBUG] [mixin/]: mixins/common/nochatreports.mixins.json:common.MixinFriendlyByteBuf from mod nochatreports->@Inject::onWriteJsonWithCodec(Lcom/mojang/serialization/Codec;Ljava/lang/Object;Lorg/spongepowered/asm/mixin/injection/callback/CallbackInfo;)V does use it's CallbackInfo
[05May2026 00:44:02.569] [pool-23-thread-1/DEBUG] [mixin/]: Mixing BlocksMixin from apothic_spawners.mixins.json into net.minecraft.world.level.block.Blocks
[05May2026 00:44:02.571] [pool-23-thread-1/DEBUG] [mixin/]: Mixing BlocksMixin from apothic_enchanting.mixins.json into net.minecraft.world.level.block.Blocks
[05May2026 00:44:02.571] [pool-23-thread-1/DEBUG] [mixin/]: Mixing perf.reduce_blockstate_cache_rebuilds.BlocksMixin from modernfix-modernfix.mixins.json into net.minecraft.world.level.block.Blocks
[05May2026 00:44:02.571] [pool-23-thread-1/DEBUG] [mixin/]: Renaming synthetic method lambda$getEmptyConsumer$0(Ljava/lang/Object;)V to md9b8020$modernfix$lambda$getEmptyConsumer$0$0 in modernfix-modernfix.mixins.json:perf.reduce_blockstate_cache_rebuilds.BlocksMixin from mod modernfix
[05May2026 00:44:02.597] [pool-23-thread-1/DEBUG] [mixin/]: Mixing neoforge.LiquidBlockAccessor from architectury.mixins.json into net.minecraft.world.level.block.LiquidBlock
[05May2026 00:44:02.597] [pool-23-thread-1/DEBUG] [mixin/]: architectury.mixins.json:neoforge.LiquidBlockAccessor from mod architectury: Class version 65 required is higher than the class version supported by the current version of Mixin (JAVA_16 supports class version 60)
[05May2026 00:44:02.597] [pool-23-thread-1/DEBUG] [mixin/]: Mixing inject.MixinLiquidBlock from architectury-common.mixins.json into net.minecraft.world.level.block.LiquidBlock
[05May2026 00:44:02.597] [pool-23-thread-1/DEBUG] [mixin/]: architectury-common.mixins.json:inject.MixinLiquidBlock from mod architectury: Class version 65 required is higher than the class version supported by the current version of Mixin (JAVA_16 supports class version 60)
[05May2026 00:44:02.602] [pool-23-thread-1/DEBUG] [mixin/]: Mixing IShearableMixin from apothic_enchanting.mixins.json into net.neoforged.neoforge.common.IShearable
[05May2026 00:44:02.604] [pool-23-thread-1/DEBUG] [mixin/]: apothic_enchanting.mixins.json:IShearableMixin from mod apothic_enchanting->@Inject::apoth_handleShearFortune(Lnet/minecraft/world/entity/player/Player;Lnet/minecraft/world/item/ItemStack;Lnet/minecraft/world/level/Level;Lnet/minecraft/core/BlockPos;Lorg/spongepowered/asm/mixin/injection/callback/CallbackInfoReturnable;)V doesn't use it's CallbackInfoReturnable
[05May2026 00:44:02.604] [pool-23-thread-1/DEBUG] [mixin/]: apothic_enchanting.mixins.json:IShearableMixin from mod apothic_enchanting->@Inject::apoth_handleShearFortune(Lnet/minecraft/world/entity/player/Player;Lnet/minecraft/world/item/ItemStack;Lnet/minecraft/world/level/Level;Lnet/minecraft/core/BlockPos;Lorg/spongepowered/asm/mixin/injection/callback/CallbackInfoReturnable;)V has 0 override(s) in child classes
[05May2026 00:44:02.604] [pool-23-thread-1/DEBUG] [mixin/]: apothic_enchanting.mixins.json:IShearableMixin from mod apothic_enchanting->@Inject::apoth_handleShearFortune(Lnet/minecraft/world/entity/player/Player;Lnet/minecraft/world/item/ItemStack;Lnet/minecraft/world/level/Level;Lnet/minecraft/core/BlockPos;Lorg/spongepowered/asm/mixin/injection/callback/CallbackInfoReturnable;)V won't be passed a CallbackInfoReturnable as a result
[05May2026 00:44:02.604] [pool-23-thread-1/DEBUG] [mixin/]: apothic_enchanting.mixins.json:IShearableMixin from mod apothic_enchanting->@Inject::apoth_handleShearEnchantments(Lnet/minecraft/world/entity/player/Player;Lnet/minecraft/world/item/ItemStack;Lnet/minecraft/world/level/Level;Lnet/minecraft/core/BlockPos;Lorg/spongepowered/asm/mixin/injection/callback/CallbackInfoReturnable;)V does use it's CallbackInfoReturnable
[05May2026 00:44:02.604] [pool-23-thread-1/DEBUG] [mixin/]: apothic_enchanting.mixins.json:IShearableMixin from mod apothic_enchanting->@Inject::apoth_handleShearEnchantments(Lnet/minecraft/world/entity/player/Player;Lnet/minecraft/world/item/ItemStack;Lnet/minecraft/world/level/Level;Lnet/minecraft/core/BlockPos;Lorg/spongepowered/asm/mixin/injection/callback/CallbackInfoReturnable;)V does use it's CallbackInfoReturnable
[05May2026 00:44:02.607] [pool-23-thread-1/DEBUG] [mixin/]: Mixing accessor.DispenserBlockAccessor from moonlight-common.mixins.json into net.minecraft.world.level.block.DispenserBlock
[05May2026 00:44:02.607] [pool-23-thread-1/DEBUG] [mixin/]: moonlight-common.mixins.json:accessor.DispenserBlockAccessor from mod moonlight: Class version 65 required is higher than the class version supported by the current version of Mixin (JAVA_17 supports class version 61)
[05May2026 00:44:02.607] [pool-23-thread-1/DEBUG] [mixin/]: Renaming @Accessor method getDispenserRegistry()Ljava/util/Map; to getDispenserRegistry$moonlight_$md$9b8020$0 in moonlight-common.mixins.json:accessor.DispenserBlockAccessor from mod moonlight
[05May2026 00:44:02.619] [pool-23-thread-1/DEBUG] [mixin/]: Mixing chest_blocking.MixinChestBlock from lootr-common.mixins.json into net.minecraft.world.level.block.ChestBlock
[05May2026 00:44:02.624] [pool-23-thread-1/DEBUG] [mixin/]: Mixing CropBlockMixin from balm.neoforge.mixins.json into net.minecraft.world.level.block.CropBlock
[05May2026 00:44:02.625] [pool-23-thread-1/DEBUG] [mixin/]: balm.neoforge.mixins.json:CropBlockMixin from mod balm->@Inject::mayPlaceOn(Lnet/minecraft/world/level/block/state/BlockState;Lnet/minecraft/world/level/BlockGetter;Lnet/minecraft/core/BlockPos;Lorg/spongepowered/asm/mixin/injection/callback/CallbackInfoReturnable;)V does use it's CallbackInfoReturnable
[05May2026 00:44:02.650] [pool-23-thread-1/DEBUG] [mixin/]: Mixing StemBlockMixin from balm.neoforge.mixins.json into net.minecraft.world.level.block.StemBlock
[05May2026 00:44:02.651] [pool-23-thread-1/DEBUG] [mixin/]: balm.neoforge.mixins.json:StemBlockMixin from mod balm->@Inject::mayPlaceOn(Lnet/minecraft/world/level/block/state/BlockState;Lnet/minecraft/world/level/BlockGetter;Lnet/minecraft/core/BlockPos;Lorg/spongepowered/asm/mixin/injection/callback/CallbackInfoReturnable;)V does use it's CallbackInfoReturnable
[05May2026 00:44:02.664] [pool-23-thread-1/DEBUG] [mixin/]: Mixing perf.deduplicate_wall_shapes.WallBlockMixin from modernfix-modernfix.mixins.json into net.minecraft.world.level.block.WallBlock
[05May2026 00:44:02.667] [pool-23-thread-1/DEBUG] [mixin/]: modernfix-modernfix.mixins.json:perf.deduplicate_wall_shapes.WallBlockMixin from mod modernfix->@Inject::useCachedShapeMap(FFFFFFLorg/spongepowered/asm/mixin/injection/callback/CallbackInfoReturnable;)V does use it's CallbackInfoReturnable
[05May2026 00:44:02.667] [pool-23-thread-1/DEBUG] [mixin/]: modernfix-modernfix.mixins.json:perf.deduplicate_wall_shapes.WallBlockMixin from mod modernfix->@Inject::storeCachedShapesByProperty(FFFFFFLorg/spongepowered/asm/mixin/injection/callback/CallbackInfoReturnable;)V does use it's CallbackInfoReturnable
[05May2026 00:44:02.672] [pool-23-thread-1/DEBUG] [mixin/]: Mixing WitherSkullBlockMixin from apotheosis.mixins.json into net.minecraft.world.level.block.WitherSkullBlock
[05May2026 00:44:02.676] [pool-23-thread-1/DEBUG] [mixin/]: apotheosis.mixins.json:WitherSkullBlockMixin from mod apotheosis->@Inject::apoth_finalizeWithers(Lnet/minecraft/world/level/Level;Lnet/minecraft/core/BlockPos;Lnet/minecraft/world/level/block/entity/SkullBlockEntity;Lorg/spongepowered/asm/mixin/injection/callback/CallbackInfo;)V doesn't use it's CallbackInfo
[05May2026 00:44:02.679] [pool-23-thread-1/DEBUG] [mixin/]: Mixing AnvilBlockMixin from placebo.mixins.json into net.minecraft.world.level.block.AnvilBlock
[05May2026 00:44:02.679] [pool-23-thread-1/DEBUG] [mixin/]: placebo.mixins.json:AnvilBlockMixin from mod placebo->@Inject::onLand(Lnet/minecraft/world/level/Level;Lnet/minecraft/core/BlockPos;Lnet/minecraft/world/level/block/state/BlockState;Lnet/minecraft/world/level/block/state/BlockState;Lnet/minecraft/world/entity/item/FallingBlockEntity;Lorg/spongepowered/asm/mixin/injection/callback/CallbackInfo;)V doesn't use it's CallbackInfo
[05May2026 00:44:02.679] [pool-23-thread-1/DEBUG] [mixin/]: placebo.mixins.json:AnvilBlockMixin from mod placebo->@Inject::onLand(Lnet/minecraft/world/level/Level;Lnet/minecraft/core/BlockPos;Lnet/minecraft/world/level/block/state/BlockState;Lnet/minecraft/world/level/block/state/BlockState;Lnet/minecraft/world/entity/item/FallingBlockEntity;Lorg/spongepowered/asm/mixin/injection/callback/CallbackInfo;)V has 0 override(s) in child classes
[05May2026 00:44:02.679] [pool-23-thread-1/DEBUG] [mixin/]: placebo.mixins.json:AnvilBlockMixin from mod placebo->@Inject::onLand(Lnet/minecraft/world/level/Level;Lnet/minecraft/core/BlockPos;Lnet/minecraft/world/level/block/state/BlockState;Lnet/minecraft/world/level/block/state/BlockState;Lnet/minecraft/world/entity/item/FallingBlockEntity;Lorg/spongepowered/asm/mixin/injection/callback/CallbackInfo;)V won't be passed a CallbackInfo as a result
[05May2026 00:44:02.711] [pool-23-thread-1/DEBUG] [mixin/]: Mixing swimming.BubbleColumnBlockMixin from expandability-common.mixins.json into net.minecraft.world.level.block.BubbleColumnBlock
[05May2026 00:44:02.711] [pool-23-thread-1/DEBUG] [mixin/]: expandability-common.mixins.json:swimming.BubbleColumnBlockMixin from mod expandability: Class version 65 required is higher than the class version supported by the current version of Mixin (JAVA_17 supports class version 61)
[05May2026 00:44:02.711] [pool-23-thread-1/DEBUG] [mixin/]: expandability-common.mixins.json:swimming.BubbleColumnBlockMixin from mod expandability->@Inject::cancelBubbleColumnDrag(Lnet/minecraft/world/level/block/state/BlockState;Lnet/minecraft/world/level/Level;Lnet/minecraft/core/BlockPos;Lnet/minecraft/world/entity/Entity;Lorg/spongepowered/asm/mixin/injection/callback/CallbackInfo;)V does use it's CallbackInfo
[05May2026 00:44:02.729] [pool-23-thread-1/DEBUG] [mixin/]: Mixing ability.walkonpowdersnow.PowderSnowBlockMixin from mixins.artifacts.common.json into net.minecraft.world.level.block.PowderSnowBlock
[05May2026 00:44:02.731] [pool-23-thread-1/DEBUG] [mixin/]: Mixing MixinPowderSnowBlock from curios.neoforge.mixins.json into net.minecraft.world.level.block.PowderSnowBlock
[05May2026 00:44:02.731] [pool-23-thread-1/DEBUG] [mixin/]: curios.neoforge.mixins.json:MixinPowderSnowBlock from mod curios->@Inject::curios$canEntityWalkOnPowderSnow(Lnet/minecraft/world/entity/Entity;Lorg/spongepowered/asm/mixin/injection/callback/CallbackInfoReturnable;)V does use it's CallbackInfoReturnable
[05May2026 00:44:02.731] [pool-23-thread-1/DEBUG] [mixin/]: curios.neoforge.mixins.json:MixinPowderSnowBlock from mod curios->@Inject::curios$canEntityWalkOnPowderSnow(Lnet/minecraft/world/entity/Entity;Lorg/spongepowered/asm/mixin/injection/callback/CallbackInfoReturnable;)V does use it's CallbackInfoReturnable
[05May2026 00:44:02.748] [pool-23-thread-1/DEBUG] [mixin/]: Mixing PistonBaseBlockMixin from ftbchunks-common.mixins.json into net.minecraft.world.level.block.piston.PistonBaseBlock
[05May2026 00:44:02.749] [pool-23-thread-1/DEBUG] [mixin/]: ftbchunks-common.mixins.json:PistonBaseBlockMixin from mod ftbchunks: Class version 65 required is higher than the class version supported by the current version of Mixin (JAVA_17 supports class version 61)
[05May2026 00:44:02.751] [pool-23-thread-1/DEBUG] [mixin/]: ftbchunks-common.mixins.json:PistonBaseBlockMixin from mod ftbchunks->@Inject::onMoveBlocks(Lnet/minecraft/world/level/Level;Lnet/minecraft/core/BlockPos;Lnet/minecraft/core/Direction;ZLorg/spongepowered/asm/mixin/injection/callback/CallbackInfoReturnable;)V does use it's CallbackInfoReturnable
[05May2026 00:44:02.753] [pool-23-thread-1/DEBUG] [mixin/]: Mixing CandleBlockMixin from apothic_enchanting.mixins.json into net.minecraft.world.level.block.CandleBlock
[05May2026 00:44:02.774] [pool-23-thread-1/DEBUG] [mixin/]: Mixing EntityTypeMixin from kubejs.mixins.json into net.minecraft.world.entity.EntityType
[05May2026 00:44:02.774] [pool-23-thread-1/DEBUG] [mixin/]: Mixing inject.MixinEntityType from architectury-common.mixins.json into net.minecraft.world.entity.EntityType
[05May2026 00:44:02.774] [pool-23-thread-1/DEBUG] [mixin/]: architectury-common.mixins.json:inject.MixinEntityType from mod architectury: Class version 65 required is higher than the class version supported by the current version of Mixin (JAVA_16 supports class version 60)
[05May2026 00:44:02.774] [pool-23-thread-1/DEBUG] [mixin/]: Mixing EntityTypeMixin from improvedmobs.mixins.json into net.minecraft.world.entity.EntityType
[05May2026 00:44:02.775] [pool-23-thread-1/DEBUG] [mixin/]: improvedmobs.mixins.json:EntityTypeMixin from mod improvedmobs->@Inject::injectServerEntityOnLoad(Lnet/minecraft/nbt/CompoundTag;Lnet/minecraft/world/level/Level;Lorg/spongepowered/asm/mixin/injection/callback/CallbackInfoReturnable;)V does use it's CallbackInfoReturnable
[05May2026 00:44:02.783] [pool-23-thread-1/DEBUG] [mixin/]: Mixing inject.MixinFluid from architectury-common.mixins.json into net.minecraft.world.level.material.Fluid
[05May2026 00:44:02.783] [pool-23-thread-1/DEBUG] [mixin/]: architectury-common.mixins.json:inject.MixinFluid from mod architectury: Class version 65 required is higher than the class version supported by the current version of Mixin (JAVA_16 supports class version 60)
[05May2026 00:44:02.783] [pool-23-thread-1/DEBUG] [mixin/]: Mixing FluidMixin from kubejs.mixins.json into net.minecraft.world.level.material.Fluid
[05May2026 00:44:02.788] [pool-23-thread-1/DEBUG] [mixin/]: Mixing perf.state_definition_construct.StateDefinitionMixin from modernfix-modernfix.mixins.json into net.minecraft.world.level.block.state.StateDefinition
[05May2026 00:44:02.837] [pool-23-thread-1/DEBUG] [mixin/]: Mixing FallingBlockEntityMixin from kubejs.mixins.json into net.minecraft.world.entity.item.FallingBlockEntity
[05May2026 00:44:02.839] [pool-23-thread-1/DEBUG] [mixin/]: Mixing MixinFallingBlockEntity from architectury.mixins.json into net.minecraft.world.entity.item.FallingBlockEntity
[05May2026 00:44:02.839] [pool-23-thread-1/DEBUG] [mixin/]: architectury.mixins.json:MixinFallingBlockEntity from mod architectury: Class version 65 required is higher than the class version supported by the current version of Mixin (JAVA_16 supports class version 60)
[05May2026 00:44:02.839] [pool-23-thread-1/DEBUG] [mixin/]: Mixing accessor.AccessorMixinFallingBlockEntity from lootr-common.mixins.json into net.minecraft.world.entity.item.FallingBlockEntity
[05May2026 00:44:02.840] [pool-23-thread-1/DEBUG] [mixin/]: Mixing falling.MixinFallingBlockEntity from lootr-common.mixins.json into net.minecraft.world.entity.item.FallingBlockEntity
[05May2026 00:44:02.846] [pool-23-thread-1/DEBUG] [mixin/]: kubejs.mixins.json:FallingBlockEntityMixin from mod kubejs->@Inject::kjs$fallStart(Lnet/minecraft/world/level/Level;Lnet/minecraft/core/BlockPos;Lnet/minecraft/world/level/block/state/BlockState;Lorg/spongepowered/asm/mixin/injection/callback/CallbackInfoReturnable;)V does use it's CallbackInfoReturnable
[05May2026 00:44:02.846] [pool-23-thread-1/DEBUG] [mixin/]: kubejs.mixins.json:FallingBlockEntityMixin from mod kubejs->@Inject::kjs$fallEnd(Lorg/spongepowered/asm/mixin/injection/callback/CallbackInfo;)V doesn't use it's CallbackInfo
[05May2026 00:44:02.846] [pool-23-thread-1/DEBUG] [mixin/]: kubejs.mixins.json:FallingBlockEntityMixin from mod kubejs->@Inject::kjs$fallEnd(Lorg/spongepowered/asm/mixin/injection/callback/CallbackInfo;)V has 0 override(s) in child classes
[05May2026 00:44:02.846] [pool-23-thread-1/DEBUG] [mixin/]: kubejs.mixins.json:FallingBlockEntityMixin from mod kubejs->@Inject::kjs$fallEnd(Lorg/spongepowered/asm/mixin/injection/callback/CallbackInfo;)V won't be passed a CallbackInfo as a result
[05May2026 00:44:02.846] [pool-23-thread-1/DEBUG] [mixin/]: architectury.mixins.json:MixinFallingBlockEntity from mod architectury->@Inject::handleLand(Lorg/spongepowered/asm/mixin/injection/callback/CallbackInfo;Lnet/minecraft/world/level/block/Block;Lnet/minecraft/core/BlockPos;ZZDLnet/minecraft/world/level/block/state/BlockState;)V doesn't use it's CallbackInfo
[05May2026 00:44:02.846] [pool-23-thread-1/DEBUG] [mixin/]: architectury.mixins.json:MixinFallingBlockEntity from mod architectury->@Inject::handleLand(Lorg/spongepowered/asm/mixin/injection/callback/CallbackInfo;Lnet/minecraft/world/level/block/Block;Lnet/minecraft/core/BlockPos;ZZDLnet/minecraft/world/level/block/state/BlockState;)V has 0 override(s) in child classes
[05May2026 00:44:02.846] [pool-23-thread-1/DEBUG] [mixin/]: architectury.mixins.json:MixinFallingBlockEntity from mod architectury->@Inject::handleLand(Lorg/spongepowered/asm/mixin/injection/callback/CallbackInfo;Lnet/minecraft/world/level/block/Block;Lnet/minecraft/core/BlockPos;ZZDLnet/minecraft/world/level/block/state/BlockState;)V won't be passed a CallbackInfo as a result
[05May2026 00:44:02.851] [pool-23-thread-1/DEBUG] [mixin/]: Mixing accessor.AccessorMixinBrushableBlockEntity from lootr-common.mixins.json into net.minecraft.world.level.block.entity.BrushableBlockEntity
[05May2026 00:44:02.851] [pool-23-thread-1/DEBUG] [mixin/]: Mixing ticker.MixinBrushableBlockEntity from lootr-common.mixins.json into net.minecraft.world.level.block.entity.BrushableBlockEntity
[05May2026 00:44:02.871] [pool-23-thread-1/DEBUG] [mixin/]: Mixing accessor.DispenserBlockEntityAccessor from moonlight-common.mixins.json into net.minecraft.world.level.block.entity.DispenserBlockEntity
[05May2026 00:44:02.871] [pool-23-thread-1/DEBUG] [mixin/]: moonlight-common.mixins.json:accessor.DispenserBlockEntityAccessor from mod moonlight: Class version 65 required is higher than the class version supported by the current version of Mixin (JAVA_17 supports class version 61)
[05May2026 00:44:02.872] [pool-23-thread-1/DEBUG] [mixin/]: Mixing ticker.MixinRandomizableContainer from lootr-common.mixins.json into net.minecraft.world.RandomizableContainer
[05May2026 00:44:02.875] [pool-23-thread-1/DEBUG] [mixin/]: lootr-common.mixins.json:ticker.MixinRandomizableContainer from mod lootr->@Inject::lootr$unpackLootTable(Lnet/minecraft/world/entity/player/Player;Lorg/spongepowered/asm/mixin/injection/callback/CallbackInfo;)V does use it's CallbackInfo
[05May2026 00:44:02.875] [pool-23-thread-1/DEBUG] [mixin/]: Mixing ContainerMixin from kubejs.mixins.json into net.minecraft.world.Container
[05May2026 00:44:02.877] [pool-23-thread-1/DEBUG] [mixin/]: Mixing accessor.AccessorMixinBaseContainerBlockEntity from lootr-common.mixins.json into net.minecraft.world.level.block.entity.BaseContainerBlockEntity
[05May2026 00:44:02.877] [pool-23-thread-1/DEBUG] [mixin/]: Mixing lock.MixinBaseContainerBlockEntity from lootr-common.mixins.json into net.minecraft.world.level.block.entity.BaseContainerBlockEntity
[05May2026 00:44:02.886] [pool-23-thread-1/DEBUG] [mixin/]: Mixing DyeColorMixin from kubejs.mixins.json into net.minecraft.world.item.DyeColor
[05May2026 00:44:02.926] [pool-23-thread-1/DEBUG] [mixin/]: Mixing PistonBlockEntityMixin from moonlight-common.mixins.json into net.minecraft.world.level.block.piston.PistonMovingBlockEntity
[05May2026 00:44:02.926] [pool-23-thread-1/DEBUG] [mixin/]: moonlight-common.mixins.json:PistonBlockEntityMixin from mod moonlight: Class version 65 required is higher than the class version supported by the current version of Mixin (JAVA_17 supports class version 61)
[05May2026 00:44:02.929] [pool-23-thread-1/DEBUG] [mixin/]: moonlight-common.mixins.json:PistonBlockEntityMixin from mod moonlight->@Inject::whileMoving(Lnet/minecraft/world/level/Level;Lnet/minecraft/core/BlockPos;Lnet/minecraft/world/level/block/state/BlockState;Lnet/minecraft/world/level/block/piston/PistonMovingBlockEntity;Lorg/spongepowered/asm/mixin/injection/callback/CallbackInfo;)V doesn't use it's CallbackInfo
[05May2026 00:44:02.931] [pool-23-thread-1/DEBUG] [mixin/]: moonlight-common.mixins.json:PistonBlockEntityMixin from mod moonlight->@Inject::onFinishedShortPulse(Lorg/spongepowered/asm/mixin/injection/callback/CallbackInfo;)V doesn't use it's CallbackInfo
[05May2026 00:44:02.931] [pool-23-thread-1/DEBUG] [mixin/]: moonlight-common.mixins.json:PistonBlockEntityMixin from mod moonlight->@Inject::onFinishedShortPulse(Lorg/spongepowered/asm/mixin/injection/callback/CallbackInfo;)V has 0 override(s) in child classes
[05May2026 00:44:02.931] [pool-23-thread-1/DEBUG] [mixin/]: moonlight-common.mixins.json:PistonBlockEntityMixin from mod moonlight->@Inject::onFinishedShortPulse(Lorg/spongepowered/asm/mixin/injection/callback/CallbackInfo;)V won't be passed a CallbackInfo as a result
[05May2026 00:44:02.931] [pool-23-thread-1/DEBUG] [mixin/]: moonlight-common.mixins.json:PistonBlockEntityMixin from mod moonlight->@Inject::onFinishedMoving(Lnet/minecraft/world/level/Level;Lnet/minecraft/core/BlockPos;Lnet/minecraft/world/level/block/state/BlockState;Lnet/minecraft/world/level/block/piston/PistonMovingBlockEntity;Lorg/spongepowered/asm/mixin/injection/callback/CallbackInfo;)V doesn't use it's CallbackInfo
[05May2026 00:44:02.931] [pool-23-thread-1/DEBUG] [mixin/]: moonlight-common.mixins.json:PistonBlockEntityMixin from mod moonlight->@Inject::onFinishedMoving2(Lnet/minecraft/world/level/Level;Lnet/minecraft/core/BlockPos;Lnet/minecraft/world/level/block/state/BlockState;Lnet/minecraft/world/level/block/piston/PistonMovingBlockEntity;Lorg/spongepowered/asm/mixin/injection/callback/CallbackInfo;)V doesn't use it's CallbackInfo
[05May2026 00:44:02.934] [pool-23-thread-1/DEBUG] [mixin/]: Mixing ChatFormattingMixin from kubejs.mixins.json into net.minecraft.ChatFormatting
[05May2026 00:44:02.937] [pool-23-thread-1/DEBUG] [mixin/]: Mixing TextColorMixin from kubejs.mixins.json into net.minecraft.network.chat.TextColor
[05May2026 00:44:02.938] [pool-23-thread-1/DEBUG] [mixin/]: Mixing TextColorMixin from iceberg.mixins.json into net.minecraft.network.chat.TextColor
[05May2026 00:44:02.938] [pool-23-thread-1/DEBUG] [mixin/]: iceberg.mixins.json:TextColorMixin from mod iceberg: Class version 65 required is higher than the class version supported by the current version of Mixin (JAVA_17 supports class version 61)
[05May2026 00:44:02.938] [pool-23-thread-1/DEBUG] [mixin/]: Renaming synthetic method lambda$icebergParseColor$1(Ljava/lang/String;)Ljava/lang/String; to md9b8020$iceberg$lambda$icebergParseColor$1$0 in iceberg.mixins.json:TextColorMixin from mod iceberg
[05May2026 00:44:02.938] [pool-23-thread-1/DEBUG] [mixin/]: Renaming synthetic method lambda$icebergParseColor$0(Ljava/lang/String;)Ljava/lang/String; to md9b8020$iceberg$lambda$icebergParseColor$0$1 in iceberg.mixins.json:TextColorMixin from mod iceberg
[05May2026 00:44:02.939] [pool-23-thread-1/DEBUG] [mixin/]: Mixing TextColorMixin from ftblibrary-common.mixins.json into net.minecraft.network.chat.TextColor
[05May2026 00:44:02.939] [pool-23-thread-1/DEBUG] [mixin/]: ftblibrary-common.mixins.json:TextColorMixin from mod ftblibrary: Class version 65 required is higher than the class version supported by the current version of Mixin (JAVA_8 supports class version 52)
[05May2026 00:44:02.940] [pool-23-thread-1/DEBUG] [mixin/]: iceberg.mixins.json:TextColorMixin from mod iceberg->@Inject::icebergConstructor1(ILjava/lang/String;Lorg/spongepowered/asm/mixin/injection/callback/CallbackInfo;)V doesn't use it's CallbackInfo
[05May2026 00:44:02.940] [pool-23-thread-1/DEBUG] [mixin/]: iceberg.mixins.json:TextColorMixin from mod iceberg->@Inject::icebergConstructor1(ILjava/lang/String;Lorg/spongepowered/asm/mixin/injection/callback/CallbackInfo;)V has 0 override(s) in child classes
[05May2026 00:44:02.940] [pool-23-thread-1/DEBUG] [mixin/]: iceberg.mixins.json:TextColorMixin from mod iceberg->@Inject::icebergConstructor1(ILjava/lang/String;Lorg/spongepowered/asm/mixin/injection/callback/CallbackInfo;)V won't be passed a CallbackInfo as a result
[05May2026 00:44:02.940] [pool-23-thread-1/DEBUG] [mixin/]: iceberg.mixins.json:TextColorMixin from mod iceberg->@Inject::icebergConstructor2(ILorg/spongepowered/asm/mixin/injection/callback/CallbackInfo;)V doesn't use it's CallbackInfo
[05May2026 00:44:02.940] [pool-23-thread-1/DEBUG] [mixin/]: iceberg.mixins.json:TextColorMixin from mod iceberg->@Inject::icebergConstructor2(ILorg/spongepowered/asm/mixin/injection/callback/CallbackInfo;)V has 0 override(s) in child classes
[05May2026 00:44:02.940] [pool-23-thread-1/DEBUG] [mixin/]: iceberg.mixins.json:TextColorMixin from mod iceberg->@Inject::icebergConstructor2(ILorg/spongepowered/asm/mixin/injection/callback/CallbackInfo;)V won't be passed a CallbackInfo as a result
[05May2026 00:44:02.940] [pool-23-thread-1/DEBUG] [mixin/]: iceberg.mixins.json:TextColorMixin from mod iceberg->@Inject::icebergParseColor(Ljava/lang/String;Lorg/spongepowered/asm/mixin/injection/callback/CallbackInfoReturnable;)V does use it's CallbackInfoReturnable
[05May2026 00:44:02.940] [pool-23-thread-1/DEBUG] [mixin/]: ftblibrary-common.mixins.json:TextColorMixin from mod ftblibrary->@Inject::onParseColor(Ljava/lang/String;Lorg/spongepowered/asm/mixin/injection/callback/CallbackInfoReturnable;)V does use it's CallbackInfoReturnable
[05May2026 00:44:02.952] [pool-23-thread-1/DEBUG] [mixin/]: Mixing accessors.MobAccessor from mixins.artifacts.common.json into net.minecraft.world.entity.Mob
[05May2026 00:44:02.952] [pool-23-thread-1/DEBUG] [mixin/]: Mixing EntityMixin from moonlight-common.mixins.json into net.minecraft.world.entity.Mob
[05May2026 00:44:02.952] [pool-23-thread-1/DEBUG] [mixin/]: moonlight-common.mixins.json:EntityMixin from mod moonlight: Class version 65 required is higher than the class version supported by the current version of Mixin (JAVA_17 supports class version 61)
[05May2026 00:44:02.952] [pool-23-thread-1/DEBUG] [mixin/]: Mixing MobMixin from apotheosis.mixins.json into net.minecraft.world.entity.Mob
[05May2026 00:44:02.952] [pool-23-thread-1/DEBUG] [mixin/]: Mixing MobEntityMixin from improvedmobs.mixins.json into net.minecraft.world.entity.Mob
[05May2026 00:44:02.952] [pool-23-thread-1/DEBUG] [mixin/]: Mixing MobMixin from improvedmobs.mixins.json into net.minecraft.world.entity.Mob
[05May2026 00:44:02.955] [pool-23-thread-1/DEBUG] [mixin/]: apotheosis.mixins.json:MobMixin from mod apotheosis->@Inject::apoth_dropBonusLootTables(Lnet/minecraft/world/damagesource/DamageSource;ZLorg/spongepowered/asm/mixin/injection/callback/CallbackInfo;)V doesn't use it's CallbackInfo
[05May2026 00:44:02.955] [pool-23-thread-1/DEBUG] [mixin/]: apotheosis.mixins.json:MobMixin from mod apotheosis->@Inject::apoth_dropBonusLootTables(Lnet/minecraft/world/damagesource/DamageSource;ZLorg/spongepowered/asm/mixin/injection/callback/CallbackInfo;)V has 0 override(s) in child classes
[05May2026 00:44:02.955] [pool-23-thread-1/DEBUG] [mixin/]: apotheosis.mixins.json:MobMixin from mod apotheosis->@Inject::apoth_dropBonusLootTables(Lnet/minecraft/world/damagesource/DamageSource;ZLorg/spongepowered/asm/mixin/injection/callback/CallbackInfo;)V won't be passed a CallbackInfo as a result
[05May2026 00:44:02.955] [pool-23-thread-1/DEBUG] [mixin/]: improvedmobs.mixins.json:MobMixin from mod improvedmobs->@Inject::onFinalize(Lnet/minecraft/world/level/ServerLevelAccessor;Lnet/minecraft/world/DifficultyInstance;Lnet/minecraft/world/entity/MobSpawnType;Lnet/minecraft/world/entity/SpawnGroupData;Lorg/spongepowered/asm/mixin/injection/callback/CallbackInfoReturnable;)V doesn't use it's CallbackInfoReturnable
[05May2026 00:44:02.955] [pool-23-thread-1/DEBUG] [mixin/]: improvedmobs.mixins.json:MobMixin from mod improvedmobs->@Inject::onFinalize(Lnet/minecraft/world/level/ServerLevelAccessor;Lnet/minecraft/world/DifficultyInstance;Lnet/minecraft/world/entity/MobSpawnType;Lnet/minecraft/world/entity/SpawnGroupData;Lorg/spongepowered/asm/mixin/injection/callback/CallbackInfoReturnable;)V has 0 override(s) in child classes
[05May2026 00:44:02.955] [pool-23-thread-1/DEBUG] [mixin/]: improvedmobs.mixins.json:MobMixin from mod improvedmobs->@Inject::onFinalize(Lnet/minecraft/world/level/ServerLevelAccessor;Lnet/minecraft/world/DifficultyInstance;Lnet/minecraft/world/entity/MobSpawnType;Lnet/minecraft/world/entity/SpawnGroupData;Lorg/spongepowered/asm/mixin/injection/callback/CallbackInfoReturnable;)V won't be passed a CallbackInfoReturnable as a result
[05May2026 00:44:02.955] [pool-23-thread-1/DEBUG] [mixin/]: improvedmobs.mixins.json:MobMixin from mod improvedmobs->@Inject::readData(Lnet/minecraft/nbt/CompoundTag;Lorg/spongepowered/asm/mixin/injection/callback/CallbackInfo;)V doesn't use it's CallbackInfo
[05May2026 00:44:02.955] [pool-23-thread-1/DEBUG] [mixin/]: improvedmobs.mixins.json:MobMixin from mod improvedmobs->@Inject::readData(Lnet/minecraft/nbt/CompoundTag;Lorg/spongepowered/asm/mixin/injection/callback/CallbackInfo;)V has 0 override(s) in child classes
[05May2026 00:44:02.955] [pool-23-thread-1/DEBUG] [mixin/]: improvedmobs.mixins.json:MobMixin from mod improvedmobs->@Inject::readData(Lnet/minecraft/nbt/CompoundTag;Lorg/spongepowered/asm/mixin/injection/callback/CallbackInfo;)V won't be passed a CallbackInfo as a result
[05May2026 00:44:02.955] [pool-23-thread-1/DEBUG] [mixin/]: improvedmobs.mixins.json:MobMixin from mod improvedmobs->@Inject::saveData(Lnet/minecraft/nbt/CompoundTag;Lorg/spongepowered/asm/mixin/injection/callback/CallbackInfo;)V doesn't use it's CallbackInfo
[05May2026 00:44:02.955] [pool-23-thread-1/DEBUG] [mixin/]: improvedmobs.mixins.json:MobMixin from mod improvedmobs->@Inject::saveData(Lnet/minecraft/nbt/CompoundTag;Lorg/spongepowered/asm/mixin/injection/callback/CallbackInfo;)V has 0 override(s) in child classes
[05May2026 00:44:02.955] [pool-23-thread-1/DEBUG] [mixin/]: improvedmobs.mixins.json:MobMixin from mod improvedmobs->@Inject::saveData(Lnet/minecraft/nbt/CompoundTag;Lorg/spongepowered/asm/mixin/injection/callback/CallbackInfo;)V won't be passed a CallbackInfo as a result
[05May2026 00:44:02.961] [pool-23-thread-1/DEBUG] [mixin/]: Mixing TNTEntityMixin from improvedmobs.mixins.json into net.minecraft.world.entity.item.PrimedTnt
[05May2026 00:44:02.962] [pool-23-thread-1/DEBUG] [mixin/]: improvedmobs.mixins.json:TNTEntityMixin from mod improvedmobs->@Inject::modifyExplosion(Lorg/spongepowered/asm/mixin/injection/callback/CallbackInfo;)V does use it's CallbackInfo
[05May2026 00:44:02.971] [pool-23-thread-1/DEBUG] [mixin/]: Mixing SpawnerBlockEntityMixin from gateways.mixins.json into net.minecraft.world.level.block.entity.SpawnerBlockEntity
[05May2026 00:44:02.971] [pool-23-thread-1/DEBUG] [mixin/]: gateways.mixins.json:SpawnerBlockEntityMixin from mod gateways->@Inject::gateways_allowSetNbt(Lorg/spongepowered/asm/mixin/injection/callback/CallbackInfoReturnable;)V does use it's CallbackInfoReturnable
[05May2026 00:44:02.978] [pool-23-thread-1/DEBUG] [mixin/]: Mixing BlockEntityTypeAccessor from neoforge.mixins.json into net.minecraft.world.level.block.entity.BlockEntityType
[05May2026 00:44:02.984] [pool-23-thread-1/DEBUG] [mixin/]: Mixing common.AbstractContainerMenuMixin from geckolib.mixins.json into net.minecraft.world.inventory.AbstractContainerMenu
[05May2026 00:44:02.984] [pool-23-thread-1/DEBUG] [mixin/]: geckolib.mixins.json:common.AbstractContainerMenuMixin from mod geckolib: Class version 65 required is higher than the class version supported by the current version of Mixin (JAVA_17 supports class version 61)
[05May2026 00:44:02.984] [pool-23-thread-1/DEBUG] [mixin/]: Mixing AbstractContainerMenuMixin from relics.mixins.json into net.minecraft.world.inventory.AbstractContainerMenu
[05May2026 00:44:02.985] [pool-23-thread-1/DEBUG] [mixin/]: Mixing AbstractContainerMenuMixin from highlighter.mixins.json into net.minecraft.world.inventory.AbstractContainerMenu
[05May2026 00:44:02.985] [pool-23-thread-1/DEBUG] [mixin/]: highlighter.mixins.json:AbstractContainerMenuMixin from mod highlighter: Class version 65 required is higher than the class version supported by the current version of Mixin (JAVA_17 supports class version 61)
[05May2026 00:44:02.985] [pool-23-thread-1/DEBUG] [mixin/]: Mixing AbstractContainerMenuInvoker from fastbench.mixins.json into net.minecraft.world.inventory.AbstractContainerMenu
[05May2026 00:44:02.985] [pool-23-thread-1/DEBUG] [mixin/]: Mixing redstone.MixinAbstractContainerMenu from lootr-common.mixins.json into net.minecraft.world.inventory.AbstractContainerMenu
[05May2026 00:44:02.988] [pool-23-thread-1/DEBUG] [mixin/]: relics.mixins.json:AbstractContainerMenuMixin from mod relics->@Inject::onClick(IILnet/minecraft/world/inventory/ClickType;Lnet/minecraft/world/entity/player/Player;Lorg/spongepowered/asm/mixin/injection/callback/CallbackInfo;)V does use it's CallbackInfo
[05May2026 00:44:02.988] [pool-23-thread-1/DEBUG] [mixin/]: highlighter.mixins.json:AbstractContainerMenuMixin from mod highlighter->@Inject::doClick(IILnet/minecraft/world/inventory/ClickType;Lnet/minecraft/world/entity/player/Player;Lorg/spongepowered/asm/mixin/injection/callback/CallbackInfo;)V doesn't use it's CallbackInfo
[05May2026 00:44:02.988] [pool-23-thread-1/DEBUG] [mixin/]: highlighter.mixins.json:AbstractContainerMenuMixin from mod highlighter->@Inject::doClick(IILnet/minecraft/world/inventory/ClickType;Lnet/minecraft/world/entity/player/Player;Lorg/spongepowered/asm/mixin/injection/callback/CallbackInfo;)V has 0 override(s) in child classes
[05May2026 00:44:02.988] [pool-23-thread-1/DEBUG] [mixin/]: highlighter.mixins.json:AbstractContainerMenuMixin from mod highlighter->@Inject::doClick(IILnet/minecraft/world/inventory/ClickType;Lnet/minecraft/world/entity/player/Player;Lorg/spongepowered/asm/mixin/injection/callback/CallbackInfo;)V won't be passed a CallbackInfo as a result
[05May2026 00:44:02.988] [pool-23-thread-1/DEBUG] [mixin/]: lootr-common.mixins.json:redstone.MixinAbstractContainerMenu from mod lootr->@Inject::lootr$getRedstoneSignalFromContainer(Lnet/minecraft/world/Container;Lorg/spongepowered/asm/mixin/injection/callback/CallbackInfoReturnable;)V does use it's CallbackInfoReturnable
[05May2026 00:44:02.990] [pool-23-thread-1/DEBUG] [mixin/]: Mixing MixinCraftingMenu from fastbench.mixins.json into net.minecraft.world.inventory.CraftingMenu
[05May2026 00:44:02.990] [pool-23-thread-1/DEBUG] [mixin/]: Renaming synthetic method lambda$slotsChanged$0(Lnet/minecraft/world/level/Level;Lnet/minecraft/core/BlockPos;)V to md9b8020$fastbench$lambda$slotsChanged$0$0 in fastbench.mixins.json:MixinCraftingMenu from mod fastbench
[05May2026 00:44:02.991] [pool-23-thread-1/DEBUG] [mixin/]: fastbench.mixins.json:MixinCraftingMenu from mod fastbench->@Inject::quickMoveStack(Lnet/minecraft/world/entity/player/Player;ILorg/spongepowered/asm/mixin/injection/callback/CallbackInfoReturnable;)V does use it's CallbackInfoReturnable
[05May2026 00:44:02.995] [pool-23-thread-1/DEBUG] [mixin/]: Mixing AbstractFurnaceBlockEntityMixin from reliquified_artifacts.mixins.json into net.minecraft.world.level.block.entity.AbstractFurnaceBlockEntity
[05May2026 00:44:02.995] [pool-23-thread-1/DEBUG] [mixin/]: reliquified_artifacts.mixins.json:AbstractFurnaceBlockEntityMixin from mod reliquified_artifacts: Class version 65 required is higher than the class version supported by the current version of Mixin (JAVA_8 supports class version 52)
[05May2026 00:44:02.996] [pool-23-thread-1/DEBUG] [mixin/]: Mixing AbstractFurnaceBlockEntityAccess from jade.mixins.json into net.minecraft.world.level.block.entity.AbstractFurnaceBlockEntity
[05May2026 00:44:02.996] [pool-23-thread-1/DEBUG] [mixin/]: jade.mixins.json:AbstractFurnaceBlockEntityAccess from mod jade: Class version 65 required is higher than the class version supported by the current version of Mixin (JAVA_16 supports class version 60)
[05May2026 00:44:02.996] [pool-23-thread-1/DEBUG] [mixin/]: Mixing MixinAbstractFurnaceBlockEntity from fastfurnace.mixins.json into net.minecraft.world.level.block.entity.AbstractFurnaceBlockEntity
[05May2026 00:44:02.998] [pool-23-thread-1/DEBUG] [mixin/]: reliquified_artifacts.mixins.json:AbstractFurnaceBlockEntityMixin from mod reliquified_artifacts->@Inject::reliquified_artifacts$preserveRelicData(Lnet/minecraft/core/RegistryAccess;Lnet/minecraft/world/item/crafting/RecipeHolder;Lnet/minecraft/core/NonNullList;ILnet/minecraft/world/level/block/entity/AbstractFurnaceBlockEntity;Lorg/spongepowered/asm/mixin/injection/callback/CallbackInfoReturnable;)V does use it's CallbackInfoReturnable
[05May2026 00:44:02.998] [pool-23-thread-1/DEBUG] [mixin/]: fastfurnace.mixins.json:MixinAbstractFurnaceBlockEntity from mod fastfurnace->@Inject::fastfurnace_useFFRecipeCache(Lnet/minecraft/world/level/Level;Lnet/minecraft/world/level/block/entity/AbstractFurnaceBlockEntity;Lorg/spongepowered/asm/mixin/injection/callback/CallbackInfoReturnable;)V does use it's CallbackInfoReturnable
[05May2026 00:44:03.032] [pool-23-thread-1/DEBUG] [mixin/]: Mixing IronGolemMixin from creeperoverhaul-common.mixins.json into net.minecraft.world.entity.animal.IronGolem
[05May2026 00:44:03.032] [pool-23-thread-1/DEBUG] [mixin/]: creeperoverhaul-common.mixins.json:IronGolemMixin from mod creeperoverhaul: Class version 65 required is higher than the class version supported by the current version of Mixin (JAVA_17 supports class version 61)
[05May2026 00:44:03.032] [pool-23-thread-1/DEBUG] [mixin/]: creeperoverhaul-common.mixins.json:IronGolemMixin from mod creeperoverhaul->@Inject::creeperoverhaul$onRegisterAttackGoal(Lnet/minecraft/world/entity/LivingEntity;Lorg/spongepowered/asm/mixin/injection/callback/CallbackInfoReturnable;)V does use it's CallbackInfoReturnable
[05May2026 00:44:03.057] [pool-23-thread-1/DEBUG] [mixin/]: Mixing BrewingStandBlockEntityMixin from ultimine_addition.common.mixins.json into net.minecraft.world.level.block.entity.BrewingStandBlockEntity
[05May2026 00:44:03.057] [pool-23-thread-1/DEBUG] [mixin/]: ultimine_addition.common.mixins.json:BrewingStandBlockEntityMixin from mod ultimine_addition: Class version 65 required is higher than the class version supported by the current version of Mixin (JAVA_17 supports class version 61)
[05May2026 00:44:03.059] [pool-23-thread-1/DEBUG] [mixin/]: ultimine_addition.common.mixins.json:BrewingStandBlockEntityMixin from mod ultimine_addition->@Inject::UA$Inject$updateBrewInv(Lnet/minecraft/world/level/Level;Lnet/minecraft/core/BlockPos;Lnet/minecraft/core/NonNullList;Lorg/spongepowered/asm/mixin/injection/callback/CallbackInfo;)V doesn't use it's CallbackInfo
[05May2026 00:44:03.063] [pool-23-thread-1/DEBUG] [mixin/]: Mixing ItemStackMixin from emi.mixins.json into net.minecraft.world.item.ItemStack
[05May2026 00:44:03.063] [pool-23-thread-1/DEBUG] [mixin/]: emi.mixins.json:ItemStackMixin from mod emi: Class version 65 required is higher than the class version supported by the current version of Mixin (JAVA_17 supports class version 61)
[05May2026 00:44:03.065] [pool-23-thread-1/DEBUG] [mixin/]: Mixing ItemStackMixin from apothic_enchanting.mixins.json into net.minecraft.world.item.ItemStack
[05May2026 00:44:03.065] [pool-23-thread-1/DEBUG] [mixin/]: Renaming synthetic method lambda$apoth_enchTooltipRewrite$4(Ljava/util/Set;Lnet/minecraft/core/Holder;)Z to md9b8020$apothic_enchanting$lambda$apoth_enchTooltipRewrite$4$0 in apothic_enchanting.mixins.json:ItemStackMixin from mod apothic_enchanting
[05May2026 00:44:03.065] [pool-23-thread-1/DEBUG] [mixin/]: Renaming synthetic method lambda$apoth_enchTooltipRewrite$3(Lnet/minecraft/core/HolderSet;Lnet/minecraft/core/Holder;)Z to md9b8020$apothic_enchanting$lambda$apoth_enchTooltipRewrite$3$1 in apothic_enchanting.mixins.json:ItemStackMixin from mod apothic_enchanting
[05May2026 00:44:03.065] [pool-23-thread-1/DEBUG] [mixin/]: Renaming synthetic method lambda$apoth_enchTooltipRewrite$2(Ljava/util/function/Consumer;Ljava/util/Set;Lnet/minecraft/core/Holder;)V to md9b8020$apothic_enchanting$lambda$apoth_enchTooltipRewrite$2$2 in apothic_enchanting.mixins.json:ItemStackMixin from mod apothic_enchanting
[05May2026 00:44:03.065] [pool-23-thread-1/DEBUG] [mixin/]: Renaming synthetic method lambda$apoth_enchTooltipRewrite$1(Lnet/minecraft/core/HolderSet;Lnet/minecraft/core/Holder;)Z to md9b8020$apothic_enchanting$lambda$apoth_enchTooltipRewrite$1$3 in apothic_enchanting.mixins.json:ItemStackMixin from mod apothic_enchanting
[05May2026 00:44:03.065] [pool-23-thread-1/DEBUG] [mixin/]: Renaming synthetic method lambda$apoth_enchTooltipRewrite$0(Lnet/minecraft/world/item/enchantment/ItemEnchantments;Lnet/minecraft/world/item/enchantment/ItemEnchantments;Ljava/util/function/Consumer;Lnet/minecraft/core/Holder;)V to md9b8020$apothic_enchanting$lambda$apoth_enchTooltipRewrite$0$4 in apothic_enchanting.mixins.json:ItemStackMixin from mod apothic_enchanting
[05May2026 00:44:03.066] [pool-23-thread-1/DEBUG] [mixin/]: Mixing ItemStackMixin from apotheosis.mixins.json into net.minecraft.world.item.ItemStack
[05May2026 00:44:03.066] [pool-23-thread-1/DEBUG] [mixin/]: Renaming synthetic method lambda$apoth_useItemOnBlockPost$1(Lnet/minecraft/world/item/context/UseOnContext;Ldev/shadowsoffire/apotheosis/affix/AffixInstance;)Lnet/minecraft/world/InteractionResult; to md9b8020$apotheosis$lambda$apoth_useItemOnBlockPost$1$5 in apotheosis.mixins.json:ItemStackMixin from mod apotheosis
[05May2026 00:44:03.066] [pool-23-thread-1/DEBUG] [mixin/]: Renaming synthetic method lambda$apoth_affixItemName$0(Ldev/shadowsoffire/placebo/reload/DynamicHolder;Lnet/minecraft/network/chat/Style;)Lnet/minecraft/network/chat/Style; to md9b8020$apotheosis$lambda$apoth_affixItemName$0$6 in apotheosis.mixins.json:ItemStackMixin from mod apotheosis
[05May2026 00:44:03.068] [pool-23-thread-1/DEBUG] [mixin/]: Mixing common.ItemStackMixin from geckolib.mixins.json into net.minecraft.world.item.ItemStack
[05May2026 00:44:03.068] [pool-23-thread-1/DEBUG] [mixin/]: geckolib.mixins.json:common.ItemStackMixin from mod geckolib: Class version 65 required is higher than the class version supported by the current version of Mixin (JAVA_17 supports class version 61)
[05May2026 00:44:03.069] [pool-23-thread-1/DEBUG] [mixin/]: Mixing ItemStackMixin from placebo.mixins.json into net.minecraft.world.item.ItemStack
[05May2026 00:44:03.069] [pool-23-thread-1/DEBUG] [mixin/]: Renaming synthetic method lambda$getOrCreate$0(Ljava/util/function/Function;Ljava/util/function/ToIntFunction;Lnet/minecraft/resources/ResourceLocation;)Ldev/shadowsoffire/placebo/util/CachedObject; to md9b8020$placebo$lambda$getOrCreate$0$7 in placebo.mixins.json:ItemStackMixin from mod placebo
[05May2026 00:44:03.069] [pool-23-thread-1/DEBUG] [mixin/]: Mixing item.ItemStackMixin from mixins.artifacts.common.json into net.minecraft.world.item.ItemStack
[05May2026 00:44:03.071] [pool-23-thread-1/DEBUG] [mixin/]: Mixing ItemStackMixin from kubejs.mixins.json into net.minecraft.world.item.ItemStack
[05May2026 00:44:03.072] [pool-23-thread-1/DEBUG] [mixin/]: Mixing ItemStackMixin from betteradvancedtooltips.mixins.json into net.minecraft.world.item.ItemStack
[05May2026 00:44:03.076] [pool-23-thread-1/DEBUG] [mixin/]: emi.mixins.json:ItemStackMixin from mod emi->@Inject::getTooltip(Lnet/minecraft/world/item/Item$TooltipContext;Lnet/minecraft/world/entity/player/Player;Lnet/minecraft/world/item/TooltipFlag;Lorg/spongepowered/asm/mixin/injection/callback/CallbackInfoReturnable;)V does use it's CallbackInfoReturnable
[05May2026 00:44:03.076] [pool-23-thread-1/DEBUG] [mixin/]: emi.mixins.json:ItemStackMixin from mod emi->@Inject::getTooltip(Lnet/minecraft/world/item/Item$TooltipContext;Lnet/minecraft/world/entity/player/Player;Lnet/minecraft/world/item/TooltipFlag;Lorg/spongepowered/asm/mixin/injection/callback/CallbackInfoReturnable;)V does use it's CallbackInfoReturnable
[05May2026 00:44:03.076] [pool-23-thread-1/DEBUG] [mixin/]: apothic_enchanting.mixins.json:ItemStackMixin from mod apothic_enchanting->@Inject::apoth_enchTooltipRewrite(Lnet/minecraft/core/component/DataComponentType;Lnet/minecraft/world/item/Item$TooltipContext;Ljava/util/function/Consumer;Lnet/minecraft/world/item/TooltipFlag;Lorg/spongepowered/asm/mixin/injection/callback/CallbackInfo;)V does use it's CallbackInfo
[05May2026 00:44:03.076] [pool-23-thread-1/DEBUG] [mixin/]: apotheosis.mixins.json:ItemStackMixin from mod apotheosis->@Inject::apoth_affixItemName(Lorg/spongepowered/asm/mixin/injection/callback/CallbackInfoReturnable;)V does use it's CallbackInfoReturnable
[05May2026 00:44:03.076] [pool-23-thread-1/DEBUG] [mixin/]: apotheosis.mixins.json:ItemStackMixin from mod apotheosis->@Inject::apoth_affixItemName(Lorg/spongepowered/asm/mixin/injection/callback/CallbackInfoReturnable;)V does use it's CallbackInfoReturnable
[05May2026 00:44:03.076] [pool-23-thread-1/DEBUG] [mixin/]: apotheosis.mixins.json:ItemStackMixin from mod apotheosis->@Inject::apoth_useItemOnBlockPost(Lnet/minecraft/world/item/context/UseOnContext;Lorg/spongepowered/asm/mixin/injection/callback/CallbackInfoReturnable;)V does use it's CallbackInfoReturnable
[05May2026 00:44:03.076] [pool-23-thread-1/DEBUG] [mixin/]: apotheosis.mixins.json:ItemStackMixin from mod apotheosis->@Inject::apoth_useItemOnBlockPost(Lnet/minecraft/world/item/context/UseOnContext;Lorg/spongepowered/asm/mixin/injection/callback/CallbackInfoReturnable;)V does use it's CallbackInfoReturnable
[05May2026 00:44:03.076] [pool-23-thread-1/DEBUG] [mixin/]: apotheosis.mixins.json:ItemStackMixin from mod apotheosis->@Inject::apoth_useItemOnBlockPost(Lnet/minecraft/world/item/context/UseOnContext;Lorg/spongepowered/asm/mixin/injection/callback/CallbackInfoReturnable;)V does use it's CallbackInfoReturnable
[05May2026 00:44:03.076] [pool-23-thread-1/DEBUG] [mixin/]: apotheosis.mixins.json:ItemStackMixin from mod apotheosis->@Inject::apoth_copyFestiveMarker(Lorg/spongepowered/asm/mixin/injection/callback/CallbackInfoReturnable;)V does use it's CallbackInfoReturnable
[05May2026 00:44:03.076] [pool-23-thread-1/DEBUG] [mixin/]: apotheosis.mixins.json:ItemStackMixin from mod apotheosis->@Inject::apoth_tryTickMalice(Lnet/minecraft/world/level/Level;Lnet/minecraft/world/entity/Entity;IZLorg/spongepowered/asm/mixin/injection/callback/CallbackInfo;)V doesn't use it's CallbackInfo
[05May2026 00:44:03.077] [pool-23-thread-1/DEBUG] [mixin/]: mixins.artifacts.common.json:item.ItemStackMixin from mod artifacts->@Inject::getTooltipLines(Lnet/minecraft/world/item/Item$TooltipContext;Lnet/minecraft/world/entity/player/Player;Lnet/minecraft/world/item/TooltipFlag;Lorg/spongepowered/asm/mixin/injection/callback/CallbackInfoReturnable;Ljava/util/List;)V doesn't use it's CallbackInfoReturnable
[05May2026 00:44:03.080] [pool-23-thread-1/DEBUG] [mixin/]: Mixing MutableDataComponentHolderMixin from kubejs.mixins.json into net.neoforged.neoforge.common.MutableDataComponentHolder
[05May2026 00:44:03.088] [pool-23-thread-1/DEBUG] [mixin/]: Mixing perf.remove_biome_temperature_cache.BiomeMixin from modernfix-modernfix.mixins.json into net.minecraft.world.level.biome.Biome
[05May2026 00:44:03.088] [pool-23-thread-1/DEBUG] [mixin/]: Mixing BiomeMixin from ftbchunks-common.mixins.json into net.minecraft.world.level.biome.Biome
[05May2026 00:44:03.088] [pool-23-thread-1/DEBUG] [mixin/]: ftbchunks-common.mixins.json:BiomeMixin from mod ftbchunks: Class version 65 required is higher than the class version supported by the current version of Mixin (JAVA_17 supports class version 61)
[05May2026 00:44:03.136] [pool-23-thread-1/DEBUG] [mixin/]: Mixing WitherBossMixin from lootjs.mixins.json into net.minecraft.world.entity.boss.wither.WitherBoss
[05May2026 00:44:03.143] [pool-23-thread-1/DEBUG] [net.neoforged.coremod.transformer.CoreModBaseTransformer/COREMOD]: Transforming net/minecraft/world/inventory/AnvilMenu
[05May2026 00:44:03.147] [pool-23-thread-1/INFO] [net.neoforged.coremod.CoreMod.apothic_enchanting/COREMODLOG]: Replaced 2 calls to Enchantment#getMaxLevel() in net/minecraft/world/inventory/AnvilMenu
[05May2026 00:44:03.147] [pool-23-thread-1/DEBUG] [mixin/]: Mixing MixinAnvilMenu from mixins.ipnext.json into net.minecraft.world.inventory.AnvilMenu
[05May2026 00:44:03.148] [pool-23-thread-1/DEBUG] [mixin/]: Mixing AnvilMenuMixin from apothic_enchanting.mixins.json into net.minecraft.world.inventory.AnvilMenu
[05May2026 00:44:03.149] [pool-23-thread-1/DEBUG] [mixin/]: mixins.ipnext.json:MixinAnvilMenu from mod inventoryprofilesnext->@Inject::onTakeOutputPre(Lnet/minecraft/world/entity/player/Player;Lnet/minecraft/world/item/ItemStack;Lorg/spongepowered/asm/mixin/injection/callback/CallbackInfo;)V does use it's CallbackInfo
[05May2026 00:44:03.149] [pool-23-thread-1/DEBUG] [mixin/]: mixins.ipnext.json:MixinAnvilMenu from mod inventoryprofilesnext->@Inject::onTakeOutputPost(Lnet/minecraft/world/entity/player/Player;Lnet/minecraft/world/item/ItemStack;Lorg/spongepowered/asm/mixin/injection/callback/CallbackInfo;)V doesn't use it's CallbackInfo
[05May2026 00:44:03.149] [pool-23-thread-1/DEBUG] [mixin/]: mixins.ipnext.json:MixinAnvilMenu from mod inventoryprofilesnext->@Inject::onTakeOutputPost(Lnet/minecraft/world/entity/player/Player;Lnet/minecraft/world/item/ItemStack;Lorg/spongepowered/asm/mixin/injection/callback/CallbackInfo;)V has 0 override(s) in child classes
[05May2026 00:44:03.149] [pool-23-thread-1/DEBUG] [mixin/]: mixins.ipnext.json:MixinAnvilMenu from mod inventoryprofilesnext->@Inject::onTakeOutputPost(Lnet/minecraft/world/entity/player/Player;Lnet/minecraft/world/item/ItemStack;Lorg/spongepowered/asm/mixin/injection/callback/CallbackInfo;)V won't be passed a CallbackInfo as a result
[05May2026 00:44:03.161] [pool-23-thread-1/DEBUG] [mixin/]: Mixing hopper.MixinHopperBlockEntity from lootr-common.mixins.json into net.minecraft.world.level.block.entity.HopperBlockEntity
[05May2026 00:44:03.205] [pool-23-thread-1/DEBUG] [mixin/]: Mixing AgeableMobMixin from fusion.mixins.json into net.minecraft.world.entity.AgeableMob
[05May2026 00:44:03.205] [pool-23-thread-1/DEBUG] [mixin/]: fusion.mixins.json:AgeableMobMixin from mod fusion: Class version 65 required is higher than the class version supported by the current version of Mixin (JAVA_17 supports class version 61)
[05May2026 00:44:03.205] [pool-23-thread-1/DEBUG] [mixin/]: fusion.mixins.json:AgeableMobMixin from mod fusion->@Inject::setAge(Lorg/spongepowered/asm/mixin/injection/callback/CallbackInfo;)V doesn't use it's CallbackInfo
[05May2026 00:44:03.205] [pool-23-thread-1/DEBUG] [mixin/]: fusion.mixins.json:AgeableMobMixin from mod fusion->@Inject::setAge(Lorg/spongepowered/asm/mixin/injection/callback/CallbackInfo;)V has 0 override(s) in child classes
[05May2026 00:44:03.205] [pool-23-thread-1/DEBUG] [mixin/]: fusion.mixins.json:AgeableMobMixin from mod fusion->@Inject::setAge(Lorg/spongepowered/asm/mixin/injection/callback/CallbackInfo;)V won't be passed a CallbackInfo as a result
[05May2026 00:44:03.248] [pool-23-thread-1/DEBUG] [mixin/]: Mixing GrindstoneMenuMixin from moonlight-common.mixins.json into net.minecraft.world.inventory.GrindstoneMenu
[05May2026 00:44:03.248] [pool-23-thread-1/DEBUG] [mixin/]: moonlight-common.mixins.json:GrindstoneMenuMixin from mod moonlight: Class version 65 required is higher than the class version supported by the current version of Mixin (JAVA_17 supports class version 61)
[05May2026 00:44:03.254] [pool-23-thread-1/DEBUG] [mixin/]: Mixing SmithingMenuMixin from apotheosis.mixins.json into net.minecraft.world.inventory.SmithingMenu
[05May2026 00:44:03.254] [pool-23-thread-1/DEBUG] [mixin/]: apotheosis.mixins.json:SmithingMenuMixin from mod apotheosis->@Inject::onTake(Lnet/minecraft/world/entity/player/Player;Lnet/minecraft/world/item/ItemStack;Lorg/spongepowered/asm/mixin/injection/callback/CallbackInfo;)V doesn't use it's CallbackInfo
[05May2026 00:44:03.254] [pool-23-thread-1/DEBUG] [mixin/]: apotheosis.mixins.json:SmithingMenuMixin from mod apotheosis->@Inject::onTake(Lnet/minecraft/world/entity/player/Player;Lnet/minecraft/world/item/ItemStack;Lorg/spongepowered/asm/mixin/injection/callback/CallbackInfo;)V has 0 override(s) in child classes
[05May2026 00:44:03.254] [pool-23-thread-1/DEBUG] [mixin/]: apotheosis.mixins.json:SmithingMenuMixin from mod apotheosis->@Inject::onTake(Lnet/minecraft/world/entity/player/Player;Lnet/minecraft/world/item/ItemStack;Lorg/spongepowered/asm/mixin/injection/callback/CallbackInfo;)V won't be passed a CallbackInfo as a result
[05May2026 00:44:03.260] [pool-23-thread-1/DEBUG] [mixin/]: Mixing CampfireBlockEntityMixin from reliquified_artifacts.mixins.json into net.minecraft.world.level.block.entity.CampfireBlockEntity
[05May2026 00:44:03.260] [pool-23-thread-1/DEBUG] [mixin/]: reliquified_artifacts.mixins.json:CampfireBlockEntityMixin from mod reliquified_artifacts: Class version 65 required is higher than the class version supported by the current version of Mixin (JAVA_8 supports class version 52)
[05May2026 00:44:03.260] [pool-23-thread-1/DEBUG] [mixin/]: Mixing accessor.CampfireBlockEntityAccessor from reliquified_artifacts.mixins.json into net.minecraft.world.level.block.entity.CampfireBlockEntity
[05May2026 00:44:03.260] [pool-23-thread-1/DEBUG] [mixin/]: reliquified_artifacts.mixins.json:accessor.CampfireBlockEntityAccessor from mod reliquified_artifacts: Class version 65 required is higher than the class version supported by the current version of Mixin (JAVA_8 supports class version 52)
[05May2026 00:44:03.386] [pool-23-thread-1/DEBUG] [mixin/]: Mixing RecipeInputMixin from kubejs.mixins.json into net.minecraft.world.item.crafting.RecipeInput
[05May2026 00:44:03.393] [pool-23-thread-1/DEBUG] [mixin/]: Mixing ItemsMixin from apothic_spawners.mixins.json into net.minecraft.world.item.Items
[05May2026 00:44:03.395] [pool-23-thread-1/DEBUG] [mixin/]: apothic_spawners.mixins.json:ItemsMixin from mod apothic_spawners->@Inject::apoth_replaceSpawnerItem(Lnet/minecraft/world/level/block/Block;Lorg/spongepowered/asm/mixin/injection/callback/CallbackInfoReturnable;)V does use it's CallbackInfoReturnable
[05May2026 00:44:03.408] [pool-23-thread-1/DEBUG] [mixin/]: Mixing ItemMixin from iceberg.mixins.json into net.minecraft.world.item.Item
[05May2026 00:44:03.408] [pool-23-thread-1/DEBUG] [mixin/]: iceberg.mixins.json:ItemMixin from mod iceberg: Class version 65 required is higher than the class version supported by the current version of Mixin (JAVA_17 supports class version 61)
[05May2026 00:44:03.408] [pool-23-thread-1/DEBUG] [mixin/]: Mixing ItemMixin from relics.mixins.json into net.minecraft.world.item.Item
[05May2026 00:44:03.411] [pool-23-thread-1/DEBUG] [mixin/]: Mixing ItemMixin from moonlight.mixins.json into net.minecraft.world.item.Item
[05May2026 00:44:03.411] [pool-23-thread-1/DEBUG] [mixin/]: moonlight.mixins.json:ItemMixin from mod moonlight: Class version 65 required is higher than the class version supported by the current version of Mixin (JAVA_17 supports class version 61)
[05May2026 00:44:03.411] [pool-23-thread-1/DEBUG] [mixin/]: Mixing ItemMixin from moonlight-common.mixins.json into net.minecraft.world.item.Item
[05May2026 00:44:03.411] [pool-23-thread-1/DEBUG] [mixin/]: moonlight-common.mixins.json:ItemMixin from mod moonlight: Class version 65 required is higher than the class version supported by the current version of Mixin (JAVA_17 supports class version 61)
[05May2026 00:44:03.413] [pool-23-thread-1/DEBUG] [mixin/]: Mixing inject.MixinItem from architectury-common.mixins.json into net.minecraft.world.item.Item
[05May2026 00:44:03.413] [pool-23-thread-1/DEBUG] [mixin/]: architectury-common.mixins.json:inject.MixinItem from mod architectury: Class version 65 required is higher than the class version supported by the current version of Mixin (JAVA_16 supports class version 60)
[05May2026 00:44:03.413] [pool-23-thread-1/DEBUG] [mixin/]: Mixing ItemMixin from ftblibrary-common.mixins.json into net.minecraft.world.item.Item
[05May2026 00:44:03.413] [pool-23-thread-1/DEBUG] [mixin/]: ftblibrary-common.mixins.json:ItemMixin from mod ftblibrary: Class version 65 required is higher than the class version supported by the current version of Mixin (JAVA_8 supports class version 52)
[05May2026 00:44:03.413] [pool-23-thread-1/DEBUG] [mixin/]: Mixing ItemMixin from apothic_enchanting.mixins.json into net.minecraft.world.item.Item
[05May2026 00:44:03.413] [pool-23-thread-1/DEBUG] [mixin/]: Mixing ItemMixin from kubejs.mixins.json into net.minecraft.world.item.Item
[05May2026 00:44:03.424] [pool-23-thread-1/DEBUG] [mixin/]: iceberg.mixins.json:ItemMixin from mod iceberg->@Inject::icebergGetPlayerPOVHitResult(Lnet/minecraft/world/level/Level;Lnet/minecraft/world/entity/player/Player;Lnet/minecraft/world/level/ClipContext$Fluid;Lorg/spongepowered/asm/mixin/injection/callback/CallbackInfoReturnable;)V does use it's CallbackInfoReturnable
[05May2026 00:44:03.424] [pool-23-thread-1/DEBUG] [mixin/]: relics.mixins.json:ItemMixin from mod relics->@Inject::init(Lnet/minecraft/world/item/Item$Properties;Lorg/spongepowered/asm/mixin/injection/callback/CallbackInfo;)V doesn't use it's CallbackInfo
[05May2026 00:44:03.424] [pool-23-thread-1/DEBUG] [mixin/]: relics.mixins.json:ItemMixin from mod relics->@Inject::init(Lnet/minecraft/world/item/Item$Properties;Lorg/spongepowered/asm/mixin/injection/callback/CallbackInfo;)V has 0 override(s) in child classes
[05May2026 00:44:03.424] [pool-23-thread-1/DEBUG] [mixin/]: relics.mixins.json:ItemMixin from mod relics->@Inject::init(Lnet/minecraft/world/item/Item$Properties;Lorg/spongepowered/asm/mixin/injection/callback/CallbackInfo;)V won't be passed a CallbackInfo as a result
[05May2026 00:44:03.424] [pool-23-thread-1/DEBUG] [mixin/]: relics.mixins.json:ItemMixin from mod relics->@Inject::inventoryTick(Lnet/minecraft/world/item/ItemStack;Lnet/minecraft/world/level/Level;Lnet/minecraft/world/entity/Entity;IZLorg/spongepowered/asm/mixin/injection/callback/CallbackInfo;)V doesn't use it's CallbackInfo
[05May2026 00:44:03.424] [pool-23-thread-1/DEBUG] [mixin/]: relics.mixins.json:ItemMixin from mod relics->@Inject::inventoryTick(Lnet/minecraft/world/item/ItemStack;Lnet/minecraft/world/level/Level;Lnet/minecraft/world/entity/Entity;IZLorg/spongepowered/asm/mixin/injection/callback/CallbackInfo;)V has 0 override(s) in child classes
[05May2026 00:44:03.424] [pool-23-thread-1/DEBUG] [mixin/]: relics.mixins.json:ItemMixin from mod relics->@Inject::inventoryTick(Lnet/minecraft/world/item/ItemStack;Lnet/minecraft/world/level/Level;Lnet/minecraft/world/entity/Entity;IZLorg/spongepowered/asm/mixin/injection/callback/CallbackInfo;)V won't be passed a CallbackInfo as a result
[05May2026 00:44:03.424] [pool-23-thread-1/DEBUG] [mixin/]: relics.mixins.json:ItemMixin from mod relics->@Inject::appendHoverText(Lnet/minecraft/world/item/ItemStack;Lnet/minecraft/world/item/Item$TooltipContext;Ljava/util/List;Lnet/minecraft/world/item/TooltipFlag;Lorg/spongepowered/asm/mixin/injection/callback/CallbackInfo;)V doesn't use it's CallbackInfo
[05May2026 00:44:03.424] [pool-23-thread-1/DEBUG] [mixin/]: relics.mixins.json:ItemMixin from mod relics->@Inject::appendHoverText(Lnet/minecraft/world/item/ItemStack;Lnet/minecraft/world/item/Item$TooltipContext;Ljava/util/List;Lnet/minecraft/world/item/TooltipFlag;Lorg/spongepowered/asm/mixin/injection/callback/CallbackInfo;)V has 0 override(s) in child classes
[05May2026 00:44:03.424] [pool-23-thread-1/DEBUG] [mixin/]: relics.mixins.json:ItemMixin from mod relics->@Inject::appendHoverText(Lnet/minecraft/world/item/ItemStack;Lnet/minecraft/world/item/Item$TooltipContext;Ljava/util/List;Lnet/minecraft/world/item/TooltipFlag;Lorg/spongepowered/asm/mixin/injection/callback/CallbackInfo;)V won't be passed a CallbackInfo as a result
[05May2026 00:44:03.424] [pool-23-thread-1/DEBUG] [mixin/]: relics.mixins.json:ItemMixin from mod relics->@Inject::onVerifyComponentsAfterLoad(Lnet/minecraft/world/item/ItemStack;Lorg/spongepowered/asm/mixin/injection/callback/CallbackInfo;)V doesn't use it's CallbackInfo
[05May2026 00:44:03.424] [pool-23-thread-1/DEBUG] [mixin/]: relics.mixins.json:ItemMixin from mod relics->@Inject::onVerifyComponentsAfterLoad(Lnet/minecraft/world/item/ItemStack;Lorg/spongepowered/asm/mixin/injection/callback/CallbackInfo;)V has 0 override(s) in child classes
[05May2026 00:44:03.424] [pool-23-thread-1/DEBUG] [mixin/]: relics.mixins.json:ItemMixin from mod relics->@Inject::onVerifyComponentsAfterLoad(Lnet/minecraft/world/item/ItemStack;Lorg/spongepowered/asm/mixin/injection/callback/CallbackInfo;)V won't be passed a CallbackInfo as a result
[05May2026 00:44:03.424] [pool-23-thread-1/DEBUG] [mixin/]: moonlight.mixins.json:ItemMixin from mod moonlight->@Inject::initializeClient(Ljava/util/function/Consumer;Lorg/spongepowered/asm/mixin/injection/callback/CallbackInfo;)V doesn't use it's CallbackInfo
[05May2026 00:44:03.424] [pool-23-thread-1/DEBUG] [mixin/]: moonlight.mixins.json:ItemMixin from mod moonlight->@Inject::initializeClient(Ljava/util/function/Consumer;Lorg/spongepowered/asm/mixin/injection/callback/CallbackInfo;)V has 0 override(s) in child classes
[05May2026 00:44:03.424] [pool-23-thread-1/DEBUG] [mixin/]: moonlight.mixins.json:ItemMixin from mod moonlight->@Inject::initializeClient(Ljava/util/function/Consumer;Lorg/spongepowered/asm/mixin/injection/callback/CallbackInfo;)V won't be passed a CallbackInfo as a result
[05May2026 00:44:03.424] [pool-23-thread-1/DEBUG] [mixin/]: moonlight-common.mixins.json:ItemMixin from mod moonlight->@Inject::onUseOnBlock(Lnet/minecraft/world/item/context/UseOnContext;Lorg/spongepowered/asm/mixin/injection/callback/CallbackInfoReturnable;)V does use it's CallbackInfoReturnable
[05May2026 00:44:03.424] [pool-23-thread-1/DEBUG] [mixin/]: architectury-common.mixins.json:inject.MixinItem from mod architectury->@Inject::init(Lnet/minecraft/world/item/Item$Properties;Lorg/spongepowered/asm/mixin/injection/callback/CallbackInfo;)V doesn't use it's CallbackInfo
[05May2026 00:44:03.424] [pool-23-thread-1/DEBUG] [mixin/]: architectury-common.mixins.json:inject.MixinItem from mod architectury->@Inject::init(Lnet/minecraft/world/item/Item$Properties;Lorg/spongepowered/asm/mixin/injection/callback/CallbackInfo;)V has 0 override(s) in child classes
[05May2026 00:44:03.424] [pool-23-thread-1/DEBUG] [mixin/]: architectury-common.mixins.json:inject.MixinItem from mod architectury->@Inject::init(Lnet/minecraft/world/item/Item$Properties;Lorg/spongepowered/asm/mixin/injection/callback/CallbackInfo;)V won't be passed a CallbackInfo as a result
[05May2026 00:44:03.424] [pool-23-thread-1/DEBUG] [mixin/]: kubejs.mixins.json:ItemMixin from mod kubejs->@Inject::isFoil(Lnet/minecraft/world/item/ItemStack;Lorg/spongepowered/asm/mixin/injection/callback/CallbackInfoReturnable;)V does use it's CallbackInfoReturnable
[05May2026 00:44:03.424] [pool-23-thread-1/DEBUG] [mixin/]: kubejs.mixins.json:ItemMixin from mod kubejs->@Inject::appendHoverText(Lnet/minecraft/world/item/ItemStack;Lnet/minecraft/world/item/Item$TooltipContext;Ljava/util/List;Lnet/minecraft/world/item/TooltipFlag;Lorg/spongepowered/asm/mixin/injection/callback/CallbackInfo;)V doesn't use it's CallbackInfo
[05May2026 00:44:03.424] [pool-23-thread-1/DEBUG] [mixin/]: kubejs.mixins.json:ItemMixin from mod kubejs->@Inject::appendHoverText(Lnet/minecraft/world/item/ItemStack;Lnet/minecraft/world/item/Item$TooltipContext;Ljava/util/List;Lnet/minecraft/world/item/TooltipFlag;Lorg/spongepowered/asm/mixin/injection/callback/CallbackInfo;)V has 0 override(s) in child classes
[05May2026 00:44:03.424] [pool-23-thread-1/DEBUG] [mixin/]: kubejs.mixins.json:ItemMixin from mod kubejs->@Inject::appendHoverText(Lnet/minecraft/world/item/ItemStack;Lnet/minecraft/world/item/Item$TooltipContext;Ljava/util/List;Lnet/minecraft/world/item/TooltipFlag;Lorg/spongepowered/asm/mixin/injection/callback/CallbackInfo;)V won't be passed a CallbackInfo as a result
[05May2026 00:44:03.424] [pool-23-thread-1/DEBUG] [mixin/]: kubejs.mixins.json:ItemMixin from mod kubejs->@Inject::isBarVisible(Lnet/minecraft/world/item/ItemStack;Lorg/spongepowered/asm/mixin/injection/callback/CallbackInfoReturnable;)V does use it's CallbackInfoReturnable
[05May2026 00:44:03.424] [pool-23-thread-1/DEBUG] [mixin/]: kubejs.mixins.json:ItemMixin from mod kubejs->@Inject::getBarWidth(Lnet/minecraft/world/item/ItemStack;Lorg/spongepowered/asm/mixin/injection/callback/CallbackInfoReturnable;)V does use it's CallbackInfoReturnable
[05May2026 00:44:03.424] [pool-23-thread-1/DEBUG] [mixin/]: kubejs.mixins.json:ItemMixin from mod kubejs->@Inject::getBarColor(Lnet/minecraft/world/item/ItemStack;Lorg/spongepowered/asm/mixin/injection/callback/CallbackInfoReturnable;)V does use it's CallbackInfoReturnable
[05May2026 00:44:03.424] [pool-23-thread-1/DEBUG] [mixin/]: kubejs.mixins.json:ItemMixin from mod kubejs->@Inject::getUseDuration(Lnet/minecraft/world/item/ItemStack;Lnet/minecraft/world/entity/LivingEntity;Lorg/spongepowered/asm/mixin/injection/callback/CallbackInfoReturnable;)V does use it's CallbackInfoReturnable
[05May2026 00:44:03.425] [pool-23-thread-1/DEBUG] [mixin/]: kubejs.mixins.json:ItemMixin from mod kubejs->@Inject::getUseAnimation(Lnet/minecraft/world/item/ItemStack;Lorg/spongepowered/asm/mixin/injection/callback/CallbackInfoReturnable;)V does use it's CallbackInfoReturnable
[05May2026 00:44:03.425] [pool-23-thread-1/DEBUG] [mixin/]: kubejs.mixins.json:ItemMixin from mod kubejs->@Inject::getName(Lnet/minecraft/world/item/ItemStack;Lorg/spongepowered/asm/mixin/injection/callback/CallbackInfoReturnable;)V does use it's CallbackInfoReturnable
[05May2026 00:44:03.425] [pool-23-thread-1/DEBUG] [mixin/]: kubejs.mixins.json:ItemMixin from mod kubejs->@Inject::use(Lnet/minecraft/world/level/Level;Lnet/minecraft/world/entity/player/Player;Lnet/minecraft/world/InteractionHand;Lorg/spongepowered/asm/mixin/injection/callback/CallbackInfoReturnable;)V does use it's CallbackInfoReturnable
[05May2026 00:44:03.425] [pool-23-thread-1/DEBUG] [mixin/]: kubejs.mixins.json:ItemMixin from mod kubejs->@Inject::finishUsingItem(Lnet/minecraft/world/item/ItemStack;Lnet/minecraft/world/level/Level;Lnet/minecraft/world/entity/LivingEntity;Lorg/spongepowered/asm/mixin/injection/callback/CallbackInfoReturnable;)V does use it's CallbackInfoReturnable
[05May2026 00:44:03.425] [pool-23-thread-1/DEBUG] [mixin/]: kubejs.mixins.json:ItemMixin from mod kubejs->@Inject::releaseUsing(Lnet/minecraft/world/item/ItemStack;Lnet/minecraft/world/level/Level;Lnet/minecraft/world/entity/LivingEntity;ILorg/spongepowered/asm/mixin/injection/callback/CallbackInfo;)V doesn't use it's CallbackInfo
[05May2026 00:44:03.425] [pool-23-thread-1/DEBUG] [mixin/]: kubejs.mixins.json:ItemMixin from mod kubejs->@Inject::releaseUsing(Lnet/minecraft/world/item/ItemStack;Lnet/minecraft/world/level/Level;Lnet/minecraft/world/entity/LivingEntity;ILorg/spongepowered/asm/mixin/injection/callback/CallbackInfo;)V has 0 override(s) in child classes
[05May2026 00:44:03.425] [pool-23-thread-1/DEBUG] [mixin/]: kubejs.mixins.json:ItemMixin from mod kubejs->@Inject::releaseUsing(Lnet/minecraft/world/item/ItemStack;Lnet/minecraft/world/level/Level;Lnet/minecraft/world/entity/LivingEntity;ILorg/spongepowered/asm/mixin/injection/callback/CallbackInfo;)V won't be passed a CallbackInfo as a result
[05May2026 00:44:03.425] [pool-23-thread-1/DEBUG] [mixin/]: kubejs.mixins.json:ItemMixin from mod kubejs->@Inject::hurtEnemy(Lnet/minecraft/world/item/ItemStack;Lnet/minecraft/world/entity/LivingEntity;Lnet/minecraft/world/entity/LivingEntity;Lorg/spongepowered/asm/mixin/injection/callback/CallbackInfoReturnable;)V does use it's CallbackInfoReturnable
[05May2026 00:44:03.428] [pool-23-thread-1/DEBUG] [mixin/]: Mixing IItemExtensionMixin from apothic_attributes.mixins.json into net.neoforged.neoforge.common.extensions.IItemExtension
[05May2026 00:44:03.431] [pool-23-thread-1/DEBUG] [mixin/]: Mixing BlockItemMixin from moonlight-common.mixins.json into net.minecraft.world.item.BlockItem
[05May2026 00:44:03.431] [pool-23-thread-1/DEBUG] [mixin/]: moonlight-common.mixins.json:BlockItemMixin from mod moonlight: Class version 65 required is higher than the class version supported by the current version of Mixin (JAVA_17 supports class version 61)
[05May2026 00:44:03.433] [pool-23-thread-1/DEBUG] [mixin/]: moonlight-common.mixins.json:BlockItemMixin from mod moonlight->@Inject::moonlight$getPlacementState(Lnet/minecraft/world/item/context/BlockPlaceContext;Lorg/spongepowered/asm/mixin/injection/callback/CallbackInfoReturnable;)V does use it's CallbackInfoReturnable
[05May2026 00:44:03.433] [pool-23-thread-1/DEBUG] [mixin/]: moonlight-common.mixins.json:BlockItemMixin from mod moonlight->@Inject::moonlight$place(Lnet/minecraft/world/item/context/BlockPlaceContext;Lorg/spongepowered/asm/mixin/injection/callback/CallbackInfoReturnable;)V does use it's CallbackInfoReturnable
[05May2026 00:44:03.433] [pool-23-thread-1/DEBUG] [mixin/]: moonlight-common.mixins.json:BlockItemMixin from mod moonlight->@Inject::moonlight$updatePlacementContext(Lnet/minecraft/world/item/context/BlockPlaceContext;Lorg/spongepowered/asm/mixin/injection/callback/CallbackInfoReturnable;)V does use it's CallbackInfoReturnable
[05May2026 00:44:03.442] [pool-23-thread-1/DEBUG] [mixin/]: Mixing SwordItemMixin from dummmmmmy-common.mixins.json into net.minecraft.world.item.SwordItem
[05May2026 00:44:03.443] [pool-23-thread-1/DEBUG] [mixin/]: dummmmmmy-common.mixins.json:SwordItemMixin from mod dummmmmmy: Class version 65 required is higher than the class version supported by the current version of Mixin (JAVA_17 supports class version 61)
[05May2026 00:44:03.446] [pool-23-thread-1/DEBUG] [mixin/]: dummmmmmy-common.mixins.json:SwordItemMixin from mod dummmmmmy->@Inject::mm$damageEquipment(Lnet/minecraft/world/item/ItemStack;Lnet/minecraft/world/entity/LivingEntity;Lnet/minecraft/world/entity/LivingEntity;Lorg/spongepowered/asm/mixin/injection/callback/CallbackInfoReturnable;)V does use it's CallbackInfoReturnable
[05May2026 00:44:03.448] [pool-23-thread-1/DEBUG] [mixin/]: Mixing accessor.ShovelItemAccessor from emi.mixins.json into net.minecraft.world.item.ShovelItem
[05May2026 00:44:03.448] [pool-23-thread-1/DEBUG] [mixin/]: emi.mixins.json:accessor.ShovelItemAccessor from mod emi: Class version 65 required is higher than the class version supported by the current version of Mixin (JAVA_17 supports class version 61)
[05May2026 00:44:03.448] [pool-23-thread-1/DEBUG] [mixin/]: Renaming @Accessor method getPathStates()Ljava/util/Map; to getPathStates$emi_$md$9b8020$0 in emi.mixins.json:accessor.ShovelItemAccessor from mod emi
[05May2026 00:44:03.450] [pool-23-thread-1/DEBUG] [mixin/]: Mixing ToolItemMixin from dummmmmmy-common.mixins.json into net.minecraft.world.item.DiggerItem
[05May2026 00:44:03.450] [pool-23-thread-1/DEBUG] [mixin/]: dummmmmmy-common.mixins.json:ToolItemMixin from mod dummmmmmy: Class version 65 required is higher than the class version supported by the current version of Mixin (JAVA_17 supports class version 61)
[05May2026 00:44:03.450] [pool-23-thread-1/DEBUG] [mixin/]: Mixing DiggerItemMixin from kubejs.mixins.json into net.minecraft.world.item.DiggerItem
[05May2026 00:44:03.451] [pool-23-thread-1/DEBUG] [mixin/]: dummmmmmy-common.mixins.json:ToolItemMixin from mod dummmmmmy->@Inject::mm$damageEquipment(Lnet/minecraft/world/item/ItemStack;Lnet/minecraft/world/entity/LivingEntity;Lnet/minecraft/world/entity/LivingEntity;Lorg/spongepowered/asm/mixin/injection/callback/CallbackInfoReturnable;)V does use it's CallbackInfoReturnable
[05May2026 00:44:03.451] [pool-23-thread-1/DEBUG] [mixin/]: kubejs.mixins.json:DiggerItemMixin from mod kubejs->@Inject::init(Lorg/spongepowered/asm/mixin/injection/callback/CallbackInfo;)V doesn't use it's CallbackInfo
[05May2026 00:44:03.451] [pool-23-thread-1/DEBUG] [mixin/]: kubejs.mixins.json:DiggerItemMixin from mod kubejs->@Inject::init(Lorg/spongepowered/asm/mixin/injection/callback/CallbackInfo;)V has 0 override(s) in child classes
[05May2026 00:44:03.451] [pool-23-thread-1/DEBUG] [mixin/]: kubejs.mixins.json:DiggerItemMixin from mod kubejs->@Inject::init(Lorg/spongepowered/asm/mixin/injection/callback/CallbackInfo;)V won't be passed a CallbackInfo as a result
[05May2026 00:44:03.453] [pool-23-thread-1/DEBUG] [mixin/]: Mixing accessor.AxeItemAccessor from emi.mixins.json into net.minecraft.world.item.AxeItem
[05May2026 00:44:03.453] [pool-23-thread-1/DEBUG] [mixin/]: emi.mixins.json:accessor.AxeItemAccessor from mod emi: Class version 65 required is higher than the class version supported by the current version of Mixin (JAVA_17 supports class version 61)
[05May2026 00:44:03.453] [pool-23-thread-1/DEBUG] [mixin/]: Renaming @Accessor method getStrippedBlocks()Ljava/util/Map; to getStrippedBlocks$emi_$md$9b8020$0 in emi.mixins.json:accessor.AxeItemAccessor from mod emi
[05May2026 00:44:03.454] [pool-23-thread-1/DEBUG] [mixin/]: Mixing accessor.HoeItemAccessor from emi.mixins.json into net.minecraft.world.item.HoeItem
[05May2026 00:44:03.454] [pool-23-thread-1/DEBUG] [mixin/]: emi.mixins.json:accessor.HoeItemAccessor from mod emi: Class version 65 required is higher than the class version supported by the current version of Mixin (JAVA_17 supports class version 61)
[05May2026 00:44:03.454] [pool-23-thread-1/DEBUG] [mixin/]: Renaming @Accessor method getTillingActions()Ljava/util/Map; to getTillingActions$emi_$md$9b8020$0 in emi.mixins.json:accessor.HoeItemAccessor from mod emi
[05May2026 00:44:03.454] [pool-23-thread-1/DEBUG] [mixin/]: Mixing HoeItemMixin from emi.mixins.json into net.minecraft.world.item.HoeItem
[05May2026 00:44:03.454] [pool-23-thread-1/DEBUG] [mixin/]: emi.mixins.json:HoeItemMixin from mod emi: Class version 65 required is higher than the class version supported by the current version of Mixin (JAVA_17 supports class version 61)
[05May2026 00:44:03.454] [pool-23-thread-1/DEBUG] [mixin/]: emi.mixins.json:HoeItemMixin from mod emi->@Inject::createTillAction(Lnet/minecraft/world/level/block/state/BlockState;Lorg/spongepowered/asm/mixin/injection/callback/CallbackInfoReturnable;)V does use it's CallbackInfoReturnable
[05May2026 00:44:03.454] [pool-23-thread-1/DEBUG] [mixin/]: emi.mixins.json:HoeItemMixin from mod emi->@Inject::createTillAndDropAction(Lnet/minecraft/world/level/block/state/BlockState;Lnet/minecraft/world/level/ItemLike;Lorg/spongepowered/asm/mixin/injection/callback/CallbackInfoReturnable;)V does use it's CallbackInfoReturnable
[05May2026 00:44:03.456] [pool-23-thread-1/DEBUG] [mixin/]: Mixing neoforge.MixinBucketItem from architectury.mixins.json into net.minecraft.world.item.BucketItem
[05May2026 00:44:03.456] [pool-23-thread-1/DEBUG] [mixin/]: architectury.mixins.json:neoforge.MixinBucketItem from mod architectury: Class version 65 required is higher than the class version supported by the current version of Mixin (JAVA_16 supports class version 60)
[05May2026 00:44:03.456] [pool-23-thread-1/DEBUG] [mixin/]: Mixing neoforge.BucketItemAccessor from architectury.mixins.json into net.minecraft.world.item.BucketItem
[05May2026 00:44:03.456] [pool-23-thread-1/DEBUG] [mixin/]: architectury.mixins.json:neoforge.BucketItemAccessor from mod architectury: Class version 65 required is higher than the class version supported by the current version of Mixin (JAVA_16 supports class version 60)
[05May2026 00:44:03.456] [pool-23-thread-1/DEBUG] [mixin/]: Mixing inject.MixinBucketItem from architectury-common.mixins.json into net.minecraft.world.item.BucketItem
[05May2026 00:44:03.456] [pool-23-thread-1/DEBUG] [mixin/]: architectury-common.mixins.json:inject.MixinBucketItem from mod architectury: Class version 65 required is higher than the class version supported by the current version of Mixin (JAVA_16 supports class version 60)
[05May2026 00:44:03.456] [pool-23-thread-1/DEBUG] [mixin/]: architectury.mixins.json:neoforge.MixinBucketItem from mod architectury->@Inject::fillBucket(Lnet/minecraft/world/level/Level;Lnet/minecraft/world/entity/player/Player;Lnet/minecraft/world/InteractionHand;Lorg/spongepowered/asm/mixin/injection/callback/CallbackInfoReturnable;Lnet/minecraft/world/item/ItemStack;Lnet/minecraft/world/phys/BlockHitResult;)V does use it's CallbackInfoReturnable
[05May2026 00:44:03.464] [pool-23-thread-1/DEBUG] [mixin/]: Mixing MapItemMixin from moonlight-common.mixins.json into net.minecraft.world.item.MapItem
[05May2026 00:44:03.464] [pool-23-thread-1/DEBUG] [mixin/]: moonlight-common.mixins.json:MapItemMixin from mod moonlight: Class version 65 required is higher than the class version supported by the current version of Mixin (JAVA_17 supports class version 61)
[05May2026 00:44:03.464] [pool-23-thread-1/DEBUG] [mixin/]: Renaming synthetic method lambda$update$1(Lnet/minecraft/world/level/saveddata/maps/MapItemSavedData;Lnet/minecraft/world/entity/Entity;Ljava/util/concurrent/atomic/AtomicBoolean;Lnet/mehvahdjukaar/moonlight/api/map/CustomMapData$Type;Lnet/mehvahdjukaar/moonlight/api/map/CustomMapData;)V to md9b8020$moonlight$lambda$update$1$0 in moonlight-common.mixins.json:MapItemMixin from mod moonlight
[05May2026 00:44:03.464] [pool-23-thread-1/DEBUG] [mixin/]: Renaming synthetic method lambda$appendHoverText$0(Lnet/minecraft/world/level/saveddata/maps/MapItemSavedData;Lnet/minecraft/world/item/ItemStack;Ljava/util/List;Lnet/mehvahdjukaar/moonlight/api/map/CustomMapData$Type;Lnet/mehvahdjukaar/moonlight/api/map/CustomMapData;)V to md9b8020$moonlight$lambda$appendHoverText$0$1 in moonlight-common.mixins.json:MapItemMixin from mod moonlight
[05May2026 00:44:03.467] [pool-23-thread-1/DEBUG] [mixin/]: moonlight-common.mixins.json:MapItemMixin from mod moonlight->@Inject::appendHoverText(Lnet/minecraft/world/item/ItemStack;Lnet/minecraft/world/item/Item$TooltipContext;Ljava/util/List;Lnet/minecraft/world/item/TooltipFlag;Lorg/spongepowered/asm/mixin/injection/callback/CallbackInfo;)V doesn't use it's CallbackInfo
[05May2026 00:44:03.467] [pool-23-thread-1/DEBUG] [mixin/]: moonlight-common.mixins.json:MapItemMixin from mod moonlight->@Inject::appendHoverText(Lnet/minecraft/world/item/ItemStack;Lnet/minecraft/world/item/Item$TooltipContext;Ljava/util/List;Lnet/minecraft/world/item/TooltipFlag;Lorg/spongepowered/asm/mixin/injection/callback/CallbackInfo;)V has 0 override(s) in child classes
[05May2026 00:44:03.467] [pool-23-thread-1/DEBUG] [mixin/]: moonlight-common.mixins.json:MapItemMixin from mod moonlight->@Inject::appendHoverText(Lnet/minecraft/world/item/ItemStack;Lnet/minecraft/world/item/Item$TooltipContext;Ljava/util/List;Lnet/minecraft/world/item/TooltipFlag;Lorg/spongepowered/asm/mixin/injection/callback/CallbackInfo;)V won't be passed a CallbackInfo as a result
[05May2026 00:44:03.467] [pool-23-thread-1/DEBUG] [mixin/]: moonlight-common.mixins.json:MapItemMixin from mod moonlight->@Inject::update(Lnet/minecraft/world/level/Level;Lnet/minecraft/world/entity/Entity;Lnet/minecraft/world/level/saveddata/maps/MapItemSavedData;Lorg/spongepowered/asm/mixin/injection/callback/CallbackInfo;)V does use it's CallbackInfo
[05May2026 00:44:03.469] [pool-23-thread-1/DEBUG] [mixin/]: Mixing ShearItemMixin from moonlight-common.mixins.json into net.minecraft.world.item.ShearsItem
[05May2026 00:44:03.469] [pool-23-thread-1/DEBUG] [mixin/]: moonlight-common.mixins.json:ShearItemMixin from mod moonlight: Class version 65 required is higher than the class version supported by the current version of Mixin (JAVA_17 supports class version 61)
[05May2026 00:44:03.469] [pool-23-thread-1/DEBUG] [mixin/]: Mixing ShearsItemMixin from apothic_enchanting.mixins.json into net.minecraft.world.item.ShearsItem
[05May2026 00:44:03.470] [pool-23-thread-1/DEBUG] [mixin/]: Mixing ability.enderpearlhungercost.EnderPearlItemMixin from mixins.artifacts.common.json into net.minecraft.world.item.EnderpearlItem
[05May2026 00:44:03.472] [pool-23-thread-1/DEBUG] [mixin/]: Renaming synthetic method lambda$shouldConsumeEnderPearl$1(Lartifacts/component/ability/EnderPearlHungerCost;)Ljava/lang/Integer; to md9b8020$artifacts$lambda$shouldConsumeEnderPearl$1$0 in mixins.artifacts.common.json:ability.enderpearlhungercost.EnderPearlItemMixin from mod artifacts
[05May2026 00:44:03.472] [pool-23-thread-1/DEBUG] [mixin/]: Renaming synthetic method lambda$shouldConsumeEnderPearl$0(Lartifacts/component/ability/EnderPearlHungerCost;)Ljava/lang/Integer; to md9b8020$artifacts$lambda$shouldConsumeEnderPearl$0$1 in mixins.artifacts.common.json:ability.enderpearlhungercost.EnderPearlItemMixin from mod artifacts
[05May2026 00:44:03.479] [pool-23-thread-1/DEBUG] [net.neoforged.coremod.transformer.CoreModBaseTransformer/COREMOD]: Transforming net/minecraft/world/item/EnchantedBookItem
[05May2026 00:44:03.479] [pool-23-thread-1/DEBUG] [mixin/]: Mixing ArmorStandFIxMixin from dummmmmmy-common.mixins.json into net.minecraft.world.item.ArmorStandItem
[05May2026 00:44:03.479] [pool-23-thread-1/DEBUG] [mixin/]: dummmmmmy-common.mixins.json:ArmorStandFIxMixin from mod dummmmmmy: Class version 65 required is higher than the class version supported by the current version of Mixin (JAVA_17 supports class version 61)
[05May2026 00:44:03.481] [pool-23-thread-1/DEBUG] [mixin/]: dummmmmmy-common.mixins.json:ArmorStandFIxMixin from mod dummmmmmy->@Inject::dummy$fixInitialArmorStandRot(Lnet/minecraft/world/item/context/UseOnContext;Lorg/spongepowered/asm/mixin/injection/callback/CallbackInfoReturnable;)V doesn't use it's CallbackInfoReturnable
[05May2026 00:44:03.481] [pool-23-thread-1/DEBUG] [mixin/]: dummmmmmy-common.mixins.json:ArmorStandFIxMixin from mod dummmmmmy->@Inject::dummy$fixInitialArmorStandRot(Lnet/minecraft/world/item/context/UseOnContext;Lorg/spongepowered/asm/mixin/injection/callback/CallbackInfoReturnable;)V has 0 override(s) in child classes
[05May2026 00:44:03.481] [pool-23-thread-1/DEBUG] [mixin/]: dummmmmmy-common.mixins.json:ArmorStandFIxMixin from mod dummmmmmy->@Inject::dummy$fixInitialArmorStandRot(Lnet/minecraft/world/item/context/UseOnContext;Lorg/spongepowered/asm/mixin/injection/callback/CallbackInfoReturnable;)V won't be passed a CallbackInfoReturnable as a result
[05May2026 00:44:03.484] [pool-23-thread-1/DEBUG] [mixin/]: Mixing TridentItemMixin from apothic_enchanting.mixins.json into net.minecraft.world.item.TridentItem
[05May2026 00:44:03.485] [pool-23-thread-1/DEBUG] [mixin/]: Mixing CrossbowItemMixin from apothic_enchanting.mixins.json into net.minecraft.world.item.CrossbowItem
[05May2026 00:44:03.487] [pool-23-thread-1/DEBUG] [mixin/]: apothic_enchanting.mixins.json:CrossbowItemMixin from mod apothic_enchanting->@Inject::apoth_setupCrescendoShots(Lnet/minecraft/world/entity/LivingEntity;Lnet/minecraft/world/item/ItemStack;Lorg/spongepowered/asm/mixin/injection/callback/CallbackInfoReturnable;)V does use it's CallbackInfoReturnable
[05May2026 00:44:03.487] [pool-23-thread-1/DEBUG] [mixin/]: apothic_enchanting.mixins.json:CrossbowItemMixin from mod apothic_enchanting->@Inject::apoth_setupCrescendoShots(Lnet/minecraft/world/entity/LivingEntity;Lnet/minecraft/world/item/ItemStack;Lorg/spongepowered/asm/mixin/injection/callback/CallbackInfoReturnable;)V does use it's CallbackInfoReturnable
[05May2026 00:44:03.488] [pool-23-thread-1/DEBUG] [mixin/]: apothic_enchanting.mixins.json:CrossbowItemMixin from mod apothic_enchanting->@Inject::apoth_addCharges(Lnet/minecraft/world/level/Level;Lnet/minecraft/world/entity/player/Player;Lnet/minecraft/world/InteractionHand;Lorg/spongepowered/asm/mixin/injection/callback/CallbackInfoReturnable;)V doesn't use it's CallbackInfoReturnable
[05May2026 00:44:03.488] [pool-23-thread-1/DEBUG] [mixin/]: apothic_enchanting.mixins.json:CrossbowItemMixin from mod apothic_enchanting->@Inject::apoth_addCharges(Lnet/minecraft/world/level/Level;Lnet/minecraft/world/entity/player/Player;Lnet/minecraft/world/InteractionHand;Lorg/spongepowered/asm/mixin/injection/callback/CallbackInfoReturnable;)V has 0 override(s) in child classes
[05May2026 00:44:03.488] [pool-23-thread-1/DEBUG] [mixin/]: apothic_enchanting.mixins.json:CrossbowItemMixin from mod apothic_enchanting->@Inject::apoth_addCharges(Lnet/minecraft/world/level/Level;Lnet/minecraft/world/entity/player/Player;Lnet/minecraft/world/InteractionHand;Lorg/spongepowered/asm/mixin/injection/callback/CallbackInfoReturnable;)V won't be passed a CallbackInfoReturnable as a result
[05May2026 00:44:03.488] [pool-23-thread-1/DEBUG] [mixin/]: apothic_enchanting.mixins.json:CrossbowItemMixin from mod apothic_enchanting->@Inject::apoth_markArrows(Lnet/minecraft/world/level/Level;Lnet/minecraft/world/entity/LivingEntity;Lnet/minecraft/world/item/ItemStack;Lnet/minecraft/world/item/ItemStack;ZLorg/spongepowered/asm/mixin/injection/callback/CallbackInfoReturnable;)V does use it's CallbackInfoReturnable
[05May2026 00:44:03.488] [pool-23-thread-1/DEBUG] [mixin/]: apothic_enchanting.mixins.json:CrossbowItemMixin from mod apothic_enchanting->@Inject::apoth_markArrows(Lnet/minecraft/world/level/Level;Lnet/minecraft/world/entity/LivingEntity;Lnet/minecraft/world/item/ItemStack;Lnet/minecraft/world/item/ItemStack;ZLorg/spongepowered/asm/mixin/injection/callback/CallbackInfoReturnable;)V does use it's CallbackInfoReturnable
[05May2026 00:44:03.490] [pool-23-thread-1/DEBUG] [mixin/]: Mixing brushing.MixinBrushItem from lootr-common.mixins.json into net.minecraft.world.item.BrushItem
[05May2026 00:44:03.585] [pool-23-thread-1/DEBUG] [mixin/]: Mixing inject.MixinItemProperties from architectury-common.mixins.json into net.minecraft.world.item.Item$Properties
[05May2026 00:44:03.585] [pool-23-thread-1/DEBUG] [mixin/]: architectury-common.mixins.json:inject.MixinItemProperties from mod architectury: Class version 65 required is higher than the class version supported by the current version of Mixin (JAVA_16 supports class version 60)
[05May2026 00:44:03.586] [pool-23-thread-1/DEBUG] [mixin/]: Mixing perf.encoder_cache_leak.EncoderCacheAccessor from modernfix-modernfix.mixins.json into net.minecraft.util.EncoderCache
[05May2026 00:44:03.604] [pool-23-thread-1/DEBUG] [net.neoforged.coremod.transformer.CoreModBaseTransformer/COREMOD]: Transforming net/minecraft/world/item/enchantment/Enchantment
[05May2026 00:44:03.610] [pool-23-thread-1/INFO] [net.neoforged.coremod.CoreMod.apothic_enchanting/COREMODLOG]: Replaced 1 calls to Enchantment#getMaxLevel() in net/minecraft/world/item/enchantment/Enchantment
[05May2026 00:44:03.610] [pool-23-thread-1/DEBUG] [mixin/]: Mixing EnchantmentMixin from dummmmmmy-common.mixins.json into net.minecraft.world.item.enchantment.Enchantment
[05May2026 00:44:03.610] [pool-23-thread-1/DEBUG] [mixin/]: dummmmmmy-common.mixins.json:EnchantmentMixin from mod dummmmmmy: Class version 65 required is higher than the class version supported by the current version of Mixin (JAVA_17 supports class version 61)
[05May2026 00:44:03.612] [pool-23-thread-1/DEBUG] [mixin/]: Mixing EnchantmentMixin from apothic_enchanting.mixins.json into net.minecraft.world.item.enchantment.Enchantment
[05May2026 00:44:03.614] [pool-23-thread-1/DEBUG] [mixin/]: apothic_enchanting.mixins.json:EnchantmentMixin from mod apothic_enchanting->@Inject::apoth_modifyEnchColorForAboveMaxLevel(Lnet/minecraft/core/Holder;ILorg/spongepowered/asm/mixin/injection/callback/CallbackInfoReturnable;)V does use it's CallbackInfoReturnable
[05May2026 00:44:03.619] [pool-23-thread-1/DEBUG] [mixin/]: Mixing HolderSetCodecMixin from lootjs.mixins.json into net.minecraft.resources.HolderSetCodec
[05May2026 00:44:03.624] [pool-23-thread-1/DEBUG] [mixin/]: lootjs.mixins.json:HolderSetCodecMixin from mod lootjs->@Inject::lootjs$injectHolderCodec(Lcom/mojang/serialization/DynamicOps;Ljava/lang/Object;Lorg/spongepowered/asm/mixin/injection/callback/CallbackInfoReturnable;)V does use it's CallbackInfoReturnable
[05May2026 00:44:03.637] [pool-23-thread-1/DEBUG] [io.netty.util.internal.PlatformDependent0/]: -Dio.netty.noUnsafe: false
[05May2026 00:44:03.637] [pool-23-thread-1/DEBUG] [io.netty.util.internal.PlatformDependent0/]: Java version: 21
[05May2026 00:44:03.639] [pool-23-thread-1/DEBUG] [io.netty.util.internal.PlatformDependent0/]: sun.misc.Unsafe.theUnsafe: available
[05May2026 00:44:03.639] [pool-23-thread-1/DEBUG] [io.netty.util.internal.PlatformDependent0/]: sun.misc.Unsafe.copyMemory: available
[05May2026 00:44:03.639] [pool-23-thread-1/DEBUG] [io.netty.util.internal.PlatformDependent0/]: sun.misc.Unsafe.storeFence: available
[05May2026 00:44:03.639] [pool-23-thread-1/DEBUG] [io.netty.util.internal.PlatformDependent0/]: java.nio.Buffer.address: available
[05May2026 00:44:03.640] [pool-23-thread-1/DEBUG] [io.netty.util.internal.PlatformDependent0/]: java.nio.Bits.unaligned: available, true
[05May2026 00:44:03.640] [pool-23-thread-1/DEBUG] [io.netty.util.internal.PlatformDependent0/]: java.nio.DirectByteBuffer.<init>(long, {int,long}): unavailable
[05May2026 00:44:03.640] [pool-23-thread-1/DEBUG] [io.netty.util.internal.PlatformDependent/]: sun.misc.Unsafe: available
[05May2026 00:44:03.642] [pool-23-thread-1/DEBUG] [io.netty.util.internal.PlatformDependent/]: maxDirectMemory: 10871635968 bytes (maybe)
[05May2026 00:44:03.642] [pool-23-thread-1/DEBUG] [io.netty.util.internal.PlatformDependent/]: -Dio.netty.tmpdir: C:\Users\mahat\AppData\Local\Temp (java.io.tmpdir)
[05May2026 00:44:03.642] [pool-23-thread-1/DEBUG] [io.netty.util.internal.PlatformDependent/]: -Dio.netty.bitMode: 64 (sun.arch.data.model)
[05May2026 00:44:03.642] [pool-23-thread-1/DEBUG] [io.netty.util.internal.PlatformDependent/]: Platform: Windows
[05May2026 00:44:03.642] [pool-23-thread-1/DEBUG] [io.netty.util.internal.PlatformDependent/]: -Dio.netty.maxDirectMemory: -1 bytes
[05May2026 00:44:03.642] [pool-23-thread-1/DEBUG] [io.netty.util.internal.PlatformDependent/]: -Dio.netty.uninitializedArrayAllocationThreshold: -1
[05May2026 00:44:03.644] [pool-23-thread-1/DEBUG] [io.netty.util.internal.CleanerJava9/]: java.nio.ByteBuffer.cleaner(): available
[05May2026 00:44:03.644] [pool-23-thread-1/DEBUG] [io.netty.util.internal.PlatformDependent/]: -Dio.netty.noPreferDirect: false
[05May2026 00:44:03.651] [pool-23-thread-1/DEBUG] [mixin/]: Mixing DataComponentMapBuilderMixin from kubejs.mixins.json into net.minecraft.core.component.DataComponentMap$Builder
[05May2026 00:44:03.656] [pool-23-thread-1/DEBUG] [mixin/]: Mixing LootContextTypesAccessor from emi_loot.mixins.json into net.minecraft.world.level.storage.loot.parameters.LootContextParamSets
[05May2026 00:44:03.656] [pool-23-thread-1/DEBUG] [mixin/]: Renaming @Accessor method getREGISTRY()Lcom/google/common/collect/BiMap; to getREGISTRY$emi_loot_$md$9b8020$0 in emi_loot.mixins.json:LootContextTypesAccessor from mod emi_loot
[05May2026 00:44:03.662] [pool-23-thread-1/DEBUG] [mixin/]: Mixing LootItemConditionMixin from lootjs.mixins.json into net.minecraft.world.level.storage.loot.predicates.LootItemCondition
[05May2026 00:44:03.683] [pool-23-thread-1/DEBUG] [mixin/]: Mixing MixinNbtPredicate from curios.neoforge.mixins.json into net.minecraft.advancements.critereon.NbtPredicate
[05May2026 00:44:03.693] [pool-23-thread-1/DEBUG] [mixin/]: Mixing MixinServerPlayer from xaerolib.mixins.json into net.minecraft.server.level.ServerPlayer
[05May2026 00:44:03.693] [pool-23-thread-1/DEBUG] [mixin/]: xaerolib.mixins.json:MixinServerPlayer from mod xaerolib: Class version 65 required is higher than the class version supported by the current version of Mixin (JAVA_17 supports class version 61)
[05May2026 00:44:03.693] [pool-23-thread-1/DEBUG] [mixin/]: Mixing MixinServerPlayer from xaeroworldmap.mixins.json into net.minecraft.server.level.ServerPlayer
[05May2026 00:44:03.693] [pool-23-thread-1/DEBUG] [mixin/]: xaeroworldmap.mixins.json:MixinServerPlayer from mod xaeroworldmap: Class version 65 required is higher than the class version supported by the current version of Mixin (JAVA_17 supports class version 61)
[05May2026 00:44:03.695] [pool-23-thread-1/DEBUG] [mixin/]: Mixing server.MixinServerPlayer from DistantHorizons.neoforge.mixins.json into net.minecraft.server.level.ServerPlayer
[05May2026 00:44:03.695] [pool-23-thread-1/DEBUG] [mixin/]: Mixing ServerPlayerMixin from kubejs.mixins.json into net.minecraft.server.level.ServerPlayer
[05May2026 00:44:03.695] [pool-23-thread-1/DEBUG] [mixin/]: Mixing ServerPlayerMixin from moonlight-common.mixins.json into net.minecraft.server.level.ServerPlayer
[05May2026 00:44:03.695] [pool-23-thread-1/DEBUG] [mixin/]: moonlight-common.mixins.json:ServerPlayerMixin from mod moonlight: Class version 65 required is higher than the class version supported by the current version of Mixin (JAVA_17 supports class version 61)
[05May2026 00:44:03.695] [pool-23-thread-1/DEBUG] [mixin/]: Mixing MixinServerPlayer from xaerohud.mixins.json into net.minecraft.server.level.ServerPlayer
[05May2026 00:44:03.695] [pool-23-thread-1/DEBUG] [mixin/]: xaerohud.mixins.json:MixinServerPlayer from mod xaerominimap: Class version 65 required is higher than the class version supported by the current version of Mixin (JAVA_17 supports class version 61)
[05May2026 00:44:03.695] [pool-23-thread-1/DEBUG] [mixin/]: Mixing swimming.server.ServerPlayerMixin from expandability-common.mixins.json into net.minecraft.server.level.ServerPlayer
[05May2026 00:44:03.695] [pool-23-thread-1/DEBUG] [mixin/]: expandability-common.mixins.json:swimming.server.ServerPlayerMixin from mod expandability: Class version 65 required is higher than the class version supported by the current version of Mixin (JAVA_17 supports class version 61)
[05May2026 00:44:03.698] [pool-23-thread-1/DEBUG] [mixin/]: DistantHorizons.neoforge.mixins.json:server.MixinServerPlayer from mod distanthorizons->@Inject::changeDimension(Lnet/minecraft/world/level/portal/DimensionTransition;Lorg/spongepowered/asm/mixin/injection/callback/CallbackInfoReturnable;)V doesn't use it's CallbackInfoReturnable
[05May2026 00:44:03.698] [pool-23-thread-1/DEBUG] [mixin/]: DistantHorizons.neoforge.mixins.json:server.MixinServerPlayer from mod distanthorizons->@Inject::changeDimension(Lnet/minecraft/world/level/portal/DimensionTransition;Lorg/spongepowered/asm/mixin/injection/callback/CallbackInfoReturnable;)V has 0 override(s) in child classes
[05May2026 00:44:03.698] [pool-23-thread-1/DEBUG] [mixin/]: DistantHorizons.neoforge.mixins.json:server.MixinServerPlayer from mod distanthorizons->@Inject::changeDimension(Lnet/minecraft/world/level/portal/DimensionTransition;Lorg/spongepowered/asm/mixin/injection/callback/CallbackInfoReturnable;)V won't be passed a CallbackInfoReturnable as a result
[05May2026 00:44:03.698] [pool-23-thread-1/DEBUG] [mixin/]: DistantHorizons.neoforge.mixins.json:server.MixinServerPlayer from mod distanthorizons->@Inject::setServerLevel(Lnet/minecraft/server/level/ServerLevel;Lorg/spongepowered/asm/mixin/injection/callback/CallbackInfo;)V doesn't use it's CallbackInfo
[05May2026 00:44:03.698] [pool-23-thread-1/DEBUG] [mixin/]: DistantHorizons.neoforge.mixins.json:server.MixinServerPlayer from mod distanthorizons->@Inject::setServerLevel(Lnet/minecraft/server/level/ServerLevel;Lorg/spongepowered/asm/mixin/injection/callback/CallbackInfo;)V has 0 override(s) in child classes
[05May2026 00:44:03.698] [pool-23-thread-1/DEBUG] [mixin/]: DistantHorizons.neoforge.mixins.json:server.MixinServerPlayer from mod distanthorizons->@Inject::setServerLevel(Lnet/minecraft/server/level/ServerLevel;Lorg/spongepowered/asm/mixin/injection/callback/CallbackInfo;)V won't be passed a CallbackInfo as a result
[05May2026 00:44:03.709] [pool-23-thread-1/DEBUG] [mixin/]: Mixing PatchedDataComponentMapMixin from ferritecore.datacomponents.mixin.json into net.minecraft.core.component.PatchedDataComponentMap
[05May2026 00:44:03.709] [pool-23-thread-1/DEBUG] [mixin/]: ferritecore.datacomponents.mixin.json:PatchedDataComponentMapMixin from mod ferritecore: Class version 65 required is higher than the class version supported by the current version of Mixin (JAVA_17 supports class version 61)
[05May2026 00:44:03.710] [pool-23-thread-1/DEBUG] [mixin/]: ferritecore.datacomponents.mixin.json:PatchedDataComponentMapMixin from mod ferritecore->@Inject::saveMemoryIfEmpty(Lorg/spongepowered/asm/mixin/injection/callback/CallbackInfo;)V doesn't use it's CallbackInfo
[05May2026 00:44:03.710] [pool-23-thread-1/DEBUG] [mixin/]: ferritecore.datacomponents.mixin.json:PatchedDataComponentMapMixin from mod ferritecore->@Inject::saveMemoryIfEmpty(Lorg/spongepowered/asm/mixin/injection/callback/CallbackInfo;)V doesn't use it's CallbackInfo
[05May2026 00:44:03.710] [pool-23-thread-1/DEBUG] [mixin/]: ferritecore.datacomponents.mixin.json:PatchedDataComponentMapMixin from mod ferritecore->@Inject::saveMemoryIfEmptyWithReturn(Lorg/spongepowered/asm/mixin/injection/callback/CallbackInfoReturnable;)V does use it's CallbackInfoReturnable
[05May2026 00:44:03.710] [pool-23-thread-1/DEBUG] [mixin/]: ferritecore.datacomponents.mixin.json:PatchedDataComponentMapMixin from mod ferritecore->@Inject::saveMemoryIfEmptyWithReturn(Lorg/spongepowered/asm/mixin/injection/callback/CallbackInfoReturnable;)V does use it's CallbackInfoReturnable
[05May2026 00:44:03.737] [pool-23-thread-1/DEBUG] [mixin/]: Mixing FireworkRocketEntityMixin from kubejs.mixins.json into net.minecraft.world.entity.projectile.FireworkRocketEntity
[05May2026 00:44:03.738] [pool-23-thread-1/DEBUG] [mixin/]: Mixing LightningEntityMixin from moonlight-common.mixins.json into net.minecraft.world.entity.LightningBolt
[05May2026 00:44:03.739] [pool-23-thread-1/DEBUG] [mixin/]: moonlight-common.mixins.json:LightningEntityMixin from mod moonlight: Class version 65 required is higher than the class version supported by the current version of Mixin (JAVA_17 supports class version 61)
[05May2026 00:44:03.739] [pool-23-thread-1/DEBUG] [mixin/]: Mixing MixinLightningBolt from architectury-common.mixins.json into net.minecraft.world.entity.LightningBolt
[05May2026 00:44:03.739] [pool-23-thread-1/DEBUG] [mixin/]: architectury-common.mixins.json:MixinLightningBolt from mod architectury: Class version 65 required is higher than the class version supported by the current version of Mixin (JAVA_16 supports class version 60)
[05May2026 00:44:03.740] [pool-23-thread-1/DEBUG] [mixin/]: moonlight-common.mixins.json:LightningEntityMixin from mod moonlight->@Inject::powerLightningRod(Lorg/spongepowered/asm/mixin/injection/callback/CallbackInfo;)V doesn't use it's CallbackInfo
[05May2026 00:44:03.740] [pool-23-thread-1/DEBUG] [mixin/]: moonlight-common.mixins.json:LightningEntityMixin from mod moonlight->@Inject::powerLightningRod(Lorg/spongepowered/asm/mixin/injection/callback/CallbackInfo;)V has 0 override(s) in child classes
[05May2026 00:44:03.740] [pool-23-thread-1/DEBUG] [mixin/]: moonlight-common.mixins.json:LightningEntityMixin from mod moonlight->@Inject::powerLightningRod(Lorg/spongepowered/asm/mixin/injection/callback/CallbackInfo;)V won't be passed a CallbackInfo as a result
[05May2026 00:44:03.740] [pool-23-thread-1/DEBUG] [mixin/]: architectury-common.mixins.json:MixinLightningBolt from mod architectury->@Inject::handleLightning(Lorg/spongepowered/asm/mixin/injection/callback/CallbackInfo;Ljava/util/List;)V doesn't use it's CallbackInfo
[05May2026 00:44:03.740] [pool-23-thread-1/DEBUG] [mixin/]: architectury-common.mixins.json:MixinLightningBolt from mod architectury->@Inject::handleLightning(Lorg/spongepowered/asm/mixin/injection/callback/CallbackInfo;Ljava/util/List;)V has 0 override(s) in child classes
[05May2026 00:44:03.740] [pool-23-thread-1/DEBUG] [mixin/]: architectury-common.mixins.json:MixinLightningBolt from mod architectury->@Inject::handleLightning(Lorg/spongepowered/asm/mixin/injection/callback/CallbackInfo;Ljava/util/List;)V won't be passed a CallbackInfo as a result
[05May2026 00:44:03.742] [pool-23-thread-1/DEBUG] [mixin/]: Mixing perf.ticking_chunk_alloc.ChunkAccessMixin from modernfix-modernfix.mixins.json into net.minecraft.world.level.chunk.ChunkAccess
[05May2026 00:44:03.742] [pool-23-thread-1/DEBUG] [mixin/]: Mixing perf.compact_imposterprotochunks.ChunkAccessMixin from modernfix-modernfix.mixins.json into net.minecraft.world.level.chunk.ChunkAccess
[05May2026 00:44:03.745] [pool-23-thread-1/DEBUG] [mixin/]: Mixing ChunkSectionReadSkipMixin from connectivity.mixins.json into net.minecraft.world.level.chunk.LevelChunk
[05May2026 00:44:03.745] [pool-23-thread-1/DEBUG] [mixin/]: Mixing MixinWorldChunk from xaeroworldmap.mixins.json into net.minecraft.world.level.chunk.LevelChunk
[05May2026 00:44:03.745] [pool-23-thread-1/DEBUG] [mixin/]: xaeroworldmap.mixins.json:MixinWorldChunk from mod xaeroworldmap: Class version 65 required is higher than the class version supported by the current version of Mixin (JAVA_17 supports class version 61)
[05May2026 00:44:03.745] [pool-23-thread-1/DEBUG] [mixin/]: Mixing LevelChunkMixin from moonlight-common.mixins.json into net.minecraft.world.level.chunk.LevelChunk
[05May2026 00:44:03.745] [pool-23-thread-1/DEBUG] [mixin/]: moonlight-common.mixins.json:LevelChunkMixin from mod moonlight: Class version 65 required is higher than the class version supported by the current version of Mixin (JAVA_17 supports class version 61)
[05May2026 00:44:03.746] [pool-23-thread-1/DEBUG] [mixin/]: Mixing MixinWorldChunk from xaerohud.mixins.json into net.minecraft.world.level.chunk.LevelChunk
[05May2026 00:44:03.746] [pool-23-thread-1/DEBUG] [mixin/]: xaerohud.mixins.json:MixinWorldChunk from mod xaerominimap: Class version 65 required is higher than the class version supported by the current version of Mixin (JAVA_17 supports class version 61)
[05May2026 00:44:03.746] [pool-23-thread-1/DEBUG] [mixin/]: Mixing ticker.MixinLevelChunk from lootr-common.mixins.json into net.minecraft.world.level.chunk.LevelChunk
[05May2026 00:44:03.748] [pool-23-thread-1/DEBUG] [mixin/]: lootr-common.mixins.json:ticker.MixinLevelChunk from mod lootr->@Inject::LootrUpdateBlockEntityTicker(Lnet/minecraft/world/level/block/entity/BlockEntity;Lorg/spongepowered/asm/mixin/injection/callback/CallbackInfo;)V doesn't use it's CallbackInfo
[05May2026 00:44:03.748] [pool-23-thread-1/DEBUG] [mixin/]: lootr-common.mixins.json:ticker.MixinLevelChunk from mod lootr->@Inject::LootrUpdateBlockEntityTicker(Lnet/minecraft/world/level/block/entity/BlockEntity;Lorg/spongepowered/asm/mixin/injection/callback/CallbackInfo;)V has 0 override(s) in child classes
[05May2026 00:44:03.748] [pool-23-thread-1/DEBUG] [mixin/]: lootr-common.mixins.json:ticker.MixinLevelChunk from mod lootr->@Inject::LootrUpdateBlockEntityTicker(Lnet/minecraft/world/level/block/entity/BlockEntity;Lorg/spongepowered/asm/mixin/injection/callback/CallbackInfo;)V won't be passed a CallbackInfo as a result
[05May2026 00:44:03.767] [pool-23-thread-1/DEBUG] [mixin/]: Mixing forge.CommonHooksMixin from lootjs.mixins.json into net.neoforged.neoforge.common.CommonHooks
[05May2026 00:44:03.768] [pool-23-thread-1/DEBUG] [mixin/]: lootjs.mixins.json:forge.CommonHooksMixin from mod lootjs->@Inject::invokeActions(Lnet/minecraft/resources/ResourceLocation;Lit/unimi/dsi/fastutil/objects/ObjectArrayList;Lnet/minecraft/world/level/storage/loot/LootContext;Lorg/spongepowered/asm/mixin/injection/callback/CallbackInfoReturnable;)V doesn't use it's CallbackInfoReturnable
[05May2026 00:44:03.779] [pool-23-thread-1/DEBUG] [mixin/]: Mixing LootParamsBuilderMixin from lootjs.mixins.json into net.minecraft.world.level.storage.loot.LootParams$Builder
[05May2026 00:44:03.779] [pool-23-thread-1/DEBUG] [mixin/]: lootjs.mixins.json:LootParamsBuilderMixin from mod lootjs->@Inject::lootjs$setType(Lnet/minecraft/world/level/storage/loot/parameters/LootContextParamSet;Lorg/spongepowered/asm/mixin/injection/callback/CallbackInfoReturnable;)V does use it's CallbackInfoReturnable
[05May2026 00:44:03.779] [pool-23-thread-1/DEBUG] [mixin/]: Mixing FixBlockPlaceContextMixin from moonlight-common.mixins.json into net.minecraft.world.item.context.BlockPlaceContext
[05May2026 00:44:03.779] [pool-23-thread-1/DEBUG] [mixin/]: moonlight-common.mixins.json:FixBlockPlaceContextMixin from mod moonlight: Class version 65 required is higher than the class version supported by the current version of Mixin (JAVA_17 supports class version 61)
[05May2026 00:44:03.781] [pool-23-thread-1/DEBUG] [mixin/]: moonlight-common.mixins.json:FixBlockPlaceContextMixin from mod moonlight->@Inject::moonlight$fixNotAccountingForNullPlayer1(Lorg/spongepowered/asm/mixin/injection/callback/CallbackInfoReturnable;)V does use it's CallbackInfoReturnable
[05May2026 00:44:03.781] [pool-23-thread-1/DEBUG] [mixin/]: moonlight-common.mixins.json:FixBlockPlaceContextMixin from mod moonlight->@Inject::moonlight$fixNotAccountingForNullPlayer2(Lorg/spongepowered/asm/mixin/injection/callback/CallbackInfoReturnable;)V does use it's CallbackInfoReturnable
[05May2026 00:44:03.781] [pool-23-thread-1/DEBUG] [mixin/]: moonlight-common.mixins.json:FixBlockPlaceContextMixin from mod moonlight->@Inject::moonlight$fixNotAccountingForNullPlayer3(Lorg/spongepowered/asm/mixin/injection/callback/CallbackInfoReturnable;)V does use it's CallbackInfoReturnable
[05May2026 00:44:03.836] [pool-23-thread-1/DEBUG] [mixin/]: Mixing ArmorStandMixin from ftbchunks-common.mixins.json into net.minecraft.world.entity.decoration.ArmorStand
[05May2026 00:44:03.836] [pool-23-thread-1/DEBUG] [mixin/]: ftbchunks-common.mixins.json:ArmorStandMixin from mod ftbchunks: Class version 65 required is higher than the class version supported by the current version of Mixin (JAVA_17 supports class version 61)
[05May2026 00:44:03.838] [pool-23-thread-1/DEBUG] [mixin/]: ftbchunks-common.mixins.json:ArmorStandMixin from mod ftbchunks->@Inject::onInteractAt(Lnet/minecraft/world/entity/player/Player;Lnet/minecraft/world/phys/Vec3;Lnet/minecraft/world/InteractionHand;Lorg/spongepowered/asm/mixin/injection/callback/CallbackInfoReturnable;)V does use it's CallbackInfoReturnable
[05May2026 00:44:03.843] [pool-23-thread-1/DEBUG] [mixin/]: Mixing perf.ticking_chunk_alloc.BatMixin from modernfix-modernfix.mixins.json into net.minecraft.world.entity.ambient.Bat
[05May2026 00:44:03.850] [pool-23-thread-1/DEBUG] [mixin/]: Mixing TemptGoalMixin from apothic_enchanting.mixins.json into net.minecraft.world.entity.ai.goal.TemptGoal
[05May2026 00:44:03.850] [pool-23-thread-1/DEBUG] [mixin/]: apothic_enchanting.mixins.json:TemptGoalMixin from mod apothic_enchanting->@Inject::apoth_tempting(Lnet/minecraft/world/entity/LivingEntity;Lorg/spongepowered/asm/mixin/injection/callback/CallbackInfoReturnable;)V does use it's CallbackInfoReturnable
[05May2026 00:44:03.851] [pool-23-thread-1/DEBUG] [mixin/]: Mixing BeeGoalMixin from moonlight.mixins.json into net.minecraft.world.entity.animal.Bee$BeeGrowCropGoal
[05May2026 00:44:03.851] [pool-23-thread-1/DEBUG] [mixin/]: moonlight.mixins.json:BeeGoalMixin from mod moonlight: Class version 65 required is higher than the class version supported by the current version of Mixin (JAVA_17 supports class version 61)
[05May2026 00:44:03.854] [pool-23-thread-1/DEBUG] [mixin/]: moonlight.mixins.json:BeeGoalMixin from mod moonlight->@Inject::moonlight$tickBeeGrowable(Lorg/spongepowered/asm/mixin/injection/callback/CallbackInfo;)V does use it's CallbackInfo
[05May2026 00:44:03.854] [pool-23-thread-1/DEBUG] [mixin/]: Mixing TargetGoalAccessor from improvedmobs.mixins.json into net.minecraft.world.entity.ai.goal.target.TargetGoal
[05May2026 00:44:03.854] [pool-23-thread-1/DEBUG] [mixin/]: Mixing TargetGoalMixin from improvedmobs.mixins.json into net.minecraft.world.entity.ai.goal.target.TargetGoal
[05May2026 00:44:03.856] [pool-23-thread-1/DEBUG] [mixin/]: improvedmobs.mixins.json:TargetGoalMixin from mod improvedmobs->@Inject::onContinueUse(Lorg/spongepowered/asm/mixin/injection/callback/CallbackInfoReturnable;)V doesn't use it's CallbackInfoReturnable
[05May2026 00:44:03.856] [pool-23-thread-1/DEBUG] [mixin/]: improvedmobs.mixins.json:TargetGoalMixin from mod improvedmobs->@Inject::onContinueUse(Lorg/spongepowered/asm/mixin/injection/callback/CallbackInfoReturnable;)V has 0 override(s) in child classes
[05May2026 00:44:03.856] [pool-23-thread-1/DEBUG] [mixin/]: improvedmobs.mixins.json:TargetGoalMixin from mod improvedmobs->@Inject::onContinueUse(Lorg/spongepowered/asm/mixin/injection/callback/CallbackInfoReturnable;)V won't be passed a CallbackInfoReturnable as a result
[05May2026 00:44:03.857] [pool-23-thread-1/DEBUG] [mixin/]: Mixing NearestAttackableTargetGoalMixin from apothic_attributes.mixins.json into net.minecraft.world.entity.ai.goal.target.NearestAttackableTargetGoal
[05May2026 00:44:03.857] [pool-23-thread-1/DEBUG] [mixin/]: Mixing NearestTargetGoalMixin from improvedmobs.mixins.json into net.minecraft.world.entity.ai.goal.target.NearestAttackableTargetGoal
[05May2026 00:44:03.857] [pool-23-thread-1/DEBUG] [mixin/]: apothic_attributes.mixins.json:NearestAttackableTargetGoalMixin from mod apothic_attributes->@Inject::apoth_cachePredicate(Lnet/minecraft/world/entity/Mob;Ljava/lang/Class;IZZLjava/util/function/Predicate;Lorg/spongepowered/asm/mixin/injection/callback/CallbackInfo;)V doesn't use it's CallbackInfo
[05May2026 00:44:03.857] [pool-23-thread-1/DEBUG] [mixin/]: apothic_attributes.mixins.json:NearestAttackableTargetGoalMixin from mod apothic_attributes->@Inject::apoth_cachePredicate(Lnet/minecraft/world/entity/Mob;Ljava/lang/Class;IZZLjava/util/function/Predicate;Lorg/spongepowered/asm/mixin/injection/callback/CallbackInfo;)V has 0 override(s) in child classes
[05May2026 00:44:03.857] [pool-23-thread-1/DEBUG] [mixin/]: apothic_attributes.mixins.json:NearestAttackableTargetGoalMixin from mod apothic_attributes->@Inject::apoth_cachePredicate(Lnet/minecraft/world/entity/Mob;Ljava/lang/Class;IZZLjava/util/function/Predicate;Lorg/spongepowered/asm/mixin/injection/callback/CallbackInfo;)V won't be passed a CallbackInfo as a result
[05May2026 00:44:03.857] [pool-23-thread-1/DEBUG] [mixin/]: apothic_attributes.mixins.json:NearestAttackableTargetGoalMixin from mod apothic_attributes->@Inject::apoth_updateFollowRange(Lorg/spongepowered/asm/mixin/injection/callback/CallbackInfo;)V doesn't use it's CallbackInfo
[05May2026 00:44:03.857] [pool-23-thread-1/DEBUG] [mixin/]: apothic_attributes.mixins.json:NearestAttackableTargetGoalMixin from mod apothic_attributes->@Inject::apoth_updateFollowRange(Lorg/spongepowered/asm/mixin/injection/callback/CallbackInfo;)V has 0 override(s) in child classes
[05May2026 00:44:03.857] [pool-23-thread-1/DEBUG] [mixin/]: apothic_attributes.mixins.json:NearestAttackableTargetGoalMixin from mod apothic_attributes->@Inject::apoth_updateFollowRange(Lorg/spongepowered/asm/mixin/injection/callback/CallbackInfo;)V won't be passed a CallbackInfo as a result
[05May2026 00:44:03.865] [pool-23-thread-1/DEBUG] [mixin/]: Mixing AbstractSkeletonMixin from apotheosis.mixins.json into net.minecraft.world.entity.monster.AbstractSkeleton
[05May2026 00:44:03.868] [pool-23-thread-1/DEBUG] [mixin/]: apotheosis.mixins.json:AbstractSkeletonMixin from mod apotheosis->@Inject::apoth_performRangedCrossbowAttack(Lnet/minecraft/world/entity/LivingEntity;FLorg/spongepowered/asm/mixin/injection/callback/CallbackInfo;)V does use it's CallbackInfo
[05May2026 00:44:03.868] [pool-23-thread-1/DEBUG] [mixin/]: apotheosis.mixins.json:AbstractSkeletonMixin from mod apotheosis->@Inject::apoth_pickCrossbowIfAvailable(Lorg/spongepowered/asm/mixin/injection/callback/CallbackInfo;)V does use it's CallbackInfo
[05May2026 00:44:03.887] [pool-23-thread-1/DEBUG] [mixin/]: Mixing cat.MixinCatSitOnBlockGoal from lootr-common.mixins.json into net.minecraft.world.entity.ai.goal.CatSitOnBlockGoal
[05May2026 00:44:03.887] [pool-23-thread-1/DEBUG] [mixin/]: lootr-common.mixins.json:cat.MixinCatSitOnBlockGoal from mod lootr->@Inject::LootrPlayersUsing(Lnet/minecraft/world/level/LevelReader;Lnet/minecraft/core/BlockPos;Lorg/spongepowered/asm/mixin/injection/callback/CallbackInfoReturnable;)V does use it's CallbackInfoReturnable
[05May2026 00:44:03.891] [pool-23-thread-1/DEBUG] [mixin/]: Mixing SkeletonMixin from lootjs.mixins.json into net.minecraft.world.entity.monster.Skeleton
[05May2026 00:44:03.901] [pool-23-thread-1/DEBUG] [mixin/]: lootjs.mixins.json:SkeletonMixin from mod lootjs->@Inject::modifyWitherBossStarDrop(Lnet/minecraft/server/level/ServerLevel;Lnet/minecraft/world/damagesource/DamageSource;ZLorg/spongepowered/asm/mixin/injection/callback/CallbackInfo;)V does use it's CallbackInfo
[05May2026 00:44:03.920] [pool-23-thread-1/DEBUG] [mixin/]: Mixing CreeperMixin from reliquified_artifacts.mixins.json into net.minecraft.world.entity.monster.Creeper
[05May2026 00:44:03.920] [pool-23-thread-1/DEBUG] [mixin/]: reliquified_artifacts.mixins.json:CreeperMixin from mod reliquified_artifacts: Class version 65 required is higher than the class version supported by the current version of Mixin (JAVA_8 supports class version 52)
[05May2026 00:44:03.920] [pool-23-thread-1/DEBUG] [mixin/]: Mixing CreeperMixin from lootjs.mixins.json into net.minecraft.world.entity.monster.Creeper
[05May2026 00:44:03.921] [pool-23-thread-1/DEBUG] [mixin/]: reliquified_artifacts.mixins.json:CreeperMixin from mod reliquified_artifacts->@Inject::reliquified_artifacts$preventExplosionFromFelineAura(Lorg/spongepowered/asm/mixin/injection/callback/CallbackInfo;)V does use it's CallbackInfo
[05May2026 00:44:03.921] [pool-23-thread-1/DEBUG] [mixin/]: lootjs.mixins.json:CreeperMixin from mod lootjs->@Inject::modifyWitherBossStarDrop(Lnet/minecraft/server/level/ServerLevel;Lnet/minecraft/world/damagesource/DamageSource;ZLorg/spongepowered/asm/mixin/injection/callback/CallbackInfo;)V does use it's CallbackInfo
[05May2026 00:44:03.929] [pool-23-thread-1/DEBUG] [mixin/]: Mixing ZombieMixin from lootjs.mixins.json into net.minecraft.world.entity.monster.Zombie
[05May2026 00:44:03.929] [pool-23-thread-1/DEBUG] [mixin/]: lootjs.mixins.json:ZombieMixin from mod lootjs->@Inject::modifyWitherBossStarDrop(Lnet/minecraft/server/level/ServerLevel;Lnet/minecraft/world/damagesource/DamageSource;ZLorg/spongepowered/asm/mixin/injection/callback/CallbackInfo;)V does use it's CallbackInfo
[05May2026 00:44:03.937] [pool-23-thread-1/DEBUG] [mixin/]: Mixing ThrownTridentMixin from apothic_attributes.mixins.json into net.minecraft.world.entity.projectile.ThrownTrident
[05May2026 00:44:03.937] [pool-23-thread-1/DEBUG] [mixin/]: Mixing ThrownTridentMixin from apothic_enchanting.mixins.json into net.minecraft.world.entity.projectile.ThrownTrident
[05May2026 00:44:03.940] [pool-23-thread-1/DEBUG] [mixin/]: apothic_enchanting.mixins.json:ThrownTridentMixin from mod apothic_enchanting->@Inject::init(Lorg/spongepowered/asm/mixin/injection/callback/CallbackInfo;)V doesn't use it's CallbackInfo
[05May2026 00:44:03.940] [pool-23-thread-1/DEBUG] [mixin/]: apothic_enchanting.mixins.json:ThrownTridentMixin from mod apothic_enchanting->@Inject::init(Lorg/spongepowered/asm/mixin/injection/callback/CallbackInfo;)V has 0 override(s) in child classes
[05May2026 00:44:03.940] [pool-23-thread-1/DEBUG] [mixin/]: apothic_enchanting.mixins.json:ThrownTridentMixin from mod apothic_enchanting->@Inject::init(Lorg/spongepowered/asm/mixin/injection/callback/CallbackInfo;)V won't be passed a CallbackInfo as a result
[05May2026 00:44:03.940] [pool-23-thread-1/DEBUG] [mixin/]: apothic_enchanting.mixins.json:ThrownTridentMixin from mod apothic_enchanting->@Inject::startHitEntity(Lnet/minecraft/world/phys/EntityHitResult;Lorg/spongepowered/asm/mixin/injection/callback/CallbackInfo;)V does use it's CallbackInfo
[05May2026 00:44:03.940] [pool-23-thread-1/DEBUG] [mixin/]: apothic_enchanting.mixins.json:ThrownTridentMixin from mod apothic_enchanting->@Inject::endHitEntity(Lnet/minecraft/world/phys/EntityHitResult;Lorg/spongepowered/asm/mixin/injection/callback/CallbackInfo;)V doesn't use it's CallbackInfo
[05May2026 00:44:03.940] [pool-23-thread-1/DEBUG] [mixin/]: apothic_enchanting.mixins.json:ThrownTridentMixin from mod apothic_enchanting->@Inject::endHitEntity(Lnet/minecraft/world/phys/EntityHitResult;Lorg/spongepowered/asm/mixin/injection/callback/CallbackInfo;)V has 0 override(s) in child classes
[05May2026 00:44:03.940] [pool-23-thread-1/DEBUG] [mixin/]: apothic_enchanting.mixins.json:ThrownTridentMixin from mod apothic_enchanting->@Inject::endHitEntity(Lnet/minecraft/world/phys/EntityHitResult;Lorg/spongepowered/asm/mixin/injection/callback/CallbackInfo;)V won't be passed a CallbackInfo as a result
[05May2026 00:44:03.948] [pool-23-thread-1/DEBUG] [mixin/]: Mixing ability.enderpearldamageimmunity.ThrownEnderPearlMixin from mixins.artifacts.common.json into net.minecraft.world.entity.projectile.ThrownEnderpearl
[05May2026 00:44:03.971] [pool-23-thread-1/DEBUG] [mixin/]: Mixing ItemFrameEntityMixin from kubejs.mixins.json into net.minecraft.world.entity.decoration.ItemFrame
[05May2026 00:44:03.973] [pool-23-thread-1/DEBUG] [mixin/]: Mixing accessor.AccessorMixinItemFrame from lootr-common.mixins.json into net.minecraft.world.entity.decoration.ItemFrame
[05May2026 00:44:03.973] [pool-23-thread-1/DEBUG] [mixin/]: Renaming @Accessor method lootr$getDataItem()Lnet/minecraft/network/syncher/EntityDataAccessor; to getDataItem$lootr_$md$9b8020$0 in lootr-common.mixins.json:accessor.AccessorMixinItemFrame from mod lootr
[05May2026 00:44:04.011] [pool-23-thread-1/DEBUG] [mixin/]: Mixing ability.phantomrepellent.PhantomSweepAttackGoalMixin from mixins.artifacts.common.json into net.minecraft.world.entity.monster.Phantom$PhantomSweepAttackGoal
[05May2026 00:44:04.023] [pool-23-thread-1/DEBUG] [mixin/]: Mixing ThrownPotionMixin from moonlight-common.mixins.json into net.minecraft.world.entity.projectile.ThrownPotion
[05May2026 00:44:04.023] [pool-23-thread-1/DEBUG] [mixin/]: moonlight-common.mixins.json:ThrownPotionMixin from mod moonlight: Class version 65 required is higher than the class version supported by the current version of Mixin (JAVA_17 supports class version 61)
[05May2026 00:44:04.023] [pool-23-thread-1/DEBUG] [mixin/]: Mixing PotionEntityMixin from improvedmobs.mixins.json into net.minecraft.world.entity.projectile.ThrownPotion
[05May2026 00:44:04.025] [pool-23-thread-1/DEBUG] [mixin/]: moonlight-common.mixins.json:ThrownPotionMixin from mod moonlight->@Inject::moonlight$extinguishILightables(Lnet/minecraft/core/BlockPos;Lorg/spongepowered/asm/mixin/injection/callback/CallbackInfo;)V doesn't use it's CallbackInfo
[05May2026 00:44:04.025] [pool-23-thread-1/DEBUG] [mixin/]: moonlight-common.mixins.json:ThrownPotionMixin from mod moonlight->@Inject::moonlight$extinguishILightables(Lnet/minecraft/core/BlockPos;Lorg/spongepowered/asm/mixin/injection/callback/CallbackInfo;)V has 0 override(s) in child classes
[05May2026 00:44:04.025] [pool-23-thread-1/DEBUG] [mixin/]: moonlight-common.mixins.json:ThrownPotionMixin from mod moonlight->@Inject::moonlight$extinguishILightables(Lnet/minecraft/core/BlockPos;Lorg/spongepowered/asm/mixin/injection/callback/CallbackInfo;)V won't be passed a CallbackInfo as a result
[05May2026 00:44:04.025] [pool-23-thread-1/DEBUG] [mixin/]: improvedmobs.mixins.json:PotionEntityMixin from mod improvedmobs->@Inject::applyPotion(Ljava/lang/Iterable;Lnet/minecraft/world/entity/Entity;Lorg/spongepowered/asm/mixin/injection/callback/CallbackInfo;)V does use it's CallbackInfo
[05May2026 00:44:04.032] [pool-23-thread-1/DEBUG] [mixin/]: Mixing SheepMixin from apothic_enchanting.mixins.json into net.minecraft.world.entity.animal.Sheep
[05May2026 00:44:04.045] [pool-23-thread-1/DEBUG] [mixin/]: Mixing BaseSpawnerAccessor from apotheosis.mixins.json into net.minecraft.world.level.BaseSpawner
[05May2026 00:44:04.058] [pool-23-thread-1/DEBUG] [mixin/]: Mixing attribute.villagerreputation.VillagerMixin from mixins.artifacts.common.json into net.minecraft.world.entity.npc.Villager
[05May2026 00:44:04.059] [pool-23-thread-1/DEBUG] [mixin/]: Mixing VillagerMixin from reliquified_artifacts.mixins.json into net.minecraft.world.entity.npc.Villager
[05May2026 00:44:04.059] [pool-23-thread-1/DEBUG] [mixin/]: reliquified_artifacts.mixins.json:VillagerMixin from mod reliquified_artifacts: Class version 65 required is higher than the class version supported by the current version of Mixin (JAVA_8 supports class version 52)
[05May2026 00:44:04.060] [pool-23-thread-1/DEBUG] [mixin/]: Mixing VillagerMixin from moonlight-common.mixins.json into net.minecraft.world.entity.npc.Villager
[05May2026 00:44:04.060] [pool-23-thread-1/DEBUG] [mixin/]: moonlight-common.mixins.json:VillagerMixin from mod moonlight: Class version 65 required is higher than the class version supported by the current version of Mixin (JAVA_17 supports class version 61)
[05May2026 00:44:04.061] [pool-23-thread-1/DEBUG] [mixin/]: reliquified_artifacts.mixins.json:VillagerMixin from mod reliquified_artifacts->@Inject::reliquified_artifacts$applyVillagerHatDiscount(Lnet/minecraft/world/entity/player/Player;Lorg/spongepowered/asm/mixin/injection/callback/CallbackInfo;)V doesn't use it's CallbackInfo
[05May2026 00:44:04.061] [pool-23-thread-1/DEBUG] [mixin/]: reliquified_artifacts.mixins.json:VillagerMixin from mod reliquified_artifacts->@Inject::reliquified_artifacts$applyVillagerHatDiscount(Lnet/minecraft/world/entity/player/Player;Lorg/spongepowered/asm/mixin/injection/callback/CallbackInfo;)V has 0 override(s) in child classes
[05May2026 00:44:04.061] [pool-23-thread-1/DEBUG] [mixin/]: reliquified_artifacts.mixins.json:VillagerMixin from mod reliquified_artifacts->@Inject::reliquified_artifacts$applyVillagerHatDiscount(Lnet/minecraft/world/entity/player/Player;Lorg/spongepowered/asm/mixin/injection/callback/CallbackInfo;)V won't be passed a CallbackInfo as a result
[05May2026 00:44:04.061] [pool-23-thread-1/DEBUG] [mixin/]: moonlight-common.mixins.json:VillagerMixin from mod moonlight->@Inject::reg(Lnet/minecraft/world/entity/ai/Brain;Lorg/spongepowered/asm/mixin/injection/callback/CallbackInfo;)V doesn't use it's CallbackInfo
[05May2026 00:44:04.061] [pool-23-thread-1/DEBUG] [mixin/]: moonlight-common.mixins.json:VillagerMixin from mod moonlight->@Inject::reg(Lnet/minecraft/world/entity/ai/Brain;Lorg/spongepowered/asm/mixin/injection/callback/CallbackInfo;)V has 0 override(s) in child classes
[05May2026 00:44:04.061] [pool-23-thread-1/DEBUG] [mixin/]: moonlight-common.mixins.json:VillagerMixin from mod moonlight->@Inject::reg(Lnet/minecraft/world/entity/ai/Brain;Lorg/spongepowered/asm/mixin/injection/callback/CallbackInfo;)V won't be passed a CallbackInfo as a result
[05May2026 00:44:04.064] [pool-23-thread-1/DEBUG] [mixin/]: Mixing AbstractVillagerMixin from reliquified_artifacts.mixins.json into net.minecraft.world.entity.npc.AbstractVillager
[05May2026 00:44:04.064] [pool-23-thread-1/DEBUG] [mixin/]: reliquified_artifacts.mixins.json:AbstractVillagerMixin from mod reliquified_artifacts: Class version 65 required is higher than the class version supported by the current version of Mixin (JAVA_8 supports class version 52)
[05May2026 00:44:04.085] [pool-23-thread-1/DEBUG] [mixin/]: Mixing MixinInventoryMenu from fastbench.mixins.json into net.minecraft.world.inventory.InventoryMenu
[05May2026 00:44:04.088] [pool-23-thread-1/DEBUG] [mixin/]: fastbench.mixins.json:MixinInventoryMenu from mod fastbench->@Inject::quickMoveStack(Lnet/minecraft/world/entity/player/Player;ILorg/spongepowered/asm/mixin/injection/callback/CallbackInfoReturnable;)V does use it's CallbackInfoReturnable
[05May2026 00:44:04.108] [pool-23-thread-1/DEBUG] [net.neoforged.coremod.transformer.CoreModBaseTransformer/COREMOD]: Transforming catchingFish with desc (Lnet/minecraft/core/BlockPos;)V
[05May2026 00:44:04.116] [pool-23-thread-1/INFO] [net.neoforged.coremod.CoreMod.apothic_enchanting/COREMODLOG]: Patching FishingHook#catchingFish
[05May2026 00:44:04.127] [pool-23-thread-1/DEBUG] [mixin/]: Mixing hopper.MixinEntitySelector from lootr-common.mixins.json into net.minecraft.world.entity.EntitySelector
[05May2026 00:44:04.131] [pool-23-thread-1/DEBUG] [mixin/]: Mixing perf.faster_ingredients.IngredientMixin from modernfix-modernfix.mixins.json into net.minecraft.world.item.crafting.Ingredient
[05May2026 00:44:04.131] [pool-23-thread-1/DEBUG] [mixin/]: Renaming synthetic method lambda$computeItemsArray$2(I)[Lnet/minecraft/world/item/ItemStack; to md9b8020$modernfix$lambda$computeItemsArray$2$0 in modernfix-modernfix.mixins.json:perf.faster_ingredients.IngredientMixin from mod modernfix
[05May2026 00:44:04.131] [pool-23-thread-1/DEBUG] [mixin/]: Renaming synthetic method lambda$getItems$1(I)[Lnet/minecraft/world/item/ItemStack; to md9b8020$modernfix$lambda$getItems$1$1 in modernfix-modernfix.mixins.json:perf.faster_ingredients.IngredientMixin from mod modernfix
[05May2026 00:44:04.131] [pool-23-thread-1/DEBUG] [mixin/]: Renaming synthetic method lambda$modernfix$fasterTagIngredientStacking$0(Lnet/minecraft/core/Holder;)I to md9b8020$modernfix$lambda$modernfix$fasterTagIngredientStacking$0$2 in modernfix-modernfix.mixins.json:perf.faster_ingredients.IngredientMixin from mod modernfix
[05May2026 00:44:04.134] [pool-23-thread-1/DEBUG] [mixin/]: Mixing IngredientMixin from kubejs.mixins.json into net.minecraft.world.item.crafting.Ingredient
[05May2026 00:44:04.136] [pool-23-thread-1/DEBUG] [mixin/]: modernfix-modernfix.mixins.json:perf.faster_ingredients.IngredientMixin from mod modernfix->@Inject::modernfix$fasterTagIngredientTest(Lnet/minecraft/world/item/ItemStack;Lorg/spongepowered/asm/mixin/injection/callback/CallbackInfoReturnable;)V does use it's CallbackInfoReturnable
[05May2026 00:44:04.136] [pool-23-thread-1/DEBUG] [mixin/]: modernfix-modernfix.mixins.json:perf.faster_ingredients.IngredientMixin from mod modernfix->@Inject::hasNoItems(Lorg/spongepowered/asm/mixin/injection/callback/CallbackInfoReturnable;)V does use it's CallbackInfoReturnable
[05May2026 00:44:04.136] [pool-23-thread-1/DEBUG] [mixin/]: modernfix-modernfix.mixins.json:perf.faster_ingredients.IngredientMixin from mod modernfix->@Inject::modernfix$fasterTagIngredientStacking(Lorg/spongepowered/asm/mixin/injection/callback/CallbackInfoReturnable;)V does use it's CallbackInfoReturnable
[05May2026 00:44:04.143] [pool-23-thread-1/DEBUG] [mixin/]: Mixing inject.MixinFoodPropertiesBuilder from architectury-common.mixins.json into net.minecraft.world.food.FoodProperties$Builder
[05May2026 00:44:04.143] [pool-23-thread-1/DEBUG] [mixin/]: architectury-common.mixins.json:inject.MixinFoodPropertiesBuilder from mod architectury: Class version 65 required is higher than the class version supported by the current version of Mixin (JAVA_16 supports class version 60)
[05May2026 00:44:04.241] [pool-23-thread-1/DEBUG] [mixin/]: Mixing MenuTypeMixin from kubejs.mixins.json into net.minecraft.world.inventory.MenuType
[05May2026 00:44:04.242] [pool-23-thread-1/DEBUG] [mixin/]: Mixing MixinInventory from curios.neoforge.mixins.json into net.minecraft.world.entity.player.Inventory
[05May2026 00:44:04.242] [pool-23-thread-1/DEBUG] [mixin/]: Mixing InventoryMixin from moonlight-common.mixins.json into net.minecraft.world.entity.player.Inventory
[05May2026 00:44:04.242] [pool-23-thread-1/DEBUG] [mixin/]: moonlight-common.mixins.json:InventoryMixin from mod moonlight: Class version 65 required is higher than the class version supported by the current version of Mixin (JAVA_17 supports class version 61)
[05May2026 00:44:04.244] [pool-23-thread-1/DEBUG] [mixin/]: Mixing MixinPlayerInventory from mixins.ipnext.json into net.minecraft.world.entity.player.Inventory
[05May2026 00:44:04.244] [pool-23-thread-1/DEBUG] [mixin/]: Mixing MixinInventory from architectury.mixins.json into net.minecraft.world.entity.player.Inventory
[05May2026 00:44:04.244] [pool-23-thread-1/DEBUG] [mixin/]: architectury.mixins.json:MixinInventory from mod architectury: Class version 65 required is higher than the class version supported by the current version of Mixin (JAVA_16 supports class version 60)
[05May2026 00:44:04.246] [pool-23-thread-1/DEBUG] [mixin/]: curios.neoforge.mixins.json:MixinInventory from mod curios->@Inject::curios$containsStack(Lnet/minecraft/world/item/ItemStack;Lorg/spongepowered/asm/mixin/injection/callback/CallbackInfoReturnable;)V does use it's CallbackInfoReturnable
[05May2026 00:44:04.246] [pool-23-thread-1/DEBUG] [mixin/]: curios.neoforge.mixins.json:MixinInventory from mod curios->@Inject::curios$containsTag(Lnet/minecraft/tags/TagKey;Lorg/spongepowered/asm/mixin/injection/callback/CallbackInfoReturnable;)V does use it's CallbackInfoReturnable
[05May2026 00:44:04.246] [pool-23-thread-1/DEBUG] [mixin/]: curios.neoforge.mixins.json:MixinInventory from mod curios->@Inject::curios$contains(Ljava/util/function/Predicate;Lorg/spongepowered/asm/mixin/injection/callback/CallbackInfoReturnable;)V does use it's CallbackInfoReturnable
[05May2026 00:44:04.246] [pool-23-thread-1/DEBUG] [mixin/]: curios.neoforge.mixins.json:MixinInventory from mod curios->@Inject::curios$hasAnyMatching(Ljava/util/function/Predicate;Lorg/spongepowered/asm/mixin/injection/callback/CallbackInfoReturnable;)V does use it's CallbackInfoReturnable
[05May2026 00:44:04.247] [pool-23-thread-1/DEBUG] [mixin/]: moonlight-common.mixins.json:InventoryMixin from mod moonlight->@Inject::ml$fireDropEvent(Lorg/spongepowered/asm/mixin/injection/callback/CallbackInfo;)V doesn't use it's CallbackInfo
[05May2026 00:44:04.247] [pool-23-thread-1/DEBUG] [mixin/]: moonlight-common.mixins.json:InventoryMixin from mod moonlight->@Inject::ml$fireDropEvent(Lorg/spongepowered/asm/mixin/injection/callback/CallbackInfo;)V has 0 override(s) in child classes
[05May2026 00:44:04.247] [pool-23-thread-1/DEBUG] [mixin/]: moonlight-common.mixins.json:InventoryMixin from mod moonlight->@Inject::ml$fireDropEvent(Lorg/spongepowered/asm/mixin/injection/callback/CallbackInfo;)V won't be passed a CallbackInfo as a result
[05May2026 00:44:04.247] [pool-23-thread-1/DEBUG] [mixin/]: moonlight-common.mixins.json:InventoryMixin from mod moonlight->@Inject::ml$restoreNotDropped(Lorg/spongepowered/asm/mixin/injection/callback/CallbackInfo;)V doesn't use it's CallbackInfo
[05May2026 00:44:04.247] [pool-23-thread-1/DEBUG] [mixin/]: moonlight-common.mixins.json:InventoryMixin from mod moonlight->@Inject::ml$restoreNotDropped(Lorg/spongepowered/asm/mixin/injection/callback/CallbackInfo;)V has 0 override(s) in child classes
[05May2026 00:44:04.247] [pool-23-thread-1/DEBUG] [mixin/]: moonlight-common.mixins.json:InventoryMixin from mod moonlight->@Inject::ml$restoreNotDropped(Lorg/spongepowered/asm/mixin/injection/callback/CallbackInfo;)V won't be passed a CallbackInfo as a result
[05May2026 00:44:04.247] [pool-23-thread-1/DEBUG] [mixin/]: mixins.ipnext.json:MixinPlayerInventory from mod inventoryprofilesnext->@Inject::getEmptySlot(Lorg/spongepowered/asm/mixin/injection/callback/CallbackInfoReturnable;)V does use it's CallbackInfoReturnable
[05May2026 00:44:04.247] [pool-23-thread-1/DEBUG] [mixin/]: mixins.ipnext.json:MixinPlayerInventory from mod inventoryprofilesnext->@Inject::addStackPre(Lnet/minecraft/world/item/ItemStack;Lorg/spongepowered/asm/mixin/injection/callback/CallbackInfoReturnable;)V doesn't use it's CallbackInfoReturnable
[05May2026 00:44:04.247] [pool-23-thread-1/DEBUG] [mixin/]: mixins.ipnext.json:MixinPlayerInventory from mod inventoryprofilesnext->@Inject::addStackPre(Lnet/minecraft/world/item/ItemStack;Lorg/spongepowered/asm/mixin/injection/callback/CallbackInfoReturnable;)V has 0 override(s) in child classes
[05May2026 00:44:04.247] [pool-23-thread-1/DEBUG] [mixin/]: mixins.ipnext.json:MixinPlayerInventory from mod inventoryprofilesnext->@Inject::addStackPre(Lnet/minecraft/world/item/ItemStack;Lorg/spongepowered/asm/mixin/injection/callback/CallbackInfoReturnable;)V won't be passed a CallbackInfoReturnable as a result
[05May2026 00:44:04.247] [pool-23-thread-1/DEBUG] [mixin/]: mixins.ipnext.json:MixinPlayerInventory from mod inventoryprofilesnext->@Inject::addStackPost(Lnet/minecraft/world/item/ItemStack;Lorg/spongepowered/asm/mixin/injection/callback/CallbackInfoReturnable;)V doesn't use it's CallbackInfoReturnable
[05May2026 00:44:04.247] [pool-23-thread-1/DEBUG] [mixin/]: mixins.ipnext.json:MixinPlayerInventory from mod inventoryprofilesnext->@Inject::addStackPost(Lnet/minecraft/world/item/ItemStack;Lorg/spongepowered/asm/mixin/injection/callback/CallbackInfoReturnable;)V has 0 override(s) in child classes
[05May2026 00:44:04.247] [pool-23-thread-1/DEBUG] [mixin/]: mixins.ipnext.json:MixinPlayerInventory from mod inventoryprofilesnext->@Inject::addStackPost(Lnet/minecraft/world/item/ItemStack;Lorg/spongepowered/asm/mixin/injection/callback/CallbackInfoReturnable;)V won't be passed a CallbackInfoReturnable as a result
[05May2026 00:44:04.247] [pool-23-thread-1/DEBUG] [mixin/]: mixins.ipnext.json:MixinPlayerInventory from mod inventoryprofilesnext->@Inject::setPickedItemPre(Lnet/minecraft/world/item/ItemStack;Lorg/spongepowered/asm/mixin/injection/callback/CallbackInfo;)V doesn't use it's CallbackInfo
[05May2026 00:44:04.247] [pool-23-thread-1/DEBUG] [mixin/]: mixins.ipnext.json:MixinPlayerInventory from mod inventoryprofilesnext->@Inject::setPickedItemPre(Lnet/minecraft/world/item/ItemStack;Lorg/spongepowered/asm/mixin/injection/callback/CallbackInfo;)V has 0 override(s) in child classes
[05May2026 00:44:04.247] [pool-23-thread-1/DEBUG] [mixin/]: mixins.ipnext.json:MixinPlayerInventory from mod inventoryprofilesnext->@Inject::setPickedItemPre(Lnet/minecraft/world/item/ItemStack;Lorg/spongepowered/asm/mixin/injection/callback/CallbackInfo;)V won't be passed a CallbackInfo as a result
[05May2026 00:44:04.247] [pool-23-thread-1/DEBUG] [mixin/]: mixins.ipnext.json:MixinPlayerInventory from mod inventoryprofilesnext->@Inject::setPickedItemPost(Lnet/minecraft/world/item/ItemStack;Lorg/spongepowered/asm/mixin/injection/callback/CallbackInfo;)V doesn't use it's CallbackInfo
[05May2026 00:44:04.247] [pool-23-thread-1/DEBUG] [mixin/]: mixins.ipnext.json:MixinPlayerInventory from mod inventoryprofilesnext->@Inject::setPickedItemPost(Lnet/minecraft/world/item/ItemStack;Lorg/spongepowered/asm/mixin/injection/callback/CallbackInfo;)V has 0 override(s) in child classes
[05May2026 00:44:04.247] [pool-23-thread-1/DEBUG] [mixin/]: mixins.ipnext.json:MixinPlayerInventory from mod inventoryprofilesnext->@Inject::setPickedItemPost(Lnet/minecraft/world/item/ItemStack;Lorg/spongepowered/asm/mixin/injection/callback/CallbackInfo;)V won't be passed a CallbackInfo as a result
[05May2026 00:44:04.247] [pool-23-thread-1/DEBUG] [mixin/]: architectury.mixins.json:MixinInventory from mod architectury->@Inject::updateItems(Lorg/spongepowered/asm/mixin/injection/callback/CallbackInfo;)V doesn't use it's CallbackInfo
[05May2026 00:44:04.247] [pool-23-thread-1/DEBUG] [mixin/]: architectury.mixins.json:MixinInventory from mod architectury->@Inject::updateItems(Lorg/spongepowered/asm/mixin/injection/callback/CallbackInfo;)V has 0 override(s) in child classes
[05May2026 00:44:04.247] [pool-23-thread-1/DEBUG] [mixin/]: architectury.mixins.json:MixinInventory from mod architectury->@Inject::updateItems(Lorg/spongepowered/asm/mixin/injection/callback/CallbackInfo;)V won't be passed a CallbackInfo as a result
[05May2026 00:44:04.248] [pool-23-thread-1/DEBUG] [mixin/]: Mixing SlotAccessor from balm.neoforge.mixins.json into net.minecraft.world.inventory.Slot
[05May2026 00:44:04.251] [pool-23-thread-1/DEBUG] [mixin/]: Mixing accessor.CraftingResultSlotAccessor from emi.mixins.json into net.minecraft.world.inventory.ResultSlot
[05May2026 00:44:04.251] [pool-23-thread-1/DEBUG] [mixin/]: emi.mixins.json:accessor.CraftingResultSlotAccessor from mod emi: Class version 65 required is higher than the class version supported by the current version of Mixin (JAVA_17 supports class version 61)
[05May2026 00:44:04.251] [pool-23-thread-1/DEBUG] [mixin/]: Mixing CraftingResultSlotMixin from emi.mixins.json into net.minecraft.world.inventory.ResultSlot
[05May2026 00:44:04.251] [pool-23-thread-1/DEBUG] [mixin/]: emi.mixins.json:CraftingResultSlotMixin from mod emi: Class version 65 required is higher than the class version supported by the current version of Mixin (JAVA_17 supports class version 61)
[05May2026 00:44:04.253] [pool-23-thread-1/DEBUG] [mixin/]: emi.mixins.json:CraftingResultSlotMixin from mod emi->@Inject::onCrafted(Lnet/minecraft/world/item/ItemStack;Lorg/spongepowered/asm/mixin/injection/callback/CallbackInfo;)V doesn't use it's CallbackInfo
[05May2026 00:44:04.253] [pool-23-thread-1/DEBUG] [mixin/]: emi.mixins.json:CraftingResultSlotMixin from mod emi->@Inject::onCrafted(Lnet/minecraft/world/item/ItemStack;Lorg/spongepowered/asm/mixin/injection/callback/CallbackInfo;)V has 0 override(s) in child classes
[05May2026 00:44:04.253] [pool-23-thread-1/DEBUG] [mixin/]: emi.mixins.json:CraftingResultSlotMixin from mod emi->@Inject::onCrafted(Lnet/minecraft/world/item/ItemStack;Lorg/spongepowered/asm/mixin/injection/callback/CallbackInfo;)V won't be passed a CallbackInfo as a result
[05May2026 00:44:04.255] [pool-23-thread-1/DEBUG] [mixin/]: Mixing GrindstoneMenuSlotMixin from moonlight-common.mixins.json into net.minecraft.world.inventory.GrindstoneMenu$4
[05May2026 00:44:04.255] [pool-23-thread-1/DEBUG] [mixin/]: moonlight-common.mixins.json:GrindstoneMenuSlotMixin from mod moonlight: Class version 65 required is higher than the class version supported by the current version of Mixin (JAVA_17 supports class version 61)
[05May2026 00:44:04.255] [pool-23-thread-1/DEBUG] [mixin/]: moonlight-common.mixins.json:GrindstoneMenuSlotMixin from mod moonlight->@Inject::onTake(Lnet/minecraft/world/entity/player/Player;Lnet/minecraft/world/item/ItemStack;Lorg/spongepowered/asm/mixin/injection/callback/CallbackInfo;)V doesn't use it's CallbackInfo
[05May2026 00:44:04.255] [pool-23-thread-1/DEBUG] [mixin/]: moonlight-common.mixins.json:GrindstoneMenuSlotMixin from mod moonlight->@Inject::onTake(Lnet/minecraft/world/entity/player/Player;Lnet/minecraft/world/item/ItemStack;Lorg/spongepowered/asm/mixin/injection/callback/CallbackInfo;)V has 0 override(s) in child classes
[05May2026 00:44:04.255] [pool-23-thread-1/DEBUG] [mixin/]: moonlight-common.mixins.json:GrindstoneMenuSlotMixin from mod moonlight->@Inject::onTake(Lnet/minecraft/world/entity/player/Player;Lnet/minecraft/world/item/ItemStack;Lorg/spongepowered/asm/mixin/injection/callback/CallbackInfo;)V won't be passed a CallbackInfo as a result
[05May2026 00:44:04.263] [pool-23-thread-1/DEBUG] [mixin/]: Mixing perf.smart_ingredient_sync.IngredientMixin from modernfix-modernfix.mixins.json into net.minecraft.world.item.crafting.Ingredient$1
[05May2026 00:44:04.265] [pool-23-thread-1/DEBUG] [mixin/]: modernfix-modernfix.mixins.json:perf.smart_ingredient_sync.IngredientMixin from mod modernfix->@Inject::checkForVanillaTagIngredient(Lnet/minecraft/network/RegistryFriendlyByteBuf;Lnet/minecraft/world/item/crafting/Ingredient;Lorg/spongepowered/asm/mixin/injection/callback/CallbackInfo;)V does use it's CallbackInfo
[05May2026 00:44:04.265] [pool-23-thread-1/DEBUG] [mixin/]: modernfix-modernfix.mixins.json:perf.smart_ingredient_sync.IngredientMixin from mod modernfix->@Inject::decodeSmartIngredient(Lnet/minecraft/network/RegistryFriendlyByteBuf;Lorg/spongepowered/asm/mixin/injection/callback/CallbackInfoReturnable;)V does use it's CallbackInfoReturnable
[05May2026 00:44:04.265] [pool-23-thread-1/DEBUG] [mixin/]: Mixing ICustomIngredientMixin from kubejs.mixins.json into net.neoforged.neoforge.common.crafting.ICustomIngredient
[05May2026 00:44:04.279] [pool-23-thread-1/DEBUG] [mixin/]: Mixing accessor.SmithingTransformRecipeAccessor from emi.mixins.json into net.minecraft.world.item.crafting.SmithingTransformRecipe
[05May2026 00:44:04.279] [pool-23-thread-1/DEBUG] [mixin/]: emi.mixins.json:accessor.SmithingTransformRecipeAccessor from mod emi: Class version 65 required is higher than the class version supported by the current version of Mixin (JAVA_17 supports class version 61)
[05May2026 00:44:04.279] [pool-23-thread-1/DEBUG] [mixin/]: Mixing AccessorSmithingTransformRecipe from patchouli_xplat.mixins.json into net.minecraft.world.item.crafting.SmithingTransformRecipe
[05May2026 00:44:04.281] [pool-23-thread-1/DEBUG] [mixin/]: Unexpected: Registered method getTemplate()Lnet/minecraft/world/item/crafting/Ingredient; in net.minecraft.world.item.crafting.SmithingTransformRecipe was not merged
[05May2026 00:44:04.281] [pool-23-thread-1/DEBUG] [mixin/]: Unexpected: Registered method getBase()Lnet/minecraft/world/item/crafting/Ingredient; in net.minecraft.world.item.crafting.SmithingTransformRecipe was not merged
[05May2026 00:44:04.281] [pool-23-thread-1/DEBUG] [mixin/]: Unexpected: Registered method getAddition()Lnet/minecraft/world/item/crafting/Ingredient; in net.minecraft.world.item.crafting.SmithingTransformRecipe was not merged
[05May2026 00:44:04.281] [pool-23-thread-1/DEBUG] [mixin/]: Mixing accessor.SmithingTrimRecipeAccessor from emi.mixins.json into net.minecraft.world.item.crafting.SmithingTrimRecipe
[05May2026 00:44:04.282] [pool-23-thread-1/DEBUG] [mixin/]: emi.mixins.json:accessor.SmithingTrimRecipeAccessor from mod emi: Class version 65 required is higher than the class version supported by the current version of Mixin (JAVA_17 supports class version 61)
[05May2026 00:44:04.282] [pool-23-thread-1/DEBUG] [mixin/]: Mixing AccessorSmithingTrimRecipe from patchouli_xplat.mixins.json into net.minecraft.world.item.crafting.SmithingTrimRecipe
[05May2026 00:44:04.282] [pool-23-thread-1/DEBUG] [mixin/]: Unexpected: Registered method getAddition()Lnet/minecraft/world/item/crafting/Ingredient; in net.minecraft.world.item.crafting.SmithingTrimRecipe was not merged
[05May2026 00:44:04.282] [pool-23-thread-1/DEBUG] [mixin/]: Unexpected: Registered method getBase()Lnet/minecraft/world/item/crafting/Ingredient; in net.minecraft.world.item.crafting.SmithingTrimRecipe was not merged
[05May2026 00:44:04.282] [pool-23-thread-1/DEBUG] [mixin/]: Unexpected: Registered method getTemplate()Lnet/minecraft/world/item/crafting/Ingredient; in net.minecraft.world.item.crafting.SmithingTrimRecipe was not merged
[05May2026 00:44:04.321] [pool-23-thread-1/DEBUG] [mixin/]: Mixing LootPoolEntryAccessor from emi_loot.mixins.json into net.minecraft.world.level.storage.loot.entries.LootPoolEntryContainer
[05May2026 00:44:04.323] [pool-23-thread-1/DEBUG] [mixin/]: Mixing LeafEntryAccessor from emi_loot.mixins.json into net.minecraft.world.level.storage.loot.entries.LootPoolSingletonContainer
[05May2026 00:44:04.323] [pool-23-thread-1/DEBUG] [mixin/]: Mixing LootContextMixin from lootintegrations.mixins.json into net.minecraft.world.level.storage.loot.LootContext
[05May2026 00:44:04.323] [pool-23-thread-1/DEBUG] [mixin/]: lootintegrations.mixins.json:LootContextMixin from mod lootintegrations: Class version 65 required is higher than the class version supported by the current version of Mixin (JAVA_16 supports class version 60)
[05May2026 00:44:04.324] [pool-23-thread-1/DEBUG] [mixin/]: Mixing LootContextMixin from lootjs.mixins.json into net.minecraft.world.level.storage.loot.LootContext
[05May2026 00:44:04.326] [pool-23-thread-1/DEBUG] [mixin/]: Mixing LootItemFunctionMixin from lootjs.mixins.json into net.minecraft.world.level.storage.loot.functions.LootItemFunction
[05May2026 00:44:04.328] [pool-23-thread-1/DEBUG] [mixin/]: Mixing SetCountLootFunctionAccessor from emi_loot.mixins.json into net.minecraft.world.level.storage.loot.functions.SetItemCountFunction
[05May2026 00:44:04.328] [pool-23-thread-1/DEBUG] [mixin/]: Mixing ConditionalLootFunctionAccessor from emi_loot.mixins.json into net.minecraft.world.level.storage.loot.functions.LootItemConditionalFunction
[05May2026 00:44:04.328] [pool-23-thread-1/DEBUG] [mixin/]: Mixing LootItemConditionalFunctionMixin from lootjs.mixins.json into net.minecraft.world.level.storage.loot.functions.LootItemConditionalFunction
[05May2026 00:44:04.337] [pool-23-thread-1/DEBUG] [mixin/]: Mixing SetItemLootFunctionAccessor from emi_loot.mixins.json into net.minecraft.world.level.storage.loot.functions.SetItemFunction
[05May2026 00:44:04.338] [pool-23-thread-1/DEBUG] [net.neoforged.coremod.transformer.CoreModBaseTransformer/COREMOD]: Transforming net/minecraft/world/level/storage/loot/functions/EnchantRandomlyFunction
[05May2026 00:44:04.338] [pool-23-thread-1/INFO] [net.neoforged.coremod.CoreMod.apothic_enchanting/COREMODLOG]: Replaced 1 calls to Enchantment#getMaxLevel() in net/minecraft/world/level/storage/loot/functions/EnchantRandomlyFunction
[05May2026 00:44:04.340] [pool-23-thread-1/DEBUG] [mixin/]: Mixing SetEnchantmentsLootFunctionAccessor from emi_loot.mixins.json into net.minecraft.world.level.storage.loot.functions.SetEnchantmentsFunction
[05May2026 00:44:04.341] [pool-23-thread-1/DEBUG] [mixin/]: Mixing SetCustomDataLootFunctionAccessor from emi_loot.mixins.json into net.minecraft.world.level.storage.loot.functions.SetCustomDataFunction
[05May2026 00:44:04.343] [pool-23-thread-1/DEBUG] [mixin/]: Mixing SetComponentsLootFunctionAccessor from emi_loot.mixins.json into net.minecraft.world.level.storage.loot.functions.SetComponentsFunction
[05May2026 00:44:04.343] [pool-23-thread-1/DEBUG] [mixin/]: Mixing SetComponentsFunctionAccessor from lootjs.mixins.json into net.minecraft.world.level.storage.loot.functions.SetComponentsFunction
[05May2026 00:44:04.343] [pool-23-thread-1/DEBUG] [mixin/]: Renaming @Invoker method lootjs$create(Ljava/util/List;Lnet/minecraft/core/component/DataComponentPatch;)Lnet/minecraft/world/level/storage/loot/functions/SetComponentsFunction; to create$lootjs_$md$9b8020$0 in lootjs.mixins.json:SetComponentsFunctionAccessor from mod lootjs
[05May2026 00:44:04.348] [pool-23-thread-1/DEBUG] [mixin/]: Mixing ability.enchantment.EnchantedCountIncreaseFunctionMixin from mixins.artifacts.common.json into net.minecraft.world.level.storage.loot.functions.EnchantedCountIncreaseFunction
[05May2026 00:44:04.349] [pool-23-thread-1/DEBUG] [mixin/]: Mixing MixinEnchantedCountIncreaseFunction from curios.neoforge.mixins.json into net.minecraft.world.level.storage.loot.functions.EnchantedCountIncreaseFunction
[05May2026 00:44:04.351] [pool-23-thread-1/DEBUG] [mixin/]: Mixing SetDamageLootFunctionAccessor from emi_loot.mixins.json into net.minecraft.world.level.storage.loot.functions.SetItemDamageFunction
[05May2026 00:44:04.354] [pool-23-thread-1/DEBUG] [mixin/]: Mixing SetAttributesLootFunctionAccessor from emi_loot.mixins.json into net.minecraft.world.level.storage.loot.functions.SetAttributesFunction
[05May2026 00:44:04.357] [pool-23-thread-1/DEBUG] [mixin/]: Mixing SetNameLootFunctionAccessor from emi_loot.mixins.json into net.minecraft.world.level.storage.loot.functions.SetNameFunction
[05May2026 00:44:04.359] [pool-23-thread-1/DEBUG] [mixin/]: Mixing ExplorationMapFunctionMixin from structureessentials.mixins.json into net.minecraft.world.level.storage.loot.functions.ExplorationMapFunction
[05May2026 00:44:04.359] [pool-23-thread-1/DEBUG] [mixin/]: Mixing ExplorationFunctionMixin from lootintegrations.mixins.json into net.minecraft.world.level.storage.loot.functions.ExplorationMapFunction
[05May2026 00:44:04.359] [pool-23-thread-1/DEBUG] [mixin/]: lootintegrations.mixins.json:ExplorationFunctionMixin from mod lootintegrations: Class version 65 required is higher than the class version supported by the current version of Mixin (JAVA_16 supports class version 60)
[05May2026 00:44:04.359] [pool-23-thread-1/DEBUG] [mixin/]: Mixing ExplorationMapLootFunctionAccessor from emi_loot.mixins.json into net.minecraft.world.level.storage.loot.functions.ExplorationMapFunction
[05May2026 00:44:04.360] [pool-23-thread-1/DEBUG] [mixin/]: structureessentials.mixins.json:ExplorationMapFunctionMixin from mod structureessentials->@Inject::initSearchRange(Ljava/util/List;Lnet/minecraft/tags/TagKey;Lnet/minecraft/core/Holder;BIZLorg/spongepowered/asm/mixin/injection/callback/CallbackInfo;)V doesn't use it's CallbackInfo
[05May2026 00:44:04.360] [pool-23-thread-1/DEBUG] [mixin/]: structureessentials.mixins.json:ExplorationMapFunctionMixin from mod structureessentials->@Inject::initSearchRange(Ljava/util/List;Lnet/minecraft/tags/TagKey;Lnet/minecraft/core/Holder;BIZLorg/spongepowered/asm/mixin/injection/callback/CallbackInfo;)V has 0 override(s) in child classes
[05May2026 00:44:04.360] [pool-23-thread-1/DEBUG] [mixin/]: structureessentials.mixins.json:ExplorationMapFunctionMixin from mod structureessentials->@Inject::initSearchRange(Ljava/util/List;Lnet/minecraft/tags/TagKey;Lnet/minecraft/core/Holder;BIZLorg/spongepowered/asm/mixin/injection/callback/CallbackInfo;)V won't be passed a CallbackInfo as a result
[05May2026 00:44:04.360] [pool-23-thread-1/DEBUG] [mixin/]: lootintegrations.mixins.json:ExplorationFunctionMixin from mod lootintegrations->@Inject::onMapExlporation(Lnet/minecraft/world/item/ItemStack;Lnet/minecraft/world/level/storage/loot/LootContext;Lorg/spongepowered/asm/mixin/injection/callback/CallbackInfoReturnable;)V does use it's CallbackInfoReturnable
[05May2026 00:44:04.364] [pool-23-thread-1/DEBUG] [mixin/]: Mixing SetStewEffectLootFunctionAccessor from emi_loot.mixins.json into net.minecraft.world.level.storage.loot.functions.SetStewEffectFunction
[05May2026 00:44:04.365] [pool-23-thread-1/DEBUG] [mixin/]: Mixing CopyNameLootFunctionAccessor from emi_loot.mixins.json into net.minecraft.world.level.storage.loot.functions.CopyNameFunction
[05May2026 00:44:04.371] [pool-23-thread-1/DEBUG] [mixin/]: Mixing ModifyContentsLootFunctionAccessor from emi_loot.mixins.json into net.minecraft.world.level.storage.loot.functions.ModifyContainerContents
[05May2026 00:44:04.372] [pool-23-thread-1/DEBUG] [mixin/]: Mixing FilteredLootFunctionAccessor from emi_loot.mixins.json into net.minecraft.world.level.storage.loot.functions.FilteredFunction
[05May2026 00:44:04.372] [pool-23-thread-1/DEBUG] [mixin/]: Mixing ItemPredicateMixin from lootjs.mixins.json into net.minecraft.advancements.critereon.ItemPredicate
[05May2026 00:44:04.380] [pool-23-thread-1/DEBUG] [mixin/]: Mixing LimitCountLootFunctionAccessor from emi_loot.mixins.json into net.minecraft.world.level.storage.loot.functions.LimitCount
[05May2026 00:44:04.380] [pool-23-thread-1/DEBUG] [mixin/]: Mixing BoundedIntUnaryOperatorAccessor from emi_loot.mixins.json into net.minecraft.world.level.storage.loot.IntRange
[05May2026 00:44:04.381] [pool-23-thread-1/DEBUG] [mixin/]: Mixing ability.enchantment.ApplyBonusCountMixin from mixins.artifacts.common.json into net.minecraft.world.level.storage.loot.functions.ApplyBonusCount
[05May2026 00:44:04.383] [pool-23-thread-1/DEBUG] [mixin/]: Mixing ApplyBonusLootFunctionAccessor from emi_loot.mixins.json into net.minecraft.world.level.storage.loot.functions.ApplyBonusCount
[05May2026 00:44:04.383] [pool-23-thread-1/DEBUG] [mixin/]: Mixing MixinApplyBonusCount from curios.neoforge.mixins.json into net.minecraft.world.level.storage.loot.functions.ApplyBonusCount
[05May2026 00:44:04.389] [pool-23-thread-1/DEBUG] [mixin/]: Mixing SetLootTableLootFunctionAccessor from emi_loot.mixins.json into net.minecraft.world.level.storage.loot.functions.SetContainerLootTable
[05May2026 00:44:04.399] [pool-23-thread-1/DEBUG] [mixin/]: Mixing SetPotionLootFunctionAccessor from emi_loot.mixins.json into net.minecraft.world.level.storage.loot.functions.SetPotionFunction
[05May2026 00:44:04.400] [pool-23-thread-1/DEBUG] [mixin/]: Mixing SetInstrumentLootFunctionAccessor from emi_loot.mixins.json into net.minecraft.world.level.storage.loot.functions.SetInstrumentFunction
[05May2026 00:44:04.400] [pool-23-thread-1/DEBUG] [mixin/]: Mixing ReferenceLootFunctionAccessor from emi_loot.mixins.json into net.minecraft.world.level.storage.loot.functions.FunctionReference
[05May2026 00:44:04.400] [pool-23-thread-1/DEBUG] [mixin/]: Mixing AndLootFunctionAccessor from emi_loot.mixins.json into net.minecraft.world.level.storage.loot.functions.SequenceFunction
[05May2026 00:44:04.403] [pool-23-thread-1/DEBUG] [mixin/]: Mixing SetFireworksLootFunctionAccessor from emi_loot.mixins.json into net.minecraft.world.level.storage.loot.functions.SetFireworksFunction
[05May2026 00:44:04.404] [pool-23-thread-1/DEBUG] [mixin/]: Mixing SetFireworkExplosionLootFunctionAccessor from emi_loot.mixins.json into net.minecraft.world.level.storage.loot.functions.SetFireworkExplosionFunction
[05May2026 00:44:04.406] [pool-23-thread-1/DEBUG] [mixin/]: Mixing SetBookCoverLootFunctionAccessor from emi_loot.mixins.json into net.minecraft.world.level.storage.loot.functions.SetBookCoverFunction
[05May2026 00:44:04.409] [pool-23-thread-1/DEBUG] [mixin/]: Mixing SetOminousBottleAmplifierLootFunctionAccessor from emi_loot.mixins.json into net.minecraft.world.level.storage.loot.functions.SetOminousBottleAmplifierFunction
[05May2026 00:44:04.411] [pool-23-thread-1/DEBUG] [mixin/]: Mixing ItemEntryAccessor from emi_loot.mixins.json into net.minecraft.world.level.storage.loot.entries.LootItem
[05May2026 00:44:04.412] [pool-23-thread-1/DEBUG] [mixin/]: Mixing LootTableEntryAccessor from emi_loot.mixins.json into net.minecraft.world.level.storage.loot.entries.NestedLootTable
[05May2026 00:44:04.413] [pool-23-thread-1/DEBUG] [mixin/]: Mixing LootTableLootIntegrations from lootintegrations.mixins.json into net.minecraft.world.level.storage.loot.LootTable
[05May2026 00:44:04.413] [pool-23-thread-1/DEBUG] [mixin/]: lootintegrations.mixins.json:LootTableLootIntegrations from mod lootintegrations: Class version 65 required is higher than the class version supported by the current version of Mixin (JAVA_16 supports class version 60)
[05May2026 00:44:04.413] [pool-23-thread-1/DEBUG] [mixin/]: Mixing LootTableMixin from balm.neoforge.mixins.json into net.minecraft.world.level.storage.loot.LootTable
[05May2026 00:44:04.413] [pool-23-thread-1/DEBUG] [mixin/]: Mixing LootTableAccessor from emi_loot.mixins.json into net.minecraft.world.level.storage.loot.LootTable
[05May2026 00:44:04.413] [pool-23-thread-1/DEBUG] [mixin/]: Mixing LootTableMixin from lootjs.mixins.json into net.minecraft.world.level.storage.loot.LootTable
[05May2026 00:44:04.415] [pool-23-thread-1/DEBUG] [mixin/]: Mixing accessor.AccessorMixinLootTable from lootr-common.mixins.json into net.minecraft.world.level.storage.loot.LootTable
[05May2026 00:44:04.415] [pool-23-thread-1/DEBUG] [mixin/]: Mixing filter.MixinLootTable from lootr-common.mixins.json into net.minecraft.world.level.storage.loot.LootTable
[05May2026 00:44:04.416] [pool-23-thread-1/DEBUG] [mixin/]: lootintegrations.mixins.json:LootTableLootIntegrations from mod lootintegrations->@Inject::on(Lnet/minecraft/world/level/storage/loot/LootContext;Lorg/spongepowered/asm/mixin/injection/callback/CallbackInfoReturnable;)V does use it's CallbackInfoReturnable
[05May2026 00:44:04.416] [pool-23-thread-1/DEBUG] [mixin/]: balm.neoforge.mixins.json:LootTableMixin from mod balm->@Inject::getRandomItems(Lnet/minecraft/world/level/storage/loot/LootContext;Lorg/spongepowered/asm/mixin/injection/callback/CallbackInfoReturnable;)V does use it's CallbackInfoReturnable
[05May2026 00:44:04.416] [pool-23-thread-1/DEBUG] [mixin/]: lootjs.mixins.json:LootTableMixin from mod lootjs->@Inject::lootjs$resolveLootTracker(Lnet/minecraft/world/level/storage/loot/LootContext;Ljava/util/function/Consumer;Lorg/spongepowered/asm/mixin/injection/callback/CallbackInfo;)V doesn't use it's CallbackInfo
[05May2026 00:44:04.416] [pool-23-thread-1/DEBUG] [mixin/]: lootjs.mixins.json:LootTableMixin from mod lootjs->@Inject::lootjs$resolveLootTracker(Lnet/minecraft/world/level/storage/loot/LootContext;Ljava/util/function/Consumer;Lorg/spongepowered/asm/mixin/injection/callback/CallbackInfo;)V has 0 override(s) in child classes
[05May2026 00:44:04.416] [pool-23-thread-1/DEBUG] [mixin/]: lootjs.mixins.json:LootTableMixin from mod lootjs->@Inject::lootjs$resolveLootTracker(Lnet/minecraft/world/level/storage/loot/LootContext;Ljava/util/function/Consumer;Lorg/spongepowered/asm/mixin/injection/callback/CallbackInfo;)V won't be passed a CallbackInfo as a result
[05May2026 00:44:04.416] [pool-23-thread-1/DEBUG] [mixin/]: lootr-common.mixins.json:filter.MixinLootTable from mod lootr->@Inject::LootrFill(Lnet/minecraft/world/Container;Lnet/minecraft/world/level/storage/loot/LootParams;JLorg/spongepowered/asm/mixin/injection/callback/CallbackInfo;)V doesn't use it's CallbackInfo
[05May2026 00:44:04.416] [pool-23-thread-1/DEBUG] [mixin/]: lootr-common.mixins.json:filter.MixinLootTable from mod lootr->@Inject::LootrFill(Lnet/minecraft/world/Container;Lnet/minecraft/world/level/storage/loot/LootParams;JLorg/spongepowered/asm/mixin/injection/callback/CallbackInfo;)V has 0 override(s) in child classes
[05May2026 00:44:04.416] [pool-23-thread-1/DEBUG] [mixin/]: lootr-common.mixins.json:filter.MixinLootTable from mod lootr->@Inject::LootrFill(Lnet/minecraft/world/Container;Lnet/minecraft/world/level/storage/loot/LootParams;JLorg/spongepowered/asm/mixin/injection/callback/CallbackInfo;)V won't be passed a CallbackInfo as a result
[05May2026 00:44:04.420] [pool-23-thread-1/DEBUG] [mixin/]: Mixing LootPoolAccessor from emi_loot.mixins.json into net.minecraft.world.level.storage.loot.LootPool
[05May2026 00:44:04.420] [pool-23-thread-1/DEBUG] [mixin/]: Mixing LootPoolMixin from lootjs.mixins.json into net.minecraft.world.level.storage.loot.LootPool
[05May2026 00:44:04.427] [pool-23-thread-1/DEBUG] [mixin/]: Mixing TagEntryAccessor from emi_loot.mixins.json into net.minecraft.world.level.storage.loot.entries.TagEntry
[05May2026 00:44:04.429] [pool-23-thread-1/DEBUG] [mixin/]: Mixing CombinedEntryAccessor from emi_loot.mixins.json into net.minecraft.world.level.storage.loot.entries.CompositeEntryBase
[05May2026 00:44:04.429] [pool-23-thread-1/DEBUG] [mixin/]: Mixing CompositeEntryBaseMixin from lootjs.mixins.json into net.minecraft.world.level.storage.loot.entries.CompositeEntryBase
[05May2026 00:44:04.433] [pool-23-thread-1/DEBUG] [mixin/]: Mixing AlternativeLootConditionAccessor from emi_loot.mixins.json into net.minecraft.world.level.storage.loot.predicates.CompositeLootItemCondition
[05May2026 00:44:04.435] [pool-23-thread-1/DEBUG] [mixin/]: Mixing ability.enchantment.LootItemRandomChanceWithEnchantedBonusConditionMixin from mixins.artifacts.common.json into net.minecraft.world.level.storage.loot.predicates.LootItemRandomChanceWithEnchantedBonusCondition
[05May2026 00:44:04.438] [pool-23-thread-1/DEBUG] [mixin/]: Mixing EntityPredicateMixin from lootjs.mixins.json into net.minecraft.advancements.critereon.EntityPredicate
[05May2026 00:44:04.495] [pool-23-thread-1/DEBUG] [mixin/]: Mixing PlacedFeatureErrorMixin from structureessentials.mixins.json into net.minecraft.world.level.levelgen.placement.PlacedFeature
[05May2026 00:44:04.504] [pool-23-thread-1/DEBUG] [mixin/]: Mixing JigsawReplacementProcessorMixin from moonlight-common.mixins.json into net.minecraft.world.level.levelgen.structure.templatesystem.JigsawReplacementProcessor
[05May2026 00:44:04.504] [pool-23-thread-1/DEBUG] [mixin/]: moonlight-common.mixins.json:JigsawReplacementProcessorMixin from mod moonlight: Class version 65 required is higher than the class version supported by the current version of Mixin (JAVA_17 supports class version 61)
[05May2026 00:44:04.567] [pool-23-thread-1/DEBUG] [mixin/]: Mixing RandomSpreadStructurePlacementMixin from structureessentials.mixins.json into net.minecraft.world.level.levelgen.structure.placement.RandomSpreadStructurePlacement
[05May2026 00:44:04.568] [pool-23-thread-1/DEBUG] [mixin/]: structureessentials.mixins.json:RandomSpreadStructurePlacementMixin from mod structureessentials->@Inject::adjustSpacingSeperation(Lnet/minecraft/core/Vec3i;Lnet/minecraft/world/level/levelgen/structure/placement/StructurePlacement$FrequencyReductionMethod;FILjava/util/Optional;IILnet/minecraft/world/level/levelgen/structure/placement/RandomSpreadType;Lorg/spongepowered/asm/mixin/injection/callback/CallbackInfo;)V doesn't use it's CallbackInfo
[05May2026 00:44:04.568] [pool-23-thread-1/DEBUG] [mixin/]: structureessentials.mixins.json:RandomSpreadStructurePlacementMixin from mod structureessentials->@Inject::adjustSpacingSeperation(Lnet/minecraft/core/Vec3i;Lnet/minecraft/world/level/levelgen/structure/placement/StructurePlacement$FrequencyReductionMethod;FILjava/util/Optional;IILnet/minecraft/world/level/levelgen/structure/placement/RandomSpreadType;Lorg/spongepowered/asm/mixin/injection/callback/CallbackInfo;)V has 0 override(s) in child classes
[05May2026 00:44:04.568] [pool-23-thread-1/DEBUG] [mixin/]: structureessentials.mixins.json:RandomSpreadStructurePlacementMixin from mod structureessentials->@Inject::adjustSpacingSeperation(Lnet/minecraft/core/Vec3i;Lnet/minecraft/world/level/levelgen/structure/placement/StructurePlacement$FrequencyReductionMethod;FILjava/util/Optional;IILnet/minecraft/world/level/levelgen/structure/placement/RandomSpreadType;Lorg/spongepowered/asm/mixin/injection/callback/CallbackInfo;)V won't be passed a CallbackInfo as a result
[05May2026 00:44:04.579] [pool-23-thread-1/DEBUG] [mixin/]: Mixing StructureStartMinDistMixin from structureessentials.mixins.json into net.minecraft.world.level.levelgen.structure.Structure
[05May2026 00:44:04.583] [pool-23-thread-1/DEBUG] [mixin/]: Mixing StructureTimingMixin from structureessentials.mixins.json into net.minecraft.world.level.levelgen.structure.Structure
[05May2026 00:44:04.590] [pool-23-thread-1/DEBUG] [mixin/]: structureessentials.mixins.json:StructureStartMinDistMixin from mod structureessentials->@Inject::checkOtherStructuresNearby(Lnet/minecraft/core/RegistryAccess;Lnet/minecraft/world/level/chunk/ChunkGenerator;Lnet/minecraft/world/level/biome/BiomeSource;Lnet/minecraft/world/level/levelgen/RandomState;Lnet/minecraft/world/level/levelgen/structure/templatesystem/StructureTemplateManager;JLnet/minecraft/world/level/ChunkPos;ILnet/minecraft/world/level/LevelHeightAccessor;Ljava/util/function/Predicate;Lorg/spongepowered/asm/mixin/injection/callback/CallbackInfoReturnable;)V does use it's CallbackInfoReturnable
[05May2026 00:44:04.590] [pool-23-thread-1/DEBUG] [mixin/]: structureessentials.mixins.json:StructureStartMinDistMixin from mod structureessentials->@Inject::checkOtherStructuresNearby(Lnet/minecraft/core/RegistryAccess;Lnet/minecraft/world/level/chunk/ChunkGenerator;Lnet/minecraft/world/level/biome/BiomeSource;Lnet/minecraft/world/level/levelgen/RandomState;Lnet/minecraft/world/level/levelgen/structure/templatesystem/StructureTemplateManager;JLnet/minecraft/world/level/ChunkPos;ILnet/minecraft/world/level/LevelHeightAccessor;Ljava/util/function/Predicate;Lorg/spongepowered/asm/mixin/injection/callback/CallbackInfoReturnable;)V does use it's CallbackInfoReturnable
[05May2026 00:44:04.590] [pool-23-thread-1/DEBUG] [mixin/]: structureessentials.mixins.json:StructureTimingMixin from mod structureessentials->@Inject::beforeGenerate(Lnet/minecraft/core/RegistryAccess;Lnet/minecraft/world/level/chunk/ChunkGenerator;Lnet/minecraft/world/level/biome/BiomeSource;Lnet/minecraft/world/level/levelgen/RandomState;Lnet/minecraft/world/level/levelgen/structure/templatesystem/StructureTemplateManager;JLnet/minecraft/world/level/ChunkPos;ILnet/minecraft/world/level/LevelHeightAccessor;Ljava/util/function/Predicate;Lorg/spongepowered/asm/mixin/injection/callback/CallbackInfoReturnable;)V doesn't use it's CallbackInfoReturnable
[05May2026 00:44:04.590] [pool-23-thread-1/DEBUG] [mixin/]: structureessentials.mixins.json:StructureTimingMixin from mod structureessentials->@Inject::beforeGenerate(Lnet/minecraft/core/RegistryAccess;Lnet/minecraft/world/level/chunk/ChunkGenerator;Lnet/minecraft/world/level/biome/BiomeSource;Lnet/minecraft/world/level/levelgen/RandomState;Lnet/minecraft/world/level/levelgen/structure/templatesystem/StructureTemplateManager;JLnet/minecraft/world/level/ChunkPos;ILnet/minecraft/world/level/LevelHeightAccessor;Ljava/util/function/Predicate;Lorg/spongepowered/asm/mixin/injection/callback/CallbackInfoReturnable;)V has 0 override(s) in child classes
[05May2026 00:44:04.590] [pool-23-thread-1/DEBUG] [mixin/]: structureessentials.mixins.json:StructureTimingMixin from mod structureessentials->@Inject::beforeGenerate(Lnet/minecraft/core/RegistryAccess;Lnet/minecraft/world/level/chunk/ChunkGenerator;Lnet/minecraft/world/level/biome/BiomeSource;Lnet/minecraft/world/level/levelgen/RandomState;Lnet/minecraft/world/level/levelgen/structure/templatesystem/StructureTemplateManager;JLnet/minecraft/world/level/ChunkPos;ILnet/minecraft/world/level/LevelHeightAccessor;Ljava/util/function/Predicate;Lorg/spongepowered/asm/mixin/injection/callback/CallbackInfoReturnable;)V won't be passed a CallbackInfoReturnable as a result
[05May2026 00:44:04.590] [pool-23-thread-1/DEBUG] [mixin/]: structureessentials.mixins.json:StructureTimingMixin from mod structureessentials->@Inject::afterGenerate(Lnet/minecraft/core/RegistryAccess;Lnet/minecraft/world/level/chunk/ChunkGenerator;Lnet/minecraft/world/level/biome/BiomeSource;Lnet/minecraft/world/level/levelgen/RandomState;Lnet/minecraft/world/level/levelgen/structure/templatesystem/StructureTemplateManager;JLnet/minecraft/world/level/ChunkPos;ILnet/minecraft/world/level/LevelHeightAccessor;Ljava/util/function/Predicate;Lorg/spongepowered/asm/mixin/injection/callback/CallbackInfoReturnable;)V doesn't use it's CallbackInfoReturnable
[05May2026 00:44:04.590] [pool-23-thread-1/DEBUG] [mixin/]: structureessentials.mixins.json:StructureTimingMixin from mod structureessentials->@Inject::afterGenerate(Lnet/minecraft/core/RegistryAccess;Lnet/minecraft/world/level/chunk/ChunkGenerator;Lnet/minecraft/world/level/biome/BiomeSource;Lnet/minecraft/world/level/levelgen/RandomState;Lnet/minecraft/world/level/levelgen/structure/templatesystem/StructureTemplateManager;JLnet/minecraft/world/level/ChunkPos;ILnet/minecraft/world/level/LevelHeightAccessor;Ljava/util/function/Predicate;Lorg/spongepowered/asm/mixin/injection/callback/CallbackInfoReturnable;)V has 0 override(s) in child classes
[05May2026 00:44:04.590] [pool-23-thread-1/DEBUG] [mixin/]: structureessentials.mixins.json:StructureTimingMixin from mod structureessentials->@Inject::afterGenerate(Lnet/minecraft/core/RegistryAccess;Lnet/minecraft/world/level/chunk/ChunkGenerator;Lnet/minecraft/world/level/biome/BiomeSource;Lnet/minecraft/world/level/levelgen/RandomState;Lnet/minecraft/world/level/levelgen/structure/templatesystem/StructureTemplateManager;JLnet/minecraft/world/level/ChunkPos;ILnet/minecraft/world/level/LevelHeightAccessor;Ljava/util/function/Predicate;Lorg/spongepowered/asm/mixin/injection/callback/CallbackInfoReturnable;)V won't be passed a CallbackInfoReturnable as a result
[05May2026 00:44:04.590] [pool-23-thread-1/DEBUG] [mixin/]: structureessentials.mixins.json:StructureTimingMixin from mod structureessentials->@Inject::afterGenerate(Lnet/minecraft/core/RegistryAccess;Lnet/minecraft/world/level/chunk/ChunkGenerator;Lnet/minecraft/world/level/biome/BiomeSource;Lnet/minecraft/world/level/levelgen/RandomState;Lnet/minecraft/world/level/levelgen/structure/templatesystem/StructureTemplateManager;JLnet/minecraft/world/level/ChunkPos;ILnet/minecraft/world/level/LevelHeightAccessor;Ljava/util/function/Predicate;Lorg/spongepowered/asm/mixin/injection/callback/CallbackInfoReturnable;)V doesn't use it's CallbackInfoReturnable
[05May2026 00:44:04.590] [pool-23-thread-1/DEBUG] [mixin/]: structureessentials.mixins.json:StructureTimingMixin from mod structureessentials->@Inject::afterGenerate(Lnet/minecraft/core/RegistryAccess;Lnet/minecraft/world/level/chunk/ChunkGenerator;Lnet/minecraft/world/level/biome/BiomeSource;Lnet/minecraft/world/level/levelgen/RandomState;Lnet/minecraft/world/level/levelgen/structure/templatesystem/StructureTemplateManager;JLnet/minecraft/world/level/ChunkPos;ILnet/minecraft/world/level/LevelHeightAccessor;Ljava/util/function/Predicate;Lorg/spongepowered/asm/mixin/injection/callback/CallbackInfoReturnable;)V has 0 override(s) in child classes
[05May2026 00:44:04.590] [pool-23-thread-1/DEBUG] [mixin/]: structureessentials.mixins.json:StructureTimingMixin from mod structureessentials->@Inject::afterGenerate(Lnet/minecraft/core/RegistryAccess;Lnet/minecraft/world/level/chunk/ChunkGenerator;Lnet/minecraft/world/level/biome/BiomeSource;Lnet/minecraft/world/level/levelgen/RandomState;Lnet/minecraft/world/level/levelgen/structure/templatesystem/StructureTemplateManager;JLnet/minecraft/world/level/ChunkPos;ILnet/minecraft/world/level/LevelHeightAccessor;Ljava/util/function/Predicate;Lorg/spongepowered/asm/mixin/injection/callback/CallbackInfoReturnable;)V won't be passed a CallbackInfoReturnable as a result
[05May2026 00:44:04.628] [pool-23-thread-1/DEBUG] [mixin/]: Mixing perf.dynamic_structure_manager.StructureManagerMixin from modernfix-modernfix.mixins.json into net.minecraft.world.level.levelgen.structure.templatesystem.StructureTemplateManager
[05May2026 00:44:04.629] [pool-23-thread-1/DEBUG] [mixin/]: modernfix-modernfix.mixins.json:perf.dynamic_structure_manager.StructureManagerMixin from mod modernfix->@Inject::makeStructuresSafe(Lnet/minecraft/server/packs/resources/ResourceManager;Lnet/minecraft/world/level/storage/LevelStorageSource$LevelStorageAccess;Lcom/mojang/datafixers/DataFixer;Lnet/minecraft/core/HolderGetter;Lorg/spongepowered/asm/mixin/injection/callback/CallbackInfo;)V doesn't use it's CallbackInfo
[05May2026 00:44:04.629] [pool-23-thread-1/DEBUG] [mixin/]: modernfix-modernfix.mixins.json:perf.dynamic_structure_manager.StructureManagerMixin from mod modernfix->@Inject::makeStructuresSafe(Lnet/minecraft/server/packs/resources/ResourceManager;Lnet/minecraft/world/level/storage/LevelStorageSource$LevelStorageAccess;Lcom/mojang/datafixers/DataFixer;Lnet/minecraft/core/HolderGetter;Lorg/spongepowered/asm/mixin/injection/callback/CallbackInfo;)V has 0 override(s) in child classes
[05May2026 00:44:04.629] [pool-23-thread-1/DEBUG] [mixin/]: modernfix-modernfix.mixins.json:perf.dynamic_structure_manager.StructureManagerMixin from mod modernfix->@Inject::makeStructuresSafe(Lnet/minecraft/server/packs/resources/ResourceManager;Lnet/minecraft/world/level/storage/LevelStorageSource$LevelStorageAccess;Lcom/mojang/datafixers/DataFixer;Lnet/minecraft/core/HolderGetter;Lorg/spongepowered/asm/mixin/injection/callback/CallbackInfo;)V won't be passed a CallbackInfo as a result
[05May2026 00:44:04.632] [pool-23-thread-1/DEBUG] [mixin/]: Mixing TemplateStructurePieceMixin from moonlight-common.mixins.json into net.minecraft.world.level.levelgen.structure.TemplateStructurePiece
[05May2026 00:44:04.632] [pool-23-thread-1/DEBUG] [mixin/]: moonlight-common.mixins.json:TemplateStructurePieceMixin from mod moonlight: Class version 65 required is higher than the class version supported by the current version of Mixin (JAVA_17 supports class version 61)
[05May2026 00:44:04.634] [pool-23-thread-1/DEBUG] [mixin/]: moonlight-common.mixins.json:TemplateStructurePieceMixin from mod moonlight->@Inject::ml$processBoxes(Lnet/minecraft/world/level/WorldGenLevel;Lnet/minecraft/world/level/StructureManager;Lnet/minecraft/world/level/chunk/ChunkGenerator;Lnet/minecraft/util/RandomSource;Lnet/minecraft/world/level/levelgen/structure/BoundingBox;Lnet/minecraft/world/level/ChunkPos;Lnet/minecraft/core/BlockPos;Lorg/spongepowered/asm/mixin/injection/callback/CallbackInfo;)V doesn't use it's CallbackInfo
[05May2026 00:44:04.634] [pool-23-thread-1/DEBUG] [mixin/]: moonlight-common.mixins.json:TemplateStructurePieceMixin from mod moonlight->@Inject::ml$processBoxes(Lnet/minecraft/world/level/WorldGenLevel;Lnet/minecraft/world/level/StructureManager;Lnet/minecraft/world/level/chunk/ChunkGenerator;Lnet/minecraft/util/RandomSource;Lnet/minecraft/world/level/levelgen/structure/BoundingBox;Lnet/minecraft/world/level/ChunkPos;Lnet/minecraft/core/BlockPos;Lorg/spongepowered/asm/mixin/injection/callback/CallbackInfo;)V has 0 override(s) in child classes
[05May2026 00:44:04.634] [pool-23-thread-1/DEBUG] [mixin/]: moonlight-common.mixins.json:TemplateStructurePieceMixin from mod moonlight->@Inject::ml$processBoxes(Lnet/minecraft/world/level/WorldGenLevel;Lnet/minecraft/world/level/StructureManager;Lnet/minecraft/world/level/chunk/ChunkGenerator;Lnet/minecraft/util/RandomSource;Lnet/minecraft/world/level/levelgen/structure/BoundingBox;Lnet/minecraft/world/level/ChunkPos;Lnet/minecraft/core/BlockPos;Lorg/spongepowered/asm/mixin/injection/callback/CallbackInfo;)V won't be passed a CallbackInfo as a result
[05May2026 00:44:04.649] [pool-23-thread-1/DEBUG] [mixin/]: Mixing elytra.MixinEndCityPieces$EndCityPiece from lootr-common.mixins.json into net.minecraft.world.level.levelgen.structure.structures.EndCityPieces$EndCityPiece
[05May2026 00:44:04.650] [pool-23-thread-1/DEBUG] [mixin/]: lootr-common.mixins.json:elytra.MixinEndCityPieces$EndCityPiece from mod lootr->@Inject::LootrHandleDataMarker(Ljava/lang/String;Lnet/minecraft/core/BlockPos;Lnet/minecraft/world/level/ServerLevelAccessor;Lnet/minecraft/util/RandomSource;Lnet/minecraft/world/level/levelgen/structure/BoundingBox;Lorg/spongepowered/asm/mixin/injection/callback/CallbackInfo;)V does use it's CallbackInfo
[05May2026 00:44:04.650] [pool-23-thread-1/DEBUG] [mixin/]: lootr-common.mixins.json:elytra.MixinEndCityPieces$EndCityPiece from mod lootr->@Inject::LootrHandleDataMarker(Ljava/lang/String;Lnet/minecraft/core/BlockPos;Lnet/minecraft/world/level/ServerLevelAccessor;Lnet/minecraft/util/RandomSource;Lnet/minecraft/world/level/levelgen/structure/BoundingBox;Lorg/spongepowered/asm/mixin/injection/callback/CallbackInfo;)V does use it's CallbackInfo
[05May2026 00:44:04.672] [pool-23-thread-1/DEBUG] [mixin/]: Mixing JigsawStructureMixin from moonlight-common.mixins.json into net.minecraft.world.level.levelgen.structure.structures.JigsawStructure
[05May2026 00:44:04.673] [pool-23-thread-1/DEBUG] [mixin/]: moonlight-common.mixins.json:JigsawStructureMixin from mod moonlight: Class version 65 required is higher than the class version supported by the current version of Mixin (JAVA_17 supports class version 61)
[05May2026 00:44:04.759] [pool-23-thread-1/DEBUG] [mixin/]: Mixing LegacyRandomSourceMixin from structureessentials.mixins.json into net.minecraft.world.level.levelgen.LegacyRandomSource
[05May2026 00:44:04.774] [pool-23-thread-1/DEBUG] [mixin/]: Mixing ChunkGeneratorMixin from structureessentials.mixins.json into net.minecraft.world.level.chunk.ChunkGenerator
[05May2026 00:44:04.775] [pool-23-thread-1/DEBUG] [mixin/]: Mixing StructureMinDistanceDataHolder from structureessentials.mixins.json into net.minecraft.world.level.chunk.ChunkGenerator
[05May2026 00:44:04.776] [pool-23-thread-1/DEBUG] [mixin/]: Mixing StructureSearchSpeedupMixin from structureessentials.mixins.json into net.minecraft.world.level.chunk.ChunkGenerator
[05May2026 00:44:04.777] [pool-23-thread-1/DEBUG] [mixin/]: Mixing StructureSearchTimeoutMixin from structureessentials.mixins.json into net.minecraft.world.level.chunk.ChunkGenerator
[05May2026 00:44:04.777] [pool-23-thread-1/DEBUG] [mixin/]: Mixing server.MixinChunkGenerator from DistantHorizons.neoforge.mixins.json into net.minecraft.world.level.chunk.ChunkGenerator
[05May2026 00:44:04.777] [pool-23-thread-1/DEBUG] [mixin/]: Mixing server.MixinTFChunkGenerator from DistantHorizons.neoforge.mixins.json into net.minecraft.world.level.chunk.ChunkGenerator
[05May2026 00:44:04.777] [pool-23-thread-1/DEBUG] [mixin/]: Mixing ChunkGeneratorMixin from moonlight-common.mixins.json into net.minecraft.world.level.chunk.ChunkGenerator
[05May2026 00:44:04.777] [pool-23-thread-1/DEBUG] [mixin/]: moonlight-common.mixins.json:ChunkGeneratorMixin from mod moonlight: Class version 65 required is higher than the class version supported by the current version of Mixin (JAVA_17 supports class version 61)
[05May2026 00:44:04.795] [pool-23-thread-1/DEBUG] [mixin/]: structureessentials.mixins.json:StructureSearchSpeedupMixin from mod structureessentials->@Inject::onFind(Ljava/util/Set;Lnet/minecraft/world/level/LevelReader;Lnet/minecraft/world/level/StructureManager;ZLnet/minecraft/world/level/levelgen/structure/placement/StructurePlacement;Lnet/minecraft/world/level/ChunkPos;Lorg/spongepowered/asm/mixin/injection/callback/CallbackInfoReturnable;)V does use it's CallbackInfoReturnable
[05May2026 00:44:04.797] [pool-23-thread-1/DEBUG] [mixin/]: structureessentials.mixins.json:StructureSearchTimeoutMixin from mod structureessentials->@Inject::onSearchStart(Lnet/minecraft/server/level/ServerLevel;Lnet/minecraft/core/HolderSet;Lnet/minecraft/core/BlockPos;IZLorg/spongepowered/asm/mixin/injection/callback/CallbackInfoReturnable;)V doesn't use it's CallbackInfoReturnable
[05May2026 00:44:04.797] [pool-23-thread-1/DEBUG] [mixin/]: structureessentials.mixins.json:StructureSearchTimeoutMixin from mod structureessentials->@Inject::onSearchStart(Lnet/minecraft/server/level/ServerLevel;Lnet/minecraft/core/HolderSet;Lnet/minecraft/core/BlockPos;IZLorg/spongepowered/asm/mixin/injection/callback/CallbackInfoReturnable;)V has 0 override(s) in child classes
[05May2026 00:44:04.797] [pool-23-thread-1/DEBUG] [mixin/]: structureessentials.mixins.json:StructureSearchTimeoutMixin from mod structureessentials->@Inject::onSearchStart(Lnet/minecraft/server/level/ServerLevel;Lnet/minecraft/core/HolderSet;Lnet/minecraft/core/BlockPos;IZLorg/spongepowered/asm/mixin/injection/callback/CallbackInfoReturnable;)V won't be passed a CallbackInfoReturnable as a result
[05May2026 00:44:04.797] [pool-23-thread-1/DEBUG] [mixin/]: structureessentials.mixins.json:StructureSearchTimeoutMixin from mod structureessentials->@Inject::onSearchTiming(Ljava/util/Set;Lnet/minecraft/server/level/ServerLevel;Lnet/minecraft/world/level/StructureManager;Lnet/minecraft/core/BlockPos;ZLnet/minecraft/world/level/levelgen/structure/placement/ConcentricRingsStructurePlacement;Lorg/spongepowered/asm/mixin/injection/callback/CallbackInfoReturnable;)V does use it's CallbackInfoReturnable
[05May2026 00:44:04.797] [pool-23-thread-1/DEBUG] [mixin/]: structureessentials.mixins.json:StructureSearchTimeoutMixin from mod structureessentials->@Inject::onSearchStartStaticTiming(Ljava/util/Set;Lnet/minecraft/world/level/LevelReader;Lnet/minecraft/world/level/StructureManager;IIIZJLnet/minecraft/world/level/levelgen/structure/placement/RandomSpreadStructurePlacement;Lorg/spongepowered/asm/mixin/injection/callback/CallbackInfoReturnable;)V does use it's CallbackInfoReturnable
[05May2026 00:44:04.797] [pool-23-thread-1/DEBUG] [mixin/]: moonlight-common.mixins.json:ChunkGeneratorMixin from mod moonlight->@Inject::ml$getSpecialSpawnsOverrides(Lnet/minecraft/core/Holder;Lnet/minecraft/world/level/StructureManager;Lnet/minecraft/world/entity/MobCategory;Lnet/minecraft/core/BlockPos;Lorg/spongepowered/asm/mixin/injection/callback/CallbackInfoReturnable;)V does use it's CallbackInfoReturnable
[05May2026 00:44:04.821] [pool-23-thread-1/DEBUG] [mixin/]: Mixing perf.forge_registry_alloc.DebugLevelSourceMixin from modernfix-modernfix.mixins.json into net.minecraft.world.level.levelgen.DebugLevelSource
[05May2026 00:44:04.836] [pool-23-thread-1/DEBUG] [mixin/]: Mixing perf.optimize_surface_rules.SequenceRuleSourceMixin from modernfix-modernfix.mixins.json into net.minecraft.world.level.levelgen.SurfaceRules$SequenceRuleSource
[05May2026 00:44:04.847] [pool-23-thread-1/DEBUG] [mixin/]: modernfix-modernfix.mixins.json:perf.optimize_surface_rules.SequenceRuleSourceMixin from mod modernfix->@Inject::optimizeApply(Lnet/minecraft/world/level/levelgen/SurfaceRules$Context;Lorg/spongepowered/asm/mixin/injection/callback/CallbackInfoReturnable;)V does use it's CallbackInfoReturnable
[05May2026 00:44:04.909] [pool-23-thread-1/DEBUG] [mixin/]: Mixing ClickEventMixin from kubejs.mixins.json into net.minecraft.network.chat.ClickEvent
[05May2026 00:44:04.928] [pool-23-thread-1/DEBUG] [mixin/]: Mixing VariantPredicateAccessor from emi_loot.mixins.json into net.minecraft.advancements.critereon.EntitySubPredicates$EntityVariantPredicateType$Instance
[05May2026 00:44:04.936] [pool-23-thread-1/DEBUG] [mixin/]: Mixing EnchantmentsPredicateAccessor from emi_loot.mixins.json into net.minecraft.advancements.critereon.ItemEnchantmentsPredicate
[05May2026 00:44:04.955] [pool-23-thread-1/DEBUG] [mixin/]: Mixing DamageSourceMixin from kubejs.mixins.json into net.minecraft.world.damagesource.DamageSource
[05May2026 00:44:04.955] [pool-23-thread-1/DEBUG] [mixin/]: Mixing DamageSourceMixin from apotheosis.mixins.json into net.minecraft.world.damagesource.DamageSource
[05May2026 00:44:04.956] [pool-23-thread-1/DEBUG] [mixin/]: apotheosis.mixins.json:DamageSourceMixin from mod apotheosis->@Inject::apoth_isSourceInExtraTags(Lnet/minecraft/tags/TagKey;Lorg/spongepowered/asm/mixin/injection/callback/CallbackInfoReturnable;)V does use it's CallbackInfoReturnable
[05May2026 00:44:04.973] [pool-23-thread-1/DEBUG] [net.neoforged.coremod.transformer.CoreModBaseTransformer/COREMOD]: Transforming net/minecraft/world/item/enchantment/providers/SingleEnchantment
[05May2026 00:44:04.975] [pool-23-thread-1/INFO] [net.neoforged.coremod.CoreMod.apothic_enchanting/COREMODLOG]: Replaced 1 calls to Enchantment#getMaxLevel() in net/minecraft/world/item/enchantment/providers/SingleEnchantment
[05May2026 00:44:05.017] [pool-23-thread-1/INFO] [net.minecraft.server.Bootstrap/]: Vanilla bootstrap took 2813 milliseconds
[05May2026 00:44:05.023] [main/DEBUG] [mixin/]: Mixing core.MixinRenderLayer from immediatelyfast-common.mixins.json into net.minecraft.client.renderer.RenderType
[05May2026 00:44:05.024] [main/DEBUG] [mixin/]: immediatelyfast-common.mixins.json:core.MixinRenderLayer from mod immediatelyfast: Class version 65 required is higher than the class version supported by the current version of Mixin (JAVA_17 supports class version 61)
[05May2026 00:44:05.032] [main/DEBUG] [mixin/]: Mixing ability.nightvision.client.GameRendererMixin from mixins.artifacts.common.json into net.minecraft.client.renderer.GameRenderer
[05May2026 00:44:05.032] [main/DEBUG] [mixin/]: Renaming synthetic method lambda$getNightVisionScale$0(Ljava/lang/Double;Lnet/minecraft/world/item/ItemStack;Lartifacts/config/value/Value;)Ljava/lang/Double; to md9b8020$artifacts$lambda$getNightVisionScale$0$0 in mixins.artifacts.common.json:ability.nightvision.client.GameRendererMixin from mod artifacts
[05May2026 00:44:05.033] [main/DEBUG] [mixin/]: Mixing render.GameRendererMixin from reliquified_artifacts.mixins.json into net.minecraft.client.renderer.GameRenderer
[05May2026 00:44:05.033] [main/DEBUG] [mixin/]: reliquified_artifacts.mixins.json:render.GameRendererMixin from mod reliquified_artifacts: Class version 65 required is higher than the class version supported by the current version of Mixin (JAVA_8 supports class version 52)
[05May2026 00:44:05.033] [main/DEBUG] [mixin/]: Mixing GameRendererMixin from relics.mixins.json into net.minecraft.client.renderer.GameRenderer
[05May2026 00:44:05.036] [main/DEBUG] [mixin/]: Mixing chromatic_aberration.GameRendererMixin from relics.mixins.json into net.minecraft.client.renderer.GameRenderer
[05May2026 00:44:05.036] [main/DEBUG] [mixin/]: Mixing shakes.GameRendererMixin from relics.mixins.json into net.minecraft.client.renderer.GameRenderer
[05May2026 00:44:05.038] [main/DEBUG] [mixin/]: Mixing GameRendererMixin from kubejs.mixins.json into net.minecraft.client.renderer.GameRenderer
[05May2026 00:44:05.038] [main/DEBUG] [mixin/]: Mixing GameRendererMixin from moonlight-common.mixins.json into net.minecraft.client.renderer.GameRenderer
[05May2026 00:44:05.038] [main/DEBUG] [mixin/]: moonlight-common.mixins.json:GameRendererMixin from mod moonlight: Class version 65 required is higher than the class version supported by the current version of Mixin (JAVA_17 supports class version 61)
[05May2026 00:44:05.038] [main/DEBUG] [mixin/]: Mixing GameRendererMixin from supermartijn642corelib.mixins.json into net.minecraft.client.renderer.GameRenderer
[05May2026 00:44:05.038] [main/DEBUG] [mixin/]: supermartijn642corelib.mixins.json:GameRendererMixin from mod supermartijn642corelib: Class version 65 required is higher than the class version supported by the current version of Mixin (JAVA_17 supports class version 61)
[05May2026 00:44:05.038] [main/DEBUG] [mixin/]: Mixing core.MixinGameRenderer from immediatelyfast-common.mixins.json into net.minecraft.client.renderer.GameRenderer
[05May2026 00:44:05.038] [main/DEBUG] [mixin/]: immediatelyfast-common.mixins.json:core.MixinGameRenderer from mod immediatelyfast: Class version 65 required is higher than the class version supported by the current version of Mixin (JAVA_17 supports class version 61)
[05May2026 00:44:05.039] [main/DEBUG] [mixin/]: Mixing core.compat.MixinGameRenderer from immediatelyfast-common.mixins.json into net.minecraft.client.renderer.GameRenderer
[05May2026 00:44:05.039] [main/DEBUG] [mixin/]: immediatelyfast-common.mixins.json:core.compat.MixinGameRenderer from mod immediatelyfast: Class version 65 required is higher than the class version supported by the current version of Mixin (JAVA_17 supports class version 61)
[05May2026 00:44:05.043] [main/DEBUG] [mixin/]: Mixing hud_batching.MixinGameRenderer from immediatelyfast-common.mixins.json into net.minecraft.client.renderer.GameRenderer
[05May2026 00:44:05.043] [main/DEBUG] [mixin/]: immediatelyfast-common.mixins.json:hud_batching.MixinGameRenderer from mod immediatelyfast: Class version 65 required is higher than the class version supported by the current version of Mixin (JAVA_17 supports class version 61)
[05May2026 00:44:05.043] [main/DEBUG] [mixin/]: Renaming synthetic method lambda$hudBatching$0(Lcom/llamalad7/mixinextras/injector/wrapoperation/Operation;Lnet/minecraft/client/gui/Gui;Lnet/minecraft/client/gui/GuiGraphics;Lnet/minecraft/client/DeltaTracker;)V to md9b8020$immediatelyfast$lambda$hudBatching$0$1 in immediatelyfast-common.mixins.json:hud_batching.MixinGameRenderer from mod immediatelyfast
[05May2026 00:44:05.044] [main/DEBUG] [mixin/]: Mixing GameRendererMixin from octolib-common.mixins.json into net.minecraft.client.renderer.GameRenderer
[05May2026 00:44:05.044] [main/DEBUG] [mixin/]: Mixing chromatic_aberration.GameRendererMixin from octolib-common.mixins.json into net.minecraft.client.renderer.GameRenderer
[05May2026 00:44:05.045] [main/DEBUG] [mixin/]: Mixing post_effect.GameRendererMixin from octolib-common.mixins.json into net.minecraft.client.renderer.GameRenderer
[05May2026 00:44:05.045] [main/DEBUG] [mixin/]: Renaming @Unique field relics$postEffectsLjava/util/Map; to fd9b8020$octolib$relics$postEffects$0 in octolib-common.mixins.json:post_effect.GameRendererMixin from mod octolib
[05May2026 00:44:05.054] [main/DEBUG] [mixin/]: reliquified_artifacts.mixins.json:render.GameRendererMixin from mod reliquified_artifacts->@Inject::getNightVisionScale(Lnet/minecraft/world/entity/LivingEntity;FLorg/spongepowered/asm/mixin/injection/callback/CallbackInfoReturnable;)V does use it's CallbackInfoReturnable
[05May2026 00:44:05.054] [main/DEBUG] [mixin/]: relics.mixins.json:GameRendererMixin from mod relics->@Inject::relics$onRenderPre(Lnet/minecraft/client/DeltaTracker;ZLorg/spongepowered/asm/mixin/injection/callback/CallbackInfo;)V doesn't use it's CallbackInfo
[05May2026 00:44:05.054] [main/DEBUG] [mixin/]: relics.mixins.json:GameRendererMixin from mod relics->@Inject::relics$onRenderPre(Lnet/minecraft/client/DeltaTracker;ZLorg/spongepowered/asm/mixin/injection/callback/CallbackInfo;)V has 0 override(s) in child classes
[05May2026 00:44:05.054] [main/DEBUG] [mixin/]: relics.mixins.json:GameRendererMixin from mod relics->@Inject::relics$onRenderPre(Lnet/minecraft/client/DeltaTracker;ZLorg/spongepowered/asm/mixin/injection/callback/CallbackInfo;)V won't be passed a CallbackInfo as a result
[05May2026 00:44:05.054] [main/DEBUG] [mixin/]: relics.mixins.json:GameRendererMixin from mod relics->@Inject::relics$onRenderPost(Lnet/minecraft/client/DeltaTracker;ZLorg/spongepowered/asm/mixin/injection/callback/CallbackInfo;)V doesn't use it's CallbackInfo
[05May2026 00:44:05.054] [main/DEBUG] [mixin/]: relics.mixins.json:GameRendererMixin from mod relics->@Inject::relics$onRenderPost(Lnet/minecraft/client/DeltaTracker;ZLorg/spongepowered/asm/mixin/injection/callback/CallbackInfo;)V has 0 override(s) in child classes
[05May2026 00:44:05.054] [main/DEBUG] [mixin/]: relics.mixins.json:GameRendererMixin from mod relics->@Inject::relics$onRenderPost(Lnet/minecraft/client/DeltaTracker;ZLorg/spongepowered/asm/mixin/injection/callback/CallbackInfo;)V won't be passed a CallbackInfo as a result
[05May2026 00:44:05.054] [main/DEBUG] [mixin/]: relics.mixins.json:GameRendererMixin from mod relics->@Inject::relics$onResize(IILorg/spongepowered/asm/mixin/injection/callback/CallbackInfo;)V doesn't use it's CallbackInfo
[05May2026 00:44:05.054] [main/DEBUG] [mixin/]: relics.mixins.json:GameRendererMixin from mod relics->@Inject::relics$onResize(IILorg/spongepowered/asm/mixin/injection/callback/CallbackInfo;)V has 0 override(s) in child classes
[05May2026 00:44:05.054] [main/DEBUG] [mixin/]: relics.mixins.json:GameRendererMixin from mod relics->@Inject::relics$onResize(IILorg/spongepowered/asm/mixin/injection/callback/CallbackInfo;)V won't be passed a CallbackInfo as a result
[05May2026 00:44:05.054] [main/DEBUG] [mixin/]: relics.mixins.json:chromatic_aberration.GameRendererMixin from mod relics->@Inject::onTick(Lorg/spongepowered/asm/mixin/injection/callback/CallbackInfo;)V doesn't use it's CallbackInfo
[05May2026 00:44:05.054] [main/DEBUG] [mixin/]: relics.mixins.json:chromatic_aberration.GameRendererMixin from mod relics->@Inject::onTick(Lorg/spongepowered/asm/mixin/injection/callback/CallbackInfo;)V has 0 override(s) in child classes
[05May2026 00:44:05.054] [main/DEBUG] [mixin/]: relics.mixins.json:chromatic_aberration.GameRendererMixin from mod relics->@Inject::onTick(Lorg/spongepowered/asm/mixin/injection/callback/CallbackInfo;)V won't be passed a CallbackInfo as a result
[05May2026 00:44:05.054] [main/DEBUG] [mixin/]: relics.mixins.json:shakes.GameRendererMixin from mod relics->@Inject::onTick(Lorg/spongepowered/asm/mixin/injection/callback/CallbackInfo;)V doesn't use it's CallbackInfo
[05May2026 00:44:05.054] [main/DEBUG] [mixin/]: relics.mixins.json:shakes.GameRendererMixin from mod relics->@Inject::onTick(Lorg/spongepowered/asm/mixin/injection/callback/CallbackInfo;)V has 0 override(s) in child classes
[05May2026 00:44:05.054] [main/DEBUG] [mixin/]: relics.mixins.json:shakes.GameRendererMixin from mod relics->@Inject::onTick(Lorg/spongepowered/asm/mixin/injection/callback/CallbackInfo;)V won't be passed a CallbackInfo as a result
[05May2026 00:44:05.054] [main/DEBUG] [mixin/]: kubejs.mixins.json:GameRendererMixin from mod kubejs->@Inject::kjs$checkEntityPostEffect(Lorg/spongepowered/asm/mixin/injection/callback/CallbackInfo;)V does use it's CallbackInfo
[05May2026 00:44:05.054] [main/DEBUG] [mixin/]: supermartijn642corelib.mixins.json:GameRendererMixin from mod supermartijn642corelib->@Inject::changeCursor(Lnet/minecraft/client/DeltaTracker;ZLorg/spongepowered/asm/mixin/injection/callback/CallbackInfo;)V doesn't use it's CallbackInfo
[05May2026 00:44:05.054] [main/DEBUG] [mixin/]: supermartijn642corelib.mixins.json:GameRendererMixin from mod supermartijn642corelib->@Inject::changeCursor(Lnet/minecraft/client/DeltaTracker;ZLorg/spongepowered/asm/mixin/injection/callback/CallbackInfo;)V has 0 override(s) in child classes
[05May2026 00:44:05.054] [main/DEBUG] [mixin/]: supermartijn642corelib.mixins.json:GameRendererMixin from mod supermartijn642corelib->@Inject::changeCursor(Lnet/minecraft/client/DeltaTracker;ZLorg/spongepowered/asm/mixin/injection/callback/CallbackInfo;)V won't be passed a CallbackInfo as a result
[05May2026 00:44:05.054] [main/DEBUG] [mixin/]: immediatelyfast-common.mixins.json:core.MixinGameRenderer from mod immediatelyfast->@Inject::drawDataFromModsWhichRenderIntoTheWrongBuffer(Lnet/minecraft/client/DeltaTracker;ZLorg/spongepowered/asm/mixin/injection/callback/CallbackInfo;)V doesn't use it's CallbackInfo
[05May2026 00:44:05.054] [main/DEBUG] [mixin/]: immediatelyfast-common.mixins.json:core.MixinGameRenderer from mod immediatelyfast->@Inject::drawDataFromModsWhichRenderIntoTheWrongBuffer(Lnet/minecraft/client/DeltaTracker;ZLorg/spongepowered/asm/mixin/injection/callback/CallbackInfo;)V has 0 override(s) in child classes
[05May2026 00:44:05.054] [main/DEBUG] [mixin/]: immediatelyfast-common.mixins.json:core.MixinGameRenderer from mod immediatelyfast->@Inject::drawDataFromModsWhichRenderIntoTheWrongBuffer(Lnet/minecraft/client/DeltaTracker;ZLorg/spongepowered/asm/mixin/injection/callback/CallbackInfo;)V won't be passed a CallbackInfo as a result
[05May2026 00:44:05.054] [main/DEBUG] [mixin/]: immediatelyfast-common.mixins.json:core.compat.MixinGameRenderer from mod immediatelyfast->@Inject::checkForCoreShaderModifications(Lnet/minecraft/server/packs/resources/ResourceProvider;Lorg/spongepowered/asm/mixin/injection/callback/CallbackInfo;)V doesn't use it's CallbackInfo
[05May2026 00:44:05.054] [main/DEBUG] [mixin/]: immediatelyfast-common.mixins.json:core.compat.MixinGameRenderer from mod immediatelyfast->@Inject::checkForCoreShaderModifications(Lnet/minecraft/server/packs/resources/ResourceProvider;Lorg/spongepowered/asm/mixin/injection/callback/CallbackInfo;)V has 0 override(s) in child classes
[05May2026 00:44:05.054] [main/DEBUG] [mixin/]: immediatelyfast-common.mixins.json:core.compat.MixinGameRenderer from mod immediatelyfast->@Inject::checkForCoreShaderModifications(Lnet/minecraft/server/packs/resources/ResourceProvider;Lorg/spongepowered/asm/mixin/injection/callback/CallbackInfo;)V won't be passed a CallbackInfo as a result
[05May2026 00:44:05.054] [main/DEBUG] [mixin/]: octolib-common.mixins.json:GameRendererMixin from mod octolib->@Inject::renderTick(Lnet/minecraft/client/DeltaTracker;ZLorg/spongepowered/asm/mixin/injection/callback/CallbackInfo;)V doesn't use it's CallbackInfo
[05May2026 00:44:05.054] [main/DEBUG] [mixin/]: octolib-common.mixins.json:GameRendererMixin from mod octolib->@Inject::renderTick(Lnet/minecraft/client/DeltaTracker;ZLorg/spongepowered/asm/mixin/injection/callback/CallbackInfo;)V has 0 override(s) in child classes
[05May2026 00:44:05.054] [main/DEBUG] [mixin/]: octolib-common.mixins.json:GameRendererMixin from mod octolib->@Inject::renderTick(Lnet/minecraft/client/DeltaTracker;ZLorg/spongepowered/asm/mixin/injection/callback/CallbackInfo;)V won't be passed a CallbackInfo as a result
[05May2026 00:44:05.054] [main/DEBUG] [mixin/]: octolib-common.mixins.json:chromatic_aberration.GameRendererMixin from mod octolib->@Inject::onTick(Lorg/spongepowered/asm/mixin/injection/callback/CallbackInfo;)V doesn't use it's CallbackInfo
[05May2026 00:44:05.054] [main/DEBUG] [mixin/]: octolib-common.mixins.json:chromatic_aberration.GameRendererMixin from mod octolib->@Inject::onTick(Lorg/spongepowered/asm/mixin/injection/callback/CallbackInfo;)V has 0 override(s) in child classes
[05May2026 00:44:05.054] [main/DEBUG] [mixin/]: octolib-common.mixins.json:chromatic_aberration.GameRendererMixin from mod octolib->@Inject::onTick(Lorg/spongepowered/asm/mixin/injection/callback/CallbackInfo;)V won't be passed a CallbackInfo as a result
[05May2026 00:44:05.054] [main/DEBUG] [mixin/]: octolib-common.mixins.json:post_effect.GameRendererMixin from mod octolib->@Inject::relics$onRenderPre(Lnet/minecraft/client/DeltaTracker;ZLorg/spongepowered/asm/mixin/injection/callback/CallbackInfo;)V doesn't use it's CallbackInfo
[05May2026 00:44:05.054] [main/DEBUG] [mixin/]: octolib-common.mixins.json:post_effect.GameRendererMixin from mod octolib->@Inject::relics$onRenderPre(Lnet/minecraft/client/DeltaTracker;ZLorg/spongepowered/asm/mixin/injection/callback/CallbackInfo;)V has 0 override(s) in child classes
[05May2026 00:44:05.054] [main/DEBUG] [mixin/]: octolib-common.mixins.json:post_effect.GameRendererMixin from mod octolib->@Inject::relics$onRenderPre(Lnet/minecraft/client/DeltaTracker;ZLorg/spongepowered/asm/mixin/injection/callback/CallbackInfo;)V won't be passed a CallbackInfo as a result
[05May2026 00:44:05.054] [main/DEBUG] [mixin/]: octolib-common.mixins.json:post_effect.GameRendererMixin from mod octolib->@Inject::relics$onRenderPost(Lnet/minecraft/client/DeltaTracker;ZLorg/spongepowered/asm/mixin/injection/callback/CallbackInfo;)V doesn't use it's CallbackInfo
[05May2026 00:44:05.054] [main/DEBUG] [mixin/]: octolib-common.mixins.json:post_effect.GameRendererMixin from mod octolib->@Inject::relics$onRenderPost(Lnet/minecraft/client/DeltaTracker;ZLorg/spongepowered/asm/mixin/injection/callback/CallbackInfo;)V has 0 override(s) in child classes
[05May2026 00:44:05.054] [main/DEBUG] [mixin/]: octolib-common.mixins.json:post_effect.GameRendererMixin from mod octolib->@Inject::relics$onRenderPost(Lnet/minecraft/client/DeltaTracker;ZLorg/spongepowered/asm/mixin/injection/callback/CallbackInfo;)V won't be passed a CallbackInfo as a result
[05May2026 00:44:05.054] [main/DEBUG] [mixin/]: octolib-common.mixins.json:post_effect.GameRendererMixin from mod octolib->@Inject::relics$onResize(IILorg/spongepowered/asm/mixin/injection/callback/CallbackInfo;)V doesn't use it's CallbackInfo
[05May2026 00:44:05.054] [main/DEBUG] [mixin/]: octolib-common.mixins.json:post_effect.GameRendererMixin from mod octolib->@Inject::relics$onResize(IILorg/spongepowered/asm/mixin/injection/callback/CallbackInfo;)V has 0 override(s) in child classes
[05May2026 00:44:05.054] [main/DEBUG] [mixin/]: octolib-common.mixins.json:post_effect.GameRendererMixin from mod octolib->@Inject::relics$onResize(IILorg/spongepowered/asm/mixin/injection/callback/CallbackInfo;)V won't be passed a CallbackInfo as a result
[05May2026 00:44:05.062] [main/DEBUG] [mixin/]: Mixing core.MixinVertexConsumerProvider from immediatelyfast-common.mixins.json into net.minecraft.client.renderer.MultiBufferSource
[05May2026 00:44:05.062] [main/DEBUG] [mixin/]: immediatelyfast-common.mixins.json:core.MixinVertexConsumerProvider from mod immediatelyfast: Class version 65 required is higher than the class version supported by the current version of Mixin (JAVA_17 supports class version 61)
[05May2026 00:44:05.074] [main/DEBUG] [mixin/]: Mixing VertexFormatElementMixin from tenshilib.mixins.json into com.mojang.blaze3d.vertex.VertexFormatElement
[05May2026 00:44:05.074] [main/DEBUG] [mixin/]: tenshilib.mixins.json:VertexFormatElementMixin from mod tenshilib: Class version 65 required is higher than the class version supported by the current version of Mixin (JAVA_16 supports class version 60)
[05May2026 00:44:05.074] [main/DEBUG] [mixin/]: Renaming @Accessor method fetchIdLookup()[Lcom/mojang/blaze3d/vertex/VertexFormatElement; to fetchIdLookup$tenshilib_$md$9b8020$0 in tenshilib.mixins.json:VertexFormatElementMixin from mod tenshilib
[05May2026 00:44:05.074] [main/DEBUG] [mixin/]: Renaming @Accessor method updateIdLookup([Lcom/mojang/blaze3d/vertex/VertexFormatElement;)V to updateIdLookup$tenshilib_$md$9b8020$1 in tenshilib.mixins.json:VertexFormatElementMixin from mod tenshilib
[05May2026 00:44:05.081] [main/DEBUG] [mixin/]: Mixing ItemRendererMixin from relics.mixins.json into net.minecraft.client.renderer.entity.ItemRenderer
[05May2026 00:44:05.081] [main/DEBUG] [mixin/]: Mixing ItemRendererMixin from fusion.mixins.json into net.minecraft.client.renderer.entity.ItemRenderer
[05May2026 00:44:05.083] [main/DEBUG] [mixin/]: fusion.mixins.json:ItemRendererMixin from mod fusion: Class version 65 required is higher than the class version supported by the current version of Mixin (JAVA_17 supports class version 61)
[05May2026 00:44:05.083] [main/DEBUG] [mixin/]: Mixing accessor.ItemRendererAccessor from emi.mixins.json into net.minecraft.client.renderer.entity.ItemRenderer
[05May2026 00:44:05.083] [main/DEBUG] [mixin/]: emi.mixins.json:accessor.ItemRendererAccessor from mod emi: Class version 65 required is higher than the class version supported by the current version of Mixin (JAVA_17 supports class version 61)
[05May2026 00:44:05.083] [main/DEBUG] [mixin/]: Mixing hud_batching.MixinItemRenderer from immediatelyfast-common.mixins.json into net.minecraft.client.renderer.entity.ItemRenderer
[05May2026 00:44:05.083] [main/DEBUG] [mixin/]: immediatelyfast-common.mixins.json:hud_batching.MixinItemRenderer from mod immediatelyfast: Class version 65 required is higher than the class version supported by the current version of Mixin (JAVA_17 supports class version 61)
[05May2026 00:44:05.093] [main/DEBUG] [mixin/]: fusion.mixins.json:ItemRendererMixin from mod fusion->@Inject::renderQuadList(Lorg/spongepowered/asm/mixin/injection/callback/CallbackInfo;)V doesn't use it's CallbackInfo
[05May2026 00:44:05.095] [main/DEBUG] [mixin/]: fusion.mixins.json:ItemRendererMixin from mod fusion->@Inject::renderQuadList(Lorg/spongepowered/asm/mixin/injection/callback/CallbackInfo;)V has 0 override(s) in child classes
[05May2026 00:44:05.095] [main/DEBUG] [mixin/]: fusion.mixins.json:ItemRendererMixin from mod fusion->@Inject::renderQuadList(Lorg/spongepowered/asm/mixin/injection/callback/CallbackInfo;)V won't be passed a CallbackInfo as a result
[05May2026 00:44:05.098] [main/DEBUG] [mixin/]: Mixing ItemModelShaperMixin from fusion.mixins.json into net.minecraft.client.renderer.ItemModelShaper
[05May2026 00:44:05.098] [main/DEBUG] [mixin/]: fusion.mixins.json:ItemModelShaperMixin from mod fusion: Class version 65 required is higher than the class version supported by the current version of Mixin (JAVA_17 supports class version 61)
[05May2026 00:44:05.100] [main/DEBUG] [mixin/]: Mixing ModelResourceLocationMixin from ferritecore.mrl.mixin.json into net.minecraft.client.resources.model.ModelResourceLocation
[05May2026 00:44:05.100] [main/DEBUG] [mixin/]: ferritecore.mrl.mixin.json:ModelResourceLocationMixin from mod ferritecore: Class version 65 required is higher than the class version supported by the current version of Mixin (JAVA_17 supports class version 61)
[05May2026 00:44:05.101] [main/DEBUG] [mixin/]: ferritecore.mrl.mixin.json:ModelResourceLocationMixin from mod ferritecore->@Inject::constructTail(Lnet/minecraft/resources/ResourceLocation;Ljava/lang/String;Lorg/spongepowered/asm/mixin/injection/callback/CallbackInfo;)V doesn't use it's CallbackInfo
[05May2026 00:44:05.109] [main/DEBUG] [mixin/]: Mixing client.LevelRendererMixin from geckolib.mixins.json into net.minecraft.client.renderer.LevelRenderer
[05May2026 00:44:05.109] [main/DEBUG] [mixin/]: geckolib.mixins.json:client.LevelRendererMixin from mod geckolib: Class version 65 required is higher than the class version supported by the current version of Mixin (JAVA_17 supports class version 61)
[05May2026 00:44:05.109] [main/DEBUG] [mixin/]: Renaming synthetic method lambda$geckolib$captureRenderedEntities$0(I)D to md9b8020$geckolib$lambda$geckolib$captureRenderedEntities$0$0 in geckolib.mixins.json:client.LevelRendererMixin from mod geckolib
[05May2026 00:44:05.110] [main/DEBUG] [mixin/]: Mixing client.MixinLevelRenderer from DistantHorizons.neoforge.mixins.json into net.minecraft.client.renderer.LevelRenderer
[05May2026 00:44:05.112] [main/DEBUG] [mixin/]: Mixing LevelRendererMixin from kubejs.mixins.json into net.minecraft.client.renderer.LevelRenderer
[05May2026 00:44:05.113] [main/DEBUG] [mixin/]: Mixing LevelRendererMixin from supermartijn642corelib.mixins.json into net.minecraft.client.renderer.LevelRenderer
[05May2026 00:44:05.113] [main/DEBUG] [mixin/]: supermartijn642corelib.mixins.json:LevelRendererMixin from mod supermartijn642corelib: Class version 65 required is higher than the class version supported by the current version of Mixin (JAVA_17 supports class version 61)
[05May2026 00:44:05.113] [main/DEBUG] [mixin/]: Mixing client.MixinLevelRenderer from patchouli_xplat.mixins.json into net.minecraft.client.renderer.LevelRenderer
[05May2026 00:44:05.116] [main/DEBUG] [mixin/]: geckolib.mixins.json:client.LevelRendererMixin from mod geckolib->@Inject::geckolib$captureRenderedEntities(Lnet/minecraft/client/DeltaTracker;ZLnet/minecraft/client/Camera;Lnet/minecraft/client/renderer/GameRenderer;Lnet/minecraft/client/renderer/LightTexture;Lorg/joml/Matrix4f;Lorg/joml/Matrix4f;Lorg/spongepowered/asm/mixin/injection/callback/CallbackInfo;)V doesn't use it's CallbackInfo
[05May2026 00:44:05.117] [main/DEBUG] [mixin/]: geckolib.mixins.json:client.LevelRendererMixin from mod geckolib->@Inject::geckolib$captureRenderedEntities(Lnet/minecraft/client/DeltaTracker;ZLnet/minecraft/client/Camera;Lnet/minecraft/client/renderer/GameRenderer;Lnet/minecraft/client/renderer/LightTexture;Lorg/joml/Matrix4f;Lorg/joml/Matrix4f;Lorg/spongepowered/asm/mixin/injection/callback/CallbackInfo;)V has 0 override(s) in child classes
[05May2026 00:44:05.117] [main/DEBUG] [mixin/]: geckolib.mixins.json:client.LevelRendererMixin from mod geckolib->@Inject::geckolib$captureRenderedEntities(Lnet/minecraft/client/DeltaTracker;ZLnet/minecraft/client/Camera;Lnet/minecraft/client/renderer/GameRenderer;Lnet/minecraft/client/renderer/LightTexture;Lorg/joml/Matrix4f;Lorg/joml/Matrix4f;Lorg/spongepowered/asm/mixin/injection/callback/CallbackInfo;)V won't be passed a CallbackInfo as a result
[05May2026 00:44:05.117] [main/DEBUG] [mixin/]: DistantHorizons.neoforge.mixins.json:client.MixinLevelRenderer from mod distanthorizons->@Inject::renderChunkLayer(Lnet/minecraft/client/renderer/RenderType;DDDLorg/joml/Matrix4f;Lorg/joml/Matrix4f;Lorg/spongepowered/asm/mixin/injection/callback/CallbackInfo;)V doesn't use it's CallbackInfo
[05May2026 00:44:05.117] [main/DEBUG] [mixin/]: DistantHorizons.neoforge.mixins.json:client.MixinLevelRenderer from mod distanthorizons->@Inject::renderChunkLayer(Lnet/minecraft/client/renderer/RenderType;DDDLorg/joml/Matrix4f;Lorg/joml/Matrix4f;Lorg/spongepowered/asm/mixin/injection/callback/CallbackInfo;)V has 0 override(s) in child classes
[05May2026 00:44:05.117] [main/DEBUG] [mixin/]: DistantHorizons.neoforge.mixins.json:client.MixinLevelRenderer from mod distanthorizons->@Inject::renderChunkLayer(Lnet/minecraft/client/renderer/RenderType;DDDLorg/joml/Matrix4f;Lorg/joml/Matrix4f;Lorg/spongepowered/asm/mixin/injection/callback/CallbackInfo;)V won't be passed a CallbackInfo as a result
[05May2026 00:44:05.117] [main/DEBUG] [mixin/]: kubejs.mixins.json:LevelRendererMixin from mod kubejs->@Inject::kjs$loadPostChains(Lorg/spongepowered/asm/mixin/injection/callback/CallbackInfo;)V doesn't use it's CallbackInfo
[05May2026 00:44:05.117] [main/DEBUG] [mixin/]: kubejs.mixins.json:LevelRendererMixin from mod kubejs->@Inject::kjs$loadPostChains(Lorg/spongepowered/asm/mixin/injection/callback/CallbackInfo;)V has 0 override(s) in child classes
[05May2026 00:44:05.117] [main/DEBUG] [mixin/]: kubejs.mixins.json:LevelRendererMixin from mod kubejs->@Inject::kjs$loadPostChains(Lorg/spongepowered/asm/mixin/injection/callback/CallbackInfo;)V won't be passed a CallbackInfo as a result
[05May2026 00:44:05.117] [main/DEBUG] [mixin/]: kubejs.mixins.json:LevelRendererMixin from mod kubejs->@Inject::kjs$resizePostChains(IILorg/spongepowered/asm/mixin/injection/callback/CallbackInfo;)V doesn't use it's CallbackInfo
[05May2026 00:44:05.117] [main/DEBUG] [mixin/]: kubejs.mixins.json:LevelRendererMixin from mod kubejs->@Inject::kjs$resizePostChains(IILorg/spongepowered/asm/mixin/injection/callback/CallbackInfo;)V has 0 override(s) in child classes
[05May2026 00:44:05.117] [main/DEBUG] [mixin/]: kubejs.mixins.json:LevelRendererMixin from mod kubejs->@Inject::kjs$resizePostChains(IILorg/spongepowered/asm/mixin/injection/callback/CallbackInfo;)V won't be passed a CallbackInfo as a result
[05May2026 00:44:05.117] [main/DEBUG] [mixin/]: kubejs.mixins.json:LevelRendererMixin from mod kubejs->@Inject::kjs$highlightBlock(Lcom/mojang/blaze3d/vertex/PoseStack;Lcom/mojang/blaze3d/vertex/VertexConsumer;Lnet/minecraft/world/entity/Entity;DDDLnet/minecraft/core/BlockPos;Lnet/minecraft/world/level/block/state/BlockState;Lorg/spongepowered/asm/mixin/injection/callback/CallbackInfo;)V does use it's CallbackInfo
[05May2026 00:44:05.117] [main/DEBUG] [mixin/]: supermartijn642corelib.mixins.json:LevelRendererMixin from mod supermartijn642corelib->@Inject::renderLevel(Lnet/minecraft/client/DeltaTracker;ZLnet/minecraft/client/Camera;Lnet/minecraft/client/renderer/GameRenderer;Lnet/minecraft/client/renderer/LightTexture;Lorg/joml/Matrix4f;Lorg/joml/Matrix4f;Lorg/spongepowered/asm/mixin/injection/callback/CallbackInfo;)V doesn't use it's CallbackInfo
[05May2026 00:44:05.117] [main/DEBUG] [mixin/]: supermartijn642corelib.mixins.json:LevelRendererMixin from mod supermartijn642corelib->@Inject::renderLevel(Lnet/minecraft/client/DeltaTracker;ZLnet/minecraft/client/Camera;Lnet/minecraft/client/renderer/GameRenderer;Lnet/minecraft/client/renderer/LightTexture;Lorg/joml/Matrix4f;Lorg/joml/Matrix4f;Lorg/spongepowered/asm/mixin/injection/callback/CallbackInfo;)V has 0 override(s) in child classes
[05May2026 00:44:05.117] [main/DEBUG] [mixin/]: supermartijn642corelib.mixins.json:LevelRendererMixin from mod supermartijn642corelib->@Inject::renderLevel(Lnet/minecraft/client/DeltaTracker;ZLnet/minecraft/client/Camera;Lnet/minecraft/client/renderer/GameRenderer;Lnet/minecraft/client/renderer/LightTexture;Lorg/joml/Matrix4f;Lorg/joml/Matrix4f;Lorg/spongepowered/asm/mixin/injection/callback/CallbackInfo;)V won't be passed a CallbackInfo as a result
[05May2026 00:44:05.117] [main/DEBUG] [mixin/]: patchouli_xplat.mixins.json:client.MixinLevelRenderer from mod patchouli->@Inject::onRender(Lnet/minecraft/client/DeltaTracker;ZLnet/minecraft/client/Camera;Lnet/minecraft/client/renderer/GameRenderer;Lnet/minecraft/client/renderer/LightTexture;Lorg/joml/Matrix4f;Lorg/joml/Matrix4f;Lorg/spongepowered/asm/mixin/injection/callback/CallbackInfo;)V doesn't use it's CallbackInfo
[05May2026 00:44:05.117] [main/DEBUG] [mixin/]: patchouli_xplat.mixins.json:client.MixinLevelRenderer from mod patchouli->@Inject::onRender(Lnet/minecraft/client/DeltaTracker;ZLnet/minecraft/client/Camera;Lnet/minecraft/client/renderer/GameRenderer;Lnet/minecraft/client/renderer/LightTexture;Lorg/joml/Matrix4f;Lorg/joml/Matrix4f;Lorg/spongepowered/asm/mixin/injection/callback/CallbackInfo;)V has 0 override(s) in child classes
[05May2026 00:44:05.117] [main/DEBUG] [mixin/]: patchouli_xplat.mixins.json:client.MixinLevelRenderer from mod patchouli->@Inject::onRender(Lnet/minecraft/client/DeltaTracker;ZLnet/minecraft/client/Camera;Lnet/minecraft/client/renderer/GameRenderer;Lnet/minecraft/client/renderer/LightTexture;Lorg/joml/Matrix4f;Lorg/joml/Matrix4f;Lorg/spongepowered/asm/mixin/injection/callback/CallbackInfo;)V won't be passed a CallbackInfo as a result
[05May2026 00:44:05.130] [main/DEBUG] [mixin/]: Mixing bugfix.entity_pose_stack.PoseStackAccessor from modernfix-modernfix.mixins.json into com.mojang.blaze3d.vertex.PoseStack
[05May2026 00:44:05.156] [Render thread/DEBUG] [mixin/]: Mixing hud_batching.compat.MixinRenderSystem from immediatelyfast-common.mixins.json into com.mojang.blaze3d.systems.RenderSystem
[05May2026 00:44:05.156] [Render thread/DEBUG] [mixin/]: immediatelyfast-common.mixins.json:hud_batching.compat.MixinRenderSystem from mod immediatelyfast: Class version 65 required is higher than the class version supported by the current version of Mixin (JAVA_17 supports class version 61)
[05May2026 00:44:05.156] [Render thread/DEBUG] [mixin/]: immediatelyfast-common.mixins.json:hud_batching.compat.MixinRenderSystem from mod immediatelyfast->@Inject::checkForModificationWhileBatching(Lorg/spongepowered/asm/mixin/injection/callback/CallbackInfo;)V doesn't use it's CallbackInfo
[05May2026 00:44:05.156] [Render thread/DEBUG] [mixin/]: immediatelyfast-common.mixins.json:hud_batching.compat.MixinRenderSystem from mod immediatelyfast->@Inject::checkForModificationWhileBatching(Lorg/spongepowered/asm/mixin/injection/callback/CallbackInfo;)V doesn't use it's CallbackInfo
[05May2026 00:44:05.156] [Render thread/DEBUG] [mixin/]: immediatelyfast-common.mixins.json:hud_batching.compat.MixinRenderSystem from mod immediatelyfast->@Inject::checkForModificationWhileBatching(Lorg/spongepowered/asm/mixin/injection/callback/CallbackInfo;)V doesn't use it's CallbackInfo
[05May2026 00:44:05.168] [Render thread/DEBUG] [mixin/]: Mixing ConditionHackMixin from moonlight.mixins.json into net.minecraft.server.packs.resources.SimplePreparableReloadListener
[05May2026 00:44:05.168] [Render thread/DEBUG] [mixin/]: moonlight.mixins.json:ConditionHackMixin from mod moonlight: Class version 65 required is higher than the class version supported by the current version of Mixin (JAVA_17 supports class version 61)
[05May2026 00:44:05.171] [Render thread/DEBUG] [mixin/]: moonlight.mixins.json:ConditionHackMixin from mod moonlight->@Inject::applyResourceConditions(Lnet/minecraft/server/packs/resources/ResourceManager;Lnet/minecraft/util/profiling/ProfilerFiller;Ljava/lang/Object;Lorg/spongepowered/asm/mixin/injection/callback/CallbackInfo;)V doesn't use it's CallbackInfo
[05May2026 00:44:05.171] [Render thread/DEBUG] [mixin/]: moonlight.mixins.json:ConditionHackMixin from mod moonlight->@Inject::applyResourceConditions(Lnet/minecraft/server/packs/resources/ResourceManager;Lnet/minecraft/util/profiling/ProfilerFiller;Ljava/lang/Object;Lorg/spongepowered/asm/mixin/injection/callback/CallbackInfo;)V has 0 override(s) in child classes
[05May2026 00:44:05.171] [Render thread/DEBUG] [mixin/]: moonlight.mixins.json:ConditionHackMixin from mod moonlight->@Inject::applyResourceConditions(Lnet/minecraft/server/packs/resources/ResourceManager;Lnet/minecraft/util/profiling/ProfilerFiller;Ljava/lang/Object;Lorg/spongepowered/asm/mixin/injection/callback/CallbackInfo;)V won't be passed a CallbackInfo as a result
[05May2026 00:44:05.172] [Render thread/DEBUG] [mixin/]: Mixing ContextAwareReloadListenerAccessor from moonlight.mixins.json into net.neoforged.neoforge.resource.ContextAwareReloadListener
[05May2026 00:44:05.172] [Render thread/DEBUG] [mixin/]: moonlight.mixins.json:ContextAwareReloadListenerAccessor from mod moonlight: Class version 65 required is higher than the class version supported by the current version of Mixin (JAVA_17 supports class version 61)
[05May2026 00:44:05.232] [Render thread/WARN] [net.minecraft.server.packs.VanillaPackResourcesBuilder/]: Assets URL 'union:/C:/Users/mahat/Twitch/Minecraft/Install/libraries/net/minecraft/client/1.21.1-20240808.144430/client-1.21.1-20240808.144430-srg.jar%23275!/assets/.mcassetsroot' uses unexpected schema
[05May2026 00:44:05.232] [Render thread/WARN] [net.minecraft.server.packs.VanillaPackResourcesBuilder/]: Assets URL 'union:/C:/Users/mahat/Twitch/Minecraft/Install/libraries/net/minecraft/client/1.21.1-20240808.144430/client-1.21.1-20240808.144430-srg.jar%23275!/data/.mcassetsroot' uses unexpected schema
[05May2026 00:44:05.249] [Render thread/INFO] [com.mojang.authlib.yggdrasil.YggdrasilAuthenticationService/]: Environment: Environment[sessionHost=https://sessionserver.mojang.com, servicesHost=https://api.minecraftservices.com, name=PROD]
[05May2026 00:44:05.255] [Render thread/INFO] [net.minecraft.client.Minecraft/]: Setting user: Spaccce
[05May2026 00:44:05.257] [Render thread/DEBUG] [mixin/]: Mixing KeyMappingAccessor from kuma_api.mixins.json into net.minecraft.client.KeyMapping
[05May2026 00:44:05.257] [Render thread/DEBUG] [mixin/]: kuma_api.mixins.json:KeyMappingAccessor from mod kuma_api: Class version 65 required is higher than the class version supported by the current version of Mixin (JAVA_17 supports class version 61)
[05May2026 00:44:05.257] [Render thread/DEBUG] [mixin/]: Mixing AccessKeyMapping from controlling.mixins.json into net.minecraft.client.KeyMapping
[05May2026 00:44:05.258] [Render thread/DEBUG] [mixin/]: controlling.mixins.json:AccessKeyMapping from mod controlling: Class version 65 required is higher than the class version supported by the current version of Mixin (JAVA_17 supports class version 61)
[05May2026 00:44:05.258] [Render thread/DEBUG] [mixin/]: Mixing KeyMappingAccessor from balm.neoforge.mixins.json into net.minecraft.client.KeyMapping
[05May2026 00:44:05.258] [Render thread/DEBUG] [mixin/]: Mixing client.AccessorKeyMapping from patchouli_xplat.mixins.json into net.minecraft.client.KeyMapping
[05May2026 00:44:05.258] [Render thread/DEBUG] [mixin/]: Renaming @Accessor method getAllKeyMappings()Ljava/util/Map; to getAllKeyMappings$patchouli_$md$9b8020$0 in patchouli_xplat.mixins.json:client.AccessorKeyMapping from mod patchouli
[05May2026 00:44:05.258] [Render thread/DEBUG] [mixin/]: Mixing IMixinKeyBinding from mixins.ipnext.json into net.minecraft.client.KeyMapping
[05May2026 00:44:05.258] [Render thread/DEBUG] [mixin/]: Unexpected: Registered method getKey()Lcom/mojang/blaze3d/platform/InputConstants$Key; in net.minecraft.client.KeyMapping was not merged
[05May2026 00:44:05.261] [Render thread/DEBUG] [mixin/]: Mixing ToastManagerMixin from emi.mixins.json into net.minecraft.client.gui.components.toasts.ToastComponent
[05May2026 00:44:05.261] [Render thread/DEBUG] [mixin/]: emi.mixins.json:ToastManagerMixin from mod emi: Class version 65 required is higher than the class version supported by the current version of Mixin (JAVA_17 supports class version 61)
[05May2026 00:44:05.262] [Render thread/DEBUG] [mixin/]: Mixing client.MixinToastComponent from mixins/common/nochatreports.mixins.json into net.minecraft.client.gui.components.toasts.ToastComponent
[05May2026 00:44:05.263] [Render thread/DEBUG] [mixin/]: emi.mixins.json:ToastManagerMixin from mod emi->@Inject::drawHead(Lnet/minecraft/client/gui/GuiGraphics;Lorg/spongepowered/asm/mixin/injection/callback/CallbackInfo;)V does use it's CallbackInfo
[05May2026 00:44:05.263] [Render thread/DEBUG] [mixin/]: mixins/common/nochatreports.mixins.json:client.MixinToastComponent from mod nochatreports->@Inject::onAddToast(Lnet/minecraft/client/gui/components/toasts/Toast;Lorg/spongepowered/asm/mixin/injection/callback/CallbackInfo;)V does use it's CallbackInfo
[05May2026 00:44:05.265] [Render thread/DEBUG] [mixin/]: Mixing OptionsMixin from kubejs.mixins.json into net.minecraft.client.Options
[05May2026 00:44:05.265] [Render thread/DEBUG] [mixin/]: Mixing client.MixinOptions from mixins/common/nochatreports.mixins.json into net.minecraft.client.Options
[05May2026 00:44:05.265] [Render thread/DEBUG] [mixin/]: Renaming synthetic method lambda$onlyShowSecureChat$0(Ljava/lang/Boolean;)V to md9b8020$nochatreports$lambda$onlyShowSecureChat$0$0 in mixins/common/nochatreports.mixins.json:client.MixinOptions from mod nochatreports
[05May2026 00:44:05.266] [Render thread/DEBUG] [mixin/]: kubejs.mixins.json:OptionsMixin from mod kubejs->@Inject::loadKJS(Lorg/spongepowered/asm/mixin/injection/callback/CallbackInfo;)V doesn't use it's CallbackInfo
[05May2026 00:44:05.266] [Render thread/DEBUG] [mixin/]: kubejs.mixins.json:OptionsMixin from mod kubejs->@Inject::loadKJS(Lorg/spongepowered/asm/mixin/injection/callback/CallbackInfo;)V has 0 override(s) in child classes
[05May2026 00:44:05.266] [Render thread/DEBUG] [mixin/]: kubejs.mixins.json:OptionsMixin from mod kubejs->@Inject::loadKJS(Lorg/spongepowered/asm/mixin/injection/callback/CallbackInfo;)V won't be passed a CallbackInfo as a result
[05May2026 00:44:05.266] [Render thread/DEBUG] [mixin/]: mixins/common/nochatreports.mixins.json:client.MixinOptions from mod nochatreports->@Inject::onlyShowSecureChat(Lorg/spongepowered/asm/mixin/injection/callback/CallbackInfoReturnable;)V does use it's CallbackInfoReturnable
[05May2026 00:44:05.271] [Render thread/DEBUG] [mixin/]: Mixing MixinNeoforgeToggleKeyMapping from xaerohud.neoforge.mixins.json into net.minecraft.client.ToggleKeyMapping
[05May2026 00:44:05.271] [Render thread/DEBUG] [mixin/]: xaerohud.neoforge.mixins.json:MixinNeoforgeToggleKeyMapping from mod xaerominimap: Class version 65 required is higher than the class version supported by the current version of Mixin (JAVA_17 supports class version 61)
[05May2026 00:44:05.277] [Render thread/DEBUG] [mixin/]: Mixing AbstractWidgetAccessor from octolib-common.mixins.json into net.minecraft.client.gui.components.AbstractWidget
[05May2026 00:44:05.277] [Render thread/DEBUG] [mixin/]: Mixing AbstractWidgetMixin from octolib-common.mixins.json into net.minecraft.client.gui.components.AbstractWidget
[05May2026 00:44:05.280] [Render thread/DEBUG] [mixin/]: octolib-common.mixins.json:AbstractWidgetMixin from mod octolib->@Inject::inject(DDLorg/spongepowered/asm/mixin/injection/callback/CallbackInfoReturnable;)V does use it's CallbackInfoReturnable
[05May2026 00:44:05.280] [Render thread/DEBUG] [mixin/]: octolib-common.mixins.json:AbstractWidgetMixin from mod octolib->@Inject::injectMouseOver(Lorg/spongepowered/asm/mixin/injection/callback/CallbackInfoReturnable;)V doesn't use it's CallbackInfoReturnable
[05May2026 00:44:05.280] [Render thread/DEBUG] [mixin/]: octolib-common.mixins.json:AbstractWidgetMixin from mod octolib->@Inject::injectMouseOver(Lorg/spongepowered/asm/mixin/injection/callback/CallbackInfoReturnable;)V has 0 override(s) in child classes
[05May2026 00:44:05.280] [Render thread/DEBUG] [mixin/]: octolib-common.mixins.json:AbstractWidgetMixin from mod octolib->@Inject::injectMouseOver(Lorg/spongepowered/asm/mixin/injection/callback/CallbackInfoReturnable;)V won't be passed a CallbackInfoReturnable as a result
[05May2026 00:44:05.280] [Render thread/DEBUG] [mixin/]: octolib-common.mixins.json:AbstractWidgetMixin from mod octolib->@Inject::getGlobalX(Lorg/spongepowered/asm/mixin/injection/callback/CallbackInfoReturnable;)V does use it's CallbackInfoReturnable
[05May2026 00:44:05.280] [Render thread/DEBUG] [mixin/]: octolib-common.mixins.json:AbstractWidgetMixin from mod octolib->@Inject::getGlobalY(Lorg/spongepowered/asm/mixin/injection/callback/CallbackInfoReturnable;)V does use it's CallbackInfoReturnable
[05May2026 00:44:05.280] [Render thread/DEBUG] [mixin/]: Unexpected: Registered method getLocalY()I in net.minecraft.client.gui.components.AbstractWidget was not merged
[05May2026 00:44:05.280] [Render thread/DEBUG] [mixin/]: Unexpected: Registered method getLocalX()I in net.minecraft.client.gui.components.AbstractWidget was not merged
[05May2026 00:44:05.282] [Render thread/DEBUG] [mixin/]: Mixing MixinAbstractButton from xaerolib.mixins.json into net.minecraft.client.gui.components.AbstractButton
[05May2026 00:44:05.282] [Render thread/DEBUG] [mixin/]: xaerolib.mixins.json:MixinAbstractButton from mod xaerolib: Class version 65 required is higher than the class version supported by the current version of Mixin (JAVA_17 supports class version 61)
[05May2026 00:44:05.293] [Render thread/DEBUG] [mixin/]: Mixing client.ChatComponentMixin from placebo.mixins.json into net.minecraft.client.gui.components.ChatComponent
[05May2026 00:44:05.293] [Render thread/DEBUG] [mixin/]: Mixing client.MixinChatComponent from mixins/common/nochatreports.mixins.json into net.minecraft.client.gui.components.ChatComponent
[05May2026 00:44:05.293] [Render thread/DEBUG] [mixin/]: Renaming synthetic method lambda$modifyGUIMessage$1()V to md9b8020$nochatreports$lambda$modifyGUIMessage$1$0 in mixins/common/nochatreports.mixins.json:client.MixinChatComponent from mod nochatreports
[05May2026 00:44:05.293] [Render thread/DEBUG] [mixin/]: Renaming synthetic method lambda$modifyGUIMessage$0(Lnet/minecraft/client/GuiMessage;Lnet/minecraft/network/chat/Component;)V to md9b8020$nochatreports$lambda$modifyGUIMessage$0$1 in mixins/common/nochatreports.mixins.json:client.MixinChatComponent from mod nochatreports
[05May2026 00:44:05.295] [Render thread/INFO] [mixin/]: BeforeConstant is searching for constants in method with descriptor (Lnet/minecraft/client/GuiMessage;)V
[05May2026 00:44:05.295] [Render thread/INFO] [mixin/]:   BeforeConstant found STRING constant: value = , stringValue = null
[05May2026 00:44:05.295] [Render thread/INFO] [mixin/]:     BeforeConstant found a matching constant TYPE at ordinal 0
[05May2026 00:44:05.295] [Render thread/INFO] [mixin/]:       BeforeConstant found LdcInsn 
[05May2026 00:44:05.295] [Render thread/INFO] [mixin/]:   BeforeConstant found STRING constant: value = \\r, stringValue = null
[05May2026 00:44:05.295] [Render thread/INFO] [mixin/]:     BeforeConstant found a matching constant TYPE at ordinal 1
[05May2026 00:44:05.295] [Render thread/INFO] [mixin/]:       BeforeConstant found LdcInsn \\r
[05May2026 00:44:05.295] [Render thread/INFO] [mixin/]:   BeforeConstant found STRING constant: value = 
, stringValue = null
[05May2026 00:44:05.295] [Render thread/INFO] [mixin/]:     BeforeConstant found a matching constant TYPE at ordinal 2
[05May2026 00:44:05.296] [Render thread/INFO] [mixin/]:       BeforeConstant found LdcInsn 

[05May2026 00:44:05.296] [Render thread/INFO] [mixin/]:   BeforeConstant found STRING constant: value = \\n, stringValue = null
[05May2026 00:44:05.296] [Render thread/INFO] [mixin/]:     BeforeConstant found a matching constant TYPE at ordinal 3
[05May2026 00:44:05.296] [Render thread/INFO] [mixin/]:       BeforeConstant found LdcInsn \\n
[05May2026 00:44:05.296] [Render thread/INFO] [mixin/]:   BeforeConstant found CLASS constant: value = Ljava/lang/String;, typeValue = null
[05May2026 00:44:05.296] [Render thread/INFO] [mixin/]:   BeforeConstant found STRING constant: value = [{}] [CHAT] {}, stringValue = null
[05May2026 00:44:05.296] [Render thread/INFO] [mixin/]:     BeforeConstant found a matching constant TYPE at ordinal 4
[05May2026 00:44:05.296] [Render thread/INFO] [mixin/]:       BeforeConstant found LdcInsn [{}] [CHAT] {}
[05May2026 00:44:05.296] [Render thread/INFO] [mixin/]:   BeforeConstant found STRING constant: value = [CHAT] {}, stringValue = null
[05May2026 00:44:05.296] [Render thread/INFO] [mixin/]:     BeforeConstant found a matching constant TYPE at ordinal 5
[05May2026 00:44:05.296] [Render thread/INFO] [mixin/]:       BeforeConstant found LdcInsn [CHAT] {}
[05May2026 00:44:05.298] [Render thread/DEBUG] [mixin/]: Mixing client.MixinGuiMessageTagIcon from mixins/common/nochatreports.mixins.json into net.minecraft.client.GuiMessageTag$Icon
[05May2026 00:44:05.298] [Render thread/DEBUG] [mixin/]: Renaming @Invoker method create(Ljava/lang/String;ILnet/minecraft/resources/ResourceLocation;II)Lnet/minecraft/client/GuiMessageTag$Icon; to create$nochatreports_$md$9b8020$0 in mixins/common/nochatreports.mixins.json:client.MixinGuiMessageTagIcon from mod nochatreports
[05May2026 00:44:05.310] [Render thread/DEBUG] [mixin/]: Mixing AccessInputConstantsKey from controlling.mixins.json into com.mojang.blaze3d.platform.InputConstants$Key
[05May2026 00:44:05.310] [Render thread/DEBUG] [mixin/]: controlling.mixins.json:AccessInputConstantsKey from mod controlling: Class version 65 required is higher than the class version supported by the current version of Mixin (JAVA_17 supports class version 61)
[05May2026 00:44:05.310] [Render thread/DEBUG] [mixin/]: Renaming @Accessor method controlling$getNAME_MAP()Ljava/util/Map; to getNAME_MAP$controlling_$md$9b8020$0 in controlling.mixins.json:AccessInputConstantsKey from mod controlling
[05May2026 00:44:05.362] [Render thread/INFO] [net.minecraft.client.Minecraft/]: Backend library: LWJGL version 3.3.3+5
[05May2026 00:44:05.362] [Render thread/DEBUG] [mixin/]: Mixing WindowMixin from relics.mixins.json into com.mojang.blaze3d.platform.Window
[05May2026 00:44:05.363] [Render thread/DEBUG] [mixin/]: Mixing WindowMixin from kubejs.mixins.json into com.mojang.blaze3d.platform.Window
[05May2026 00:44:05.363] [Render thread/DEBUG] [mixin/]: Mixing core.MixinWindow from immediatelyfast-common.mixins.json into com.mojang.blaze3d.platform.Window
[05May2026 00:44:05.363] [Render thread/DEBUG] [mixin/]: immediatelyfast-common.mixins.json:core.MixinWindow from mod immediatelyfast: Class version 65 required is higher than the class version supported by the current version of Mixin (JAVA_17 supports class version 61)
[05May2026 00:44:05.363] [Render thread/DEBUG] [mixin/]: relics.mixins.json:WindowMixin from mod relics->@Inject::getGuiScale(Lorg/spongepowered/asm/mixin/injection/callback/CallbackInfoReturnable;)V does use it's CallbackInfoReturnable
[05May2026 00:44:05.363] [Render thread/DEBUG] [mixin/]: relics.mixins.json:WindowMixin from mod relics->@Inject::getGuiScaledHeight(Lorg/spongepowered/asm/mixin/injection/callback/CallbackInfoReturnable;)V does use it's CallbackInfoReturnable
[05May2026 00:44:05.363] [Render thread/DEBUG] [mixin/]: relics.mixins.json:WindowMixin from mod relics->@Inject::getGuiScaledWidth(Lorg/spongepowered/asm/mixin/injection/callback/CallbackInfoReturnable;)V does use it's CallbackInfoReturnable
[05May2026 00:44:05.363] [Render thread/DEBUG] [mixin/]: immediatelyfast-common.mixins.json:core.MixinWindow from mod immediatelyfast->@Inject::initImmediatelyFast(Lorg/spongepowered/asm/mixin/injection/callback/CallbackInfo;)V doesn't use it's CallbackInfo
[05May2026 00:44:05.363] [Render thread/DEBUG] [mixin/]: immediatelyfast-common.mixins.json:core.MixinWindow from mod immediatelyfast->@Inject::endFrame(Lorg/spongepowered/asm/mixin/injection/callback/CallbackInfo;)V doesn't use it's CallbackInfo
[05May2026 00:44:05.411] [Render thread/DEBUG] [mixin/]: Mixing feature.branding.BrandingControlMixin from modernfix-modernfix.mixins.json into net.neoforged.neoforge.internal.BrandingControl
[05May2026 00:44:05.412] [Render thread/DEBUG] [mixin/]: modernfix-modernfix.mixins.json:feature.branding.BrandingControlMixin from mod modernfix->@Inject::addModernFixBranding(Lorg/spongepowered/asm/mixin/injection/callback/CallbackInfo;Lcom/google/common/collect/ImmutableList$Builder;)V doesn't use it's CallbackInfo
[05May2026 00:44:05.432] [Render thread/INFO] [ImmediatelyFast/]: Initializing ImmediatelyFast 1.6.10+1.21.1 on AMD Radeon RX 6700 XT (ATI Technologies Inc.) with OpenGL 4.6.0 Core Profile Context 26.3.1.260303
[05May2026 00:44:05.434] [Render thread/DEBUG] [mixin/]: Mixing PathPackResourcesMixin from fusion.mixins.json into net.minecraft.server.packs.PathPackResources
[05May2026 00:44:05.434] [Render thread/DEBUG] [mixin/]: fusion.mixins.json:PathPackResourcesMixin from mod fusion: Class version 65 required is higher than the class version supported by the current version of Mixin (JAVA_17 supports class version 61)
[05May2026 00:44:05.434] [Render thread/DEBUG] [mixin/]: Renaming synthetic method lambda$modifyListResources$4(Ljava/util/Set;Lnet/minecraft/server/packs/PackResources$ResourceOutput;Lnet/minecraft/resources/ResourceLocation;Lnet/minecraft/server/packs/resources/IoSupplier;)V to md9b8020$fusion$lambda$modifyListResources$4$0 in fusion.mixins.json:PathPackResourcesMixin from mod fusion
[05May2026 00:44:05.434] [Render thread/DEBUG] [mixin/]: Renaming synthetic method lambda$modifyListResources$3(Ljava/lang/String;Lcom/mojang/serialization/DataResult$Error;)V to md9b8020$fusion$lambda$modifyListResources$3$1 in fusion.mixins.json:PathPackResourcesMixin from mod fusion
[05May2026 00:44:05.434] [Render thread/DEBUG] [mixin/]: Renaming synthetic method lambda$modifyListResources$2(Lnet/minecraft/server/packs/PackType;Ljava/lang/String;Ljava/util/Set;Lnet/minecraft/server/packs/PackResources$ResourceOutput;Ljava/util/List;)V to md9b8020$fusion$lambda$modifyListResources$2$2 in fusion.mixins.json:PathPackResourcesMixin from mod fusion
[05May2026 00:44:05.434] [Render thread/DEBUG] [mixin/]: Renaming synthetic method lambda$modifyListResources$1(Ljava/util/Set;Lnet/minecraft/server/packs/PackResources$ResourceOutput;Lnet/minecraft/resources/ResourceLocation;Lnet/minecraft/server/packs/resources/IoSupplier;)V to md9b8020$fusion$lambda$modifyListResources$1$3 in fusion.mixins.json:PathPackResourcesMixin from mod fusion
[05May2026 00:44:05.434] [Render thread/DEBUG] [mixin/]: Renaming synthetic method lambda$getResource$0(Ljava/nio/file/Path;Ljava/util/List;)Lnet/minecraft/server/packs/resources/IoSupplier; to md9b8020$fusion$lambda$getResource$0$4 in fusion.mixins.json:PathPackResourcesMixin from mod fusion
[05May2026 00:44:05.437] [Render thread/DEBUG] [mixin/]: Mixing perf.resourcepacks.PathPackResourcesMixin from modernfix-modernfix.mixins.json into net.minecraft.server.packs.PathPackResources
[05May2026 00:44:05.437] [Render thread/DEBUG] [mixin/]: Renaming synthetic method lambda$generateResourceCache$0(Lnet/minecraft/server/packs/PackType;)Ljava/nio/file/Path; to md9b8020$modernfix$lambda$generateResourceCache$0$5 in modernfix-modernfix.mixins.json:perf.resourcepacks.PathPackResourcesMixin from mod modernfix
[05May2026 00:44:05.440] [Render thread/DEBUG] [mixin/]: fusion.mixins.json:PathPackResourcesMixin from mod fusion->@Inject::init(Lnet/minecraft/server/packs/PackLocationInfo;Ljava/nio/file/Path;Lorg/spongepowered/asm/mixin/injection/callback/CallbackInfo;)V doesn't use it's CallbackInfo
[05May2026 00:44:05.440] [Render thread/DEBUG] [mixin/]: fusion.mixins.json:PathPackResourcesMixin from mod fusion->@Inject::init(Lnet/minecraft/server/packs/PackLocationInfo;Ljava/nio/file/Path;Lorg/spongepowered/asm/mixin/injection/callback/CallbackInfo;)V has 0 override(s) in child classes
[05May2026 00:44:05.440] [Render thread/DEBUG] [mixin/]: fusion.mixins.json:PathPackResourcesMixin from mod fusion->@Inject::init(Lnet/minecraft/server/packs/PackLocationInfo;Ljava/nio/file/Path;Lorg/spongepowered/asm/mixin/injection/callback/CallbackInfo;)V won't be passed a CallbackInfo as a result
[05May2026 00:44:05.440] [Render thread/DEBUG] [mixin/]: fusion.mixins.json:PathPackResourcesMixin from mod fusion->@Inject::getResource(Lnet/minecraft/server/packs/PackType;Lnet/minecraft/resources/ResourceLocation;Lorg/spongepowered/asm/mixin/injection/callback/CallbackInfoReturnable;)V does use it's CallbackInfoReturnable
[05May2026 00:44:05.440] [Render thread/DEBUG] [mixin/]: modernfix-modernfix.mixins.json:perf.resourcepacks.PathPackResourcesMixin from mod modernfix->@Inject::cacheResources(Lnet/minecraft/server/packs/PackLocationInfo;Ljava/nio/file/Path;Lorg/spongepowered/asm/mixin/injection/callback/CallbackInfo;)V doesn't use it's CallbackInfo
[05May2026 00:44:05.440] [Render thread/DEBUG] [mixin/]: modernfix-modernfix.mixins.json:perf.resourcepacks.PathPackResourcesMixin from mod modernfix->@Inject::cacheResources(Lnet/minecraft/server/packs/PackLocationInfo;Ljava/nio/file/Path;Lorg/spongepowered/asm/mixin/injection/callback/CallbackInfo;)V has 0 override(s) in child classes
[05May2026 00:44:05.440] [Render thread/DEBUG] [mixin/]: modernfix-modernfix.mixins.json:perf.resourcepacks.PathPackResourcesMixin from mod modernfix->@Inject::cacheResources(Lnet/minecraft/server/packs/PackLocationInfo;Ljava/nio/file/Path;Lorg/spongepowered/asm/mixin/injection/callback/CallbackInfo;)V won't be passed a CallbackInfo as a result
[05May2026 00:44:05.453] [Render thread/DEBUG] [mixin/]: Mixing MouseHandlerMixin from relics.mixins.json into net.minecraft.client.MouseHandler
[05May2026 00:44:05.454] [Render thread/DEBUG] [mixin/]: Mixing MouseHandlerAccessor from balm.neoforge.mixins.json into net.minecraft.client.MouseHandler
[05May2026 00:44:05.454] [Render thread/DEBUG] [mixin/]: Mixing MouseMixin from emi.mixins.json into net.minecraft.client.MouseHandler
[05May2026 00:44:05.454] [Render thread/DEBUG] [mixin/]: emi.mixins.json:MouseMixin from mod emi: Class version 65 required is higher than the class version supported by the current version of Mixin (JAVA_17 supports class version 61)
[05May2026 00:44:05.459] [Render thread/DEBUG] [mixin/]: relics.mixins.json:MouseHandlerMixin from mod relics->@Inject::onKeyPress(Lorg/spongepowered/asm/mixin/injection/callback/CallbackInfo;)V does use it's CallbackInfo
[05May2026 00:44:05.459] [Render thread/DEBUG] [mixin/]: emi.mixins.json:MouseMixin from mod emi->@Inject::onMouseDown(JIIILorg/spongepowered/asm/mixin/injection/callback/CallbackInfo;)V does use it's CallbackInfo
[05May2026 00:44:05.459] [Render thread/DEBUG] [mixin/]: emi.mixins.json:MouseMixin from mod emi->@Inject::onMouseUp(JIIILorg/spongepowered/asm/mixin/injection/callback/CallbackInfo;)V does use it's CallbackInfo
[05May2026 00:44:05.459] [Render thread/DEBUG] [mixin/]: emi.mixins.json:MouseMixin from mod emi->@Inject::onMouseDragged(Lorg/spongepowered/asm/mixin/injection/callback/CallbackInfo;)V doesn't use it's CallbackInfo
[05May2026 00:44:05.459] [Render thread/DEBUG] [mixin/]: emi.mixins.json:MouseMixin from mod emi->@Inject::onMouseDragged(Lorg/spongepowered/asm/mixin/injection/callback/CallbackInfo;)V has 0 override(s) in child classes
[05May2026 00:44:05.459] [Render thread/DEBUG] [mixin/]: emi.mixins.json:MouseMixin from mod emi->@Inject::onMouseDragged(Lorg/spongepowered/asm/mixin/injection/callback/CallbackInfo;)V won't be passed a CallbackInfo as a result
[05May2026 00:44:05.459] [Render thread/DEBUG] [mixin/]: emi.mixins.json:MouseMixin from mod emi->@Inject::onMouseScrolled(JDDLorg/spongepowered/asm/mixin/injection/callback/CallbackInfo;)V does use it's CallbackInfo
[05May2026 00:44:05.461] [Render thread/DEBUG] [mixin/]: Mixing KeyboardHandlerMixin from relics.mixins.json into net.minecraft.client.KeyboardHandler
[05May2026 00:44:05.461] [Render thread/DEBUG] [mixin/]: Mixing KeyboardMixin from emi.mixins.json into net.minecraft.client.KeyboardHandler
[05May2026 00:44:05.461] [Render thread/DEBUG] [mixin/]: emi.mixins.json:KeyboardMixin from mod emi: Class version 65 required is higher than the class version supported by the current version of Mixin (JAVA_17 supports class version 61)
[05May2026 00:44:05.461] [Render thread/DEBUG] [mixin/]: Mixing KeyboardHandlerMixin from kubejs.mixins.json into net.minecraft.client.KeyboardHandler
[05May2026 00:44:05.463] [Render thread/DEBUG] [mixin/]: relics.mixins.json:KeyboardHandlerMixin from mod relics->@Inject::onKeyPress(JIIIILorg/spongepowered/asm/mixin/injection/callback/CallbackInfo;)V does use it's CallbackInfo
[05May2026 00:44:05.463] [Render thread/DEBUG] [mixin/]: emi.mixins.json:KeyboardMixin from mod emi->@Inject::onKey(JIIIILorg/spongepowered/asm/mixin/injection/callback/CallbackInfo;)V does use it's CallbackInfo
[05May2026 00:44:05.463] [Render thread/DEBUG] [mixin/]: emi.mixins.json:KeyboardMixin from mod emi->@Inject::onChar(JIILorg/spongepowered/asm/mixin/injection/callback/CallbackInfo;)V does use it's CallbackInfo
[05May2026 00:44:05.463] [Render thread/DEBUG] [mixin/]: kubejs.mixins.json:KeyboardHandlerMixin from mod kubejs->@Inject::reloadResources(ILorg/spongepowered/asm/mixin/injection/callback/CallbackInfoReturnable;)V doesn't use it's CallbackInfoReturnable
[05May2026 00:44:05.463] [Render thread/DEBUG] [mixin/]: kubejs.mixins.json:KeyboardHandlerMixin from mod kubejs->@Inject::reloadResources(ILorg/spongepowered/asm/mixin/injection/callback/CallbackInfoReturnable;)V has 0 override(s) in child classes
[05May2026 00:44:05.463] [Render thread/DEBUG] [mixin/]: kubejs.mixins.json:KeyboardHandlerMixin from mod kubejs->@Inject::reloadResources(ILorg/spongepowered/asm/mixin/injection/callback/CallbackInfoReturnable;)V won't be passed a CallbackInfoReturnable as a result
[05May2026 00:44:05.508] [Render thread/DEBUG] [mixin/]: Mixing core.MixinGlDebug from immediatelyfast-common.mixins.json into com.mojang.blaze3d.platform.GlDebug
[05May2026 00:44:05.508] [Render thread/DEBUG] [mixin/]: immediatelyfast-common.mixins.json:core.MixinGlDebug from mod immediatelyfast: Class version 65 required is higher than the class version supported by the current version of Mixin (JAVA_17 supports class version 61)
[05May2026 00:44:05.524] [Render thread/DEBUG] [mixin/]: Mixing bugfix.concurrency.ReloadableResourceManagerMixin from modernfix-modernfix.mixins.json into net.minecraft.server.packs.resources.ReloadableResourceManager
[05May2026 00:44:05.525] [Render thread/DEBUG] [mixin/]: Renaming synthetic method lambda$checkCallingThread$0(Lnet/minecraft/server/packs/resources/PreparableReloadListener;)V to md9b8020$modernfix$lambda$checkCallingThread$0$0 in modernfix-modernfix.mixins.json:bugfix.concurrency.ReloadableResourceManagerMixin from mod modernfix
[05May2026 00:44:05.525] [Render thread/DEBUG] [mixin/]: Mixing ReloadableClientResourcesMixin from moonlight-common.mixins.json into net.minecraft.server.packs.resources.ReloadableResourceManager
[05May2026 00:44:05.525] [Render thread/DEBUG] [mixin/]: moonlight-common.mixins.json:ReloadableClientResourcesMixin from mod moonlight: Class version 65 required is higher than the class version supported by the current version of Mixin (JAVA_17 supports class version 61)
[05May2026 00:44:05.525] [Render thread/DEBUG] [mixin/]: Renaming synthetic method lambda$moonlight$clientDynamicPackEarlyReload$0(Lcom/llamalad7/mixinextras/injector/wrapoperation/Operation;Lnet/minecraft/server/packs/resources/ResourceManager;Ljava/util/List;Ljava/util/concurrent/Executor;Ljava/util/concurrent/Executor;Ljava/util/concurrent/CompletableFuture;Z)Lnet/minecraft/server/packs/resources/ReloadInstance; to md9b8020$moonlight$lambda$moonlight$clientDynamicPackEarlyReload$0$1 in moonlight-common.mixins.json:ReloadableClientResourcesMixin from mod moonlight
[05May2026 00:44:05.551] [Render thread/DEBUG] [net.neoforged.fml.ModWorkManager/LOADING]: Using 20 threads for parallel mod-loading
[05May2026 00:44:05.560] [Render thread/DEBUG] [net.neoforged.fml.javafmlmod.FMLModContainer/LOADING]: Creating FMLModContainer instance for [com.illusivesoulworks.elytraslot.ElytraSlotNeoForgeMod]
[05May2026 00:44:05.565] [Render thread/DEBUG] [net.neoforged.fml.lowcodemod.LowCodeModContainer/LOADING]: Creating LowCodeModContainer for rhino
[05May2026 00:44:05.566] [Render thread/DEBUG] [net.neoforged.fml.javafmlmod.FMLModContainer/LOADING]: Creating FMLModContainer instance for [net.blay09.mods.kuma.neoforge.NeoForgeKumaAPI]
[05May2026 00:44:05.566] [Render thread/DEBUG] [net.neoforged.fml.javafmlmod.FMLModContainer/LOADING]: Creating FMLModContainer instance for [dev.nolij.toomanyrecipeviewers.TooManyRecipeViewersMod]
[05May2026 00:44:05.566] [Render thread/DEBUG] [net.neoforged.fml.javafmlmod.FMLModContainer/LOADING]: Creating FMLModContainer instance for []
[05May2026 00:44:05.566] [Render thread/DEBUG] [net.neoforged.fml.javafmlmod.FMLModContainer/LOADING]: Creating FMLModContainer instance for [dev.ftb.mods.ftbessentials.neoforge.FTBEssentialsNeoForge]
[05May2026 00:44:05.568] [Render thread/DEBUG] [net.neoforged.fml.javafmlmod.FMLModContainer/LOADING]: Creating FMLModContainer instance for [net.blay09.mods.trashslot.NeoForgeTrashSlot, net.blay09.mods.trashslot.client.NeoForgeTrashSlotClient]
[05May2026 00:44:05.568] [Render thread/DEBUG] [net.neoforged.fml.javafmlmod.FMLModContainer/LOADING]: Creating FMLModContainer instance for [com.leclowndu93150.craftingstationjei.Craftingstationjei]
[05May2026 00:44:05.568] [Render thread/DEBUG] [net.neoforged.fml.javafmlmod.FMLModContainer/LOADING]: Creating FMLModContainer instance for [software.bernie.geckolib.GeckoLib]
[05May2026 00:44:05.568] [Render thread/DEBUG] [net.neoforged.fml.javafmlmod.FMLModContainer/LOADING]: Creating FMLModContainer instance for [net.p3pp3rf1y.sophisticatedstorage.SophisticatedStorage]
[05May2026 00:44:05.569] [Render thread/DEBUG] [net.neoforged.fml.javafmlmod.FMLModContainer/LOADING]: Creating FMLModContainer instance for [tfar.quickstack.DropOff]
[05May2026 00:44:05.569] [Render thread/DEBUG] [net.neoforged.fml.javafmlmod.FMLModContainer/LOADING]: Creating FMLModContainer instance for [xaero.lib.XaeroLibNeoForge]
[05May2026 00:44:05.569] [Render thread/DEBUG] [net.neoforged.fml.javafmlmod.FMLModContainer/LOADING]: Creating FMLModContainer instance for [mcjty.incontrol.InControl]
[05May2026 00:44:05.569] [Render thread/DEBUG] [net.neoforged.fml.javafmlmod.FMLModContainer/LOADING]: Creating FMLModContainer instance for [com.connectivity.Connectivity]
[05May2026 00:44:05.570] [Render thread/DEBUG] [net.neoforged.fml.javafmlmod.FMLModContainer/LOADING]: Creating FMLModContainer instance for [com.illusivesoulworks.caelus.CaelusNeoForgeMod]
[05May2026 00:44:05.570] [Render thread/DEBUG] [net.neoforged.fml.javafmlmod.FMLModContainer/LOADING]: Creating FMLModContainer instance for [net.p3pp3rf1y.sophisticatedcore.SophisticatedCore]
[05May2026 00:44:05.570] [Render thread/DEBUG] [net.neoforged.fml.javafmlmod.FMLModContainer/LOADING]: Creating FMLModContainer instance for [com.gpumemleakfix.Gpumemleakfix]
[05May2026 00:44:05.570] [Render thread/DEBUG] [net.neoforged.fml.javafmlmod.FMLModContainer/LOADING]: Creating FMLModContainer instance for [com.structureessentials.StructureEssentials]
[05May2026 00:44:05.572] [Render thread/DEBUG] [net.neoforged.fml.javafmlmod.FMLModContainer/LOADING]: Creating FMLModContainer instance for [xaero.map.WorldMapNeoForge]
[05May2026 00:44:05.573] [Render thread/DEBUG] [net.neoforged.fml.javafmlmod.FMLModContainer/LOADING]: Creating FMLModContainer instance for [com.blamejared.controlling.Controlling]
[05May2026 00:44:05.573] [Render thread/DEBUG] [net.neoforged.fml.javafmlmod.FMLModContainer/LOADING]: Creating FMLModContainer instance for [net.neoforged.neoforge.common.NeoForgeMod, net.neoforged.neoforge.client.ClientNeoForgeMod]
[05May2026 00:44:05.575] [Render thread/DEBUG] [net.neoforged.fml.javafmlmod.FMLModContainer/LOADING]: Creating FMLModContainer instance for [dev.shadowsoffire.placebo.Placebo]
[05May2026 00:44:05.576] [Render thread/DEBUG] [net.neoforged.fml.javafmlmod.FMLModContainer/LOADING]: Creating FMLModContainer instance for [org.embeddedt.modernfix.neoforge.init.ModernFixForge]
[05May2026 00:44:05.576] [Render thread/DEBUG] [net.neoforged.fml.javafmlmod.FMLModContainer/LOADING]: Creating FMLModContainer instance for [artifacts.neoforge.ArtifactsNeoForge]
[05May2026 00:44:05.576] [Render thread/DEBUG] [net.neoforged.fml.javafmlmod.FMLModContainer/LOADING]: Creating FMLModContainer instance for [it.hurts.shatterbyte.reliquified_artifacts.ReliquifiedArtifacts]
[05May2026 00:44:05.578] [Render thread/DEBUG] [net.neoforged.fml.javafmlmod.FMLModContainer/LOADING]: Creating FMLModContainer instance for [com.lootintegrations.LootintegrationsMod]
[05May2026 00:44:05.578] [Render thread/DEBUG] [net.neoforged.fml.javafmlmod.FMLModContainer/LOADING]: Creating FMLModContainer instance for [com.mrcrayfish.configured.Configured]
[05May2026 00:44:05.578] [Render thread/DEBUG] [net.neoforged.fml.javafmlmod.FMLModContainer/LOADING]: Creating FMLModContainer instance for [dev.shadowsoffire.gateways.Gateways]
[05May2026 00:44:05.578] [Render thread/DEBUG] [net.neoforged.fml.javafmlmod.FMLModContainer/LOADING]: Creating FMLModContainer instance for [net.p3pp3rf1y.sophisticatedbackpacks.SophisticatedBackpacks]
[05May2026 00:44:05.578] [Render thread/DEBUG] [net.neoforged.fml.javafmlmod.FMLModContainer/LOADING]: Creating FMLModContainer instance for [it.hurts.sskirillss.relics.Relics]
[05May2026 00:44:05.578] [Render thread/DEBUG] [net.neoforged.fml.javafmlmod.FMLModContainer/LOADING]: Creating FMLModContainer instance for [net.ixdarklord.coolcatlib.internal.core.neoforge.NeoForgeSetup, net.ixdarklord.coolcatlib.internal.core.neoforge.NeoForgeClientSetup]
[05May2026 00:44:05.579] [Render thread/DEBUG] [net.neoforged.fml.javafmlmod.FMLModContainer/LOADING]: Creating FMLModContainer instance for [com.seibel.distanthorizons.neoforge.NeoforgeMain]
[05May2026 00:44:05.579] [Render thread/DEBUG] [net.neoforged.fml.javafmlmod.FMLModContainer/LOADING]: Creating FMLModContainer instance for [net.blay09.mods.balm.neoforge.NeoForgeBalm, net.blay09.mods.balm.neoforge.client.NeoForgeBalmClient]
[05May2026 00:44:05.579] [Render thread/DEBUG] [net.neoforged.fml.javafmlmod.FMLModContainer/LOADING]: Creating FMLModContainer instance for [com.supermartijn642.fusion.Fusion]
[05May2026 00:44:05.579] [Render thread/DEBUG] [net.neoforged.fml.javafmlmod.FMLModContainer/LOADING]: Creating FMLModContainer instance for [me.shedaniel.clothconfig.ClothConfigForge]
[05May2026 00:44:05.581] [Render thread/DEBUG] [net.neoforged.fml.javafmlmod.FMLModContainer/LOADING]: Creating FMLModContainer instance for [me.fzzyhmstrs.fzzy_config.FzzyConfigNeoForge, me.fzzyhmstrs.fzzy_config.FzzyConfigNeoForgeClient]
[05May2026 00:44:05.581] [Render thread/DEBUG] [net.neoforged.fml.javafmlmod.FMLModContainer/LOADING]: Creating FMLModContainer instance for [net.mehvahdjukaar.dummmmmmy.neoforge.DummmmmmyForge]
[05May2026 00:44:05.581] [Render thread/DEBUG] [net.neoforged.fml.javafmlmod.FMLModContainer/LOADING]: Creating FMLModContainer instance for [noobanidus.mods.toofast.TooFast]
[05May2026 00:44:05.581] [Render thread/DEBUG] [net.neoforged.fml.javafmlmod.FMLModContainer/LOADING]: Creating FMLModContainer instance for [dev.emi.emi.platform.neoforge.EmiNeoForge]
[05May2026 00:44:05.581] [Render thread/DEBUG] [net.neoforged.fml.javafmlmod.FMLModContainer/LOADING]: Creating FMLModContainer instance for [dev.latvian.mods.kubejs.KubeJS]
[05May2026 00:44:05.581] [Render thread/DEBUG] [net.neoforged.fml.javafmlmod.FMLModContainer/LOADING]: Creating FMLModContainer instance for [fzzyhmstrs.emi_loot.neoforge.EMILootNeoForge]
[05May2026 00:44:05.581] [Render thread/DEBUG] [net.neoforged.fml.javafmlmod.FMLModContainer/LOADING]: Creating FMLModContainer instance for [io.github.flemmli97.tenshilib.neoforge.TenshiLibNeoForge]
[05May2026 00:44:05.581] [Render thread/DEBUG] [net.neoforged.fml.javafmlmod.FMLModContainer/LOADING]: Creating FMLModContainer instance for [de.maxhenkel.voicechat.NeoForgeVoicechatMod]
[05May2026 00:44:05.582] [Render thread/DEBUG] [net.neoforged.fml.javafmlmod.FMLModContainer/LOADING]: Creating FMLModContainer instance for []
[05May2026 00:44:05.585] [Render thread/DEBUG] [thedarkcolour.kotlinforforge.neoforge.LoggerKt/LOADING]: Creating KotlinModContainer instance for [org.anti_ad.mc.libipn.LibIPNModEntry]
[05May2026 00:44:05.588] [Render thread/DEBUG] [net.neoforged.fml.javafmlmod.FMLModContainer/LOADING]: Creating FMLModContainer instance for [net.mehvahdjukaar.moonlight.platform.MoonlightForge]
[05May2026 00:44:05.588] [Render thread/DEBUG] [net.neoforged.fml.javafmlmod.FMLModContainer/LOADING]: Creating FMLModContainer instance for [dev.shadowsoffire.apothic_spawners.ApothicSpawners]
[05May2026 00:44:05.588] [Render thread/DEBUG] [net.neoforged.fml.javafmlmod.FMLModContainer/LOADING]: Creating FMLModContainer instance for [yalter.mousetweaks.neoforge.MouseTweaksNeo]
[05May2026 00:44:05.590] [Render thread/DEBUG] [net.neoforged.fml.javafmlmod.FMLModContainer/LOADING]: Creating FMLModContainer instance for [com.aizistral.nochatreports.neoforge.NoChatReports]
[05May2026 00:44:05.590] [Render thread/DEBUG] [net.neoforged.fml.javafmlmod.FMLModContainer/LOADING]: Creating FMLModContainer instance for [snownee.jade.util.CommonProxy]
[05May2026 00:44:05.591] [Render thread/DEBUG] [net.neoforged.fml.javafmlmod.FMLModContainer/LOADING]: Creating FMLModContainer instance for [com.supermartijn642.core.CoreLib]
[05May2026 00:44:05.591] [Render thread/DEBUG] [net.neoforged.fml.javafmlmod.FMLModContainer/LOADING]: Creating FMLModContainer instance for [dev.shadowsoffire.apothic_attributes.ApothicAttributes]
[05May2026 00:44:05.591] [Render thread/DEBUG] [net.neoforged.fml.javafmlmod.FMLModContainer/LOADING]: Creating FMLModContainer instance for [com.teamresourceful.resourcefulconfig.neoforge.ResourcefulConfigNeoForge]
[05May2026 00:44:05.593] [Render thread/DEBUG] [thedarkcolour.kotlinforforge.neoforge.LoggerKt/LOADING]: Creating KotlinModContainer instance for [thedarkcolour.kotlinforforge.neoforge.test.KotlinForForge]
[05May2026 00:44:05.593] [Render thread/DEBUG] [net.neoforged.fml.javafmlmod.FMLModContainer/LOADING]: Creating FMLModContainer instance for [com.anthonyhilyard.iceberg.neoforge.IcebergNeoForge]
[05May2026 00:44:05.593] [Render thread/DEBUG] [net.neoforged.fml.javafmlmod.FMLModContainer/LOADING]: Creating FMLModContainer instance for [com.anthonyhilyard.highlighter.neoforge.client.HighlighterNeoForgeClient]
[05May2026 00:44:05.593] [Render thread/DEBUG] [net.neoforged.fml.javafmlmod.FMLModContainer/LOADING]: Creating FMLModContainer instance for [top.theillusivec4.curios.Curios]
[05May2026 00:44:05.594] [Render thread/DEBUG] [net.neoforged.fml.javafmlmod.FMLModContainer/LOADING]: Creating FMLModContainer instance for [vazkii.patchouli.neoforge.common.NeoForgeModInitializer]
[05May2026 00:44:05.595] [Render thread/DEBUG] [net.neoforged.fml.javafmlmod.FMLModContainer/LOADING]: Creating FMLModContainer instance for [xaero.minimap.XaeroMinimapNeoForge]
[05May2026 00:44:05.596] [Render thread/DEBUG] [net.neoforged.fml.javafmlmod.FMLModContainer/LOADING]: Creating FMLModContainer instance for [dev.shadowsoffire.fastbench.FastBench]
[05May2026 00:44:05.596] [Render thread/DEBUG] [net.neoforged.fml.javafmlmod.FMLModContainer/LOADING]: Creating FMLModContainer instance for [com.blamejared.searchables.SearchablesNeoForge]
[05May2026 00:44:05.596] [Render thread/DEBUG] [net.neoforged.fml.javafmlmod.FMLModContainer/LOADING]: Creating FMLModContainer instance for [dev.ftb.mods.ftbultimine.neoforge.FTBUltimineNeoForge]
[05May2026 00:44:05.597] [Render thread/DEBUG] [net.neoforged.fml.javafmlmod.FMLModContainer/LOADING]: Creating FMLModContainer instance for [net.ixdarklord.ultimine_addition.core.neoforge.NeoForgeSetup, net.ixdarklord.ultimine_addition.core.neoforge.NeoForgeClientSetup]
[05May2026 00:44:05.597] [Render thread/DEBUG] [net.neoforged.fml.javafmlmod.FMLModContainer/LOADING]: Creating FMLModContainer instance for [com.teamresourceful.resourcefullib.neoforge.ResourcefulLibNeoForge]
[05May2026 00:44:05.598] [Render thread/DEBUG] [net.neoforged.fml.javafmlmod.FMLModContainer/LOADING]: Creating FMLModContainer instance for [net.raphimc.immediatelyfast.neoforge.ImmediatelyFastNeoForge]
[05May2026 00:44:05.598] [Render thread/DEBUG] [net.neoforged.fml.javafmlmod.FMLModContainer/LOADING]: Creating FMLModContainer instance for [dev.shadowsoffire.fastfurnace.FastFurnace]
[05May2026 00:44:05.598] [Render thread/DEBUG] [net.neoforged.fml.javafmlmod.FMLModContainer/LOADING]: Creating FMLModContainer instance for [dev.latvian.mods.betteradvancedtooltips.BATMod]
[05May2026 00:44:05.598] [Render thread/DEBUG] [net.neoforged.fml.javafmlmod.FMLModContainer/LOADING]: Creating FMLModContainer instance for [fzzyhmstrs.emi_enchanting.EmiEnchanting]
[05May2026 00:44:05.598] [Render thread/DEBUG] [net.neoforged.fml.javafmlmod.FMLModContainer/LOADING]: Creating FMLModContainer instance for [com.almostreliable.lootjs.LootJS]
[05May2026 00:44:05.599] [Render thread/DEBUG] [thedarkcolour.kotlinforforge.neoforge.LoggerKt/LOADING]: Creating KotlinModContainer instance for [org.anti_ad.mc.ipnext.neoforge.IPNForgeModInit]
[05May2026 00:44:05.599] [Render thread/DEBUG] [net.neoforged.fml.javafmlmod.FMLModContainer/LOADING]: Creating FMLModContainer instance for [tech.thatgravyboat.creeperoverhaul.forge.CreepersForge]
[05May2026 00:44:05.599] [Render thread/DEBUG] [net.neoforged.fml.javafmlmod.FMLModContainer/LOADING]: Creating FMLModContainer instance for [squeek.appleskin.AppleSkin]
[05May2026 00:44:05.599] [Render thread/DEBUG] [net.neoforged.fml.javafmlmod.FMLModContainer/LOADING]: Creating FMLModContainer instance for [dev.architectury.neoforge.ArchitecturyNeoForge]
[05May2026 00:44:05.601] [Render thread/DEBUG] [net.neoforged.fml.javafmlmod.FMLModContainer/LOADING]: Creating FMLModContainer instance for [dev.ftb.mods.ftblibrary.neoforge.FTBLibraryNeoForge]
[05May2026 00:44:05.601] [Render thread/DEBUG] [net.neoforged.fml.javafmlmod.FMLModContainer/LOADING]: Creating FMLModContainer instance for [it.hurts.octostudios.octolib.neoforge.OctoLibNeoForge]
[05May2026 00:44:05.601] [Render thread/DEBUG] [net.neoforged.fml.javafmlmod.FMLModContainer/LOADING]: Creating FMLModContainer instance for [dev.ftb.mods.ftbteams.neoforge.FTBTeamsNeoForge]
[05May2026 00:44:05.601] [Render thread/DEBUG] [net.neoforged.fml.javafmlmod.FMLModContainer/LOADING]: Creating FMLModContainer instance for [dev.ftb.mods.ftbchunks.neoforge.FTBChunksForge]
[05May2026 00:44:05.601] [Render thread/DEBUG] [net.neoforged.fml.javafmlmod.FMLModContainer/LOADING]: Creating FMLModContainer instance for [dev.ftb.mods.ftbquests.neoforge.FTBQuestsNeoForge]
[05May2026 00:44:05.602] [Render thread/DEBUG] [net.neoforged.fml.javafmlmod.FMLModContainer/LOADING]: Creating FMLModContainer instance for [noobanidus.mods.lootr.neoforge.Lootr, noobanidus.mods.lootr.neoforge.LootrClient]
[05May2026 00:44:05.602] [Render thread/DEBUG] [net.neoforged.fml.javafmlmod.FMLModContainer/LOADING]: Creating FMLModContainer instance for [malte0811.ferritecore.ModMainForge]
[05May2026 00:44:05.602] [Render thread/DEBUG] [net.neoforged.fml.javafmlmod.FMLModContainer/LOADING]: Creating FMLModContainer instance for [com.supermartijn642.connectedglass.ConnectedGlass]
[05May2026 00:44:05.604] [Render thread/DEBUG] [net.neoforged.fml.javafmlmod.FMLModContainer/LOADING]: Creating FMLModContainer instance for [moe.prwk.emiffect.loaders.neoforge.NeoForgeEntrypoint]
[05May2026 00:44:05.604] [Render thread/DEBUG] [net.neoforged.fml.javafmlmod.FMLModContainer/LOADING]: Creating FMLModContainer instance for [com.cupboard.Cupboard]
[05May2026 00:44:05.604] [Render thread/DEBUG] [net.neoforged.fml.javafmlmod.FMLModContainer/LOADING]: Creating FMLModContainer instance for [dev.shadowsoffire.apothic_enchanting.ApothicEnchanting]
[05May2026 00:44:05.605] [Render thread/DEBUG] [net.neoforged.fml.javafmlmod.FMLModContainer/LOADING]: Creating FMLModContainer instance for [dev.shadowsoffire.apotheosis.Apotheosis]
[05May2026 00:44:05.605] [Render thread/DEBUG] [net.neoforged.fml.javafmlmod.FMLModContainer/LOADING]: Creating FMLModContainer instance for [com.mrbysco.emiprofessions.EMIProfessionsNeoForge]
[05May2026 00:44:05.605] [Render thread/DEBUG] [net.neoforged.fml.javafmlmod.FMLModContainer/LOADING]: Creating FMLModContainer instance for [com.tom.storagemod.StorageMod]
[05May2026 00:44:05.605] [Render thread/DEBUG] [net.neoforged.fml.javafmlmod.FMLModContainer/LOADING]: Creating FMLModContainer instance for [net.creeperhost.polylib.neoforge.PolyLibNeoForge]
[05May2026 00:44:05.607] [Render thread/DEBUG] [net.neoforged.fml.javafmlmod.FMLModContainer/LOADING]: Creating FMLModContainer instance for [net.creeperhost.ftbbackups.neoforge.FTBBackupsNeoForge]
[05May2026 00:44:05.607] [Render thread/DEBUG] [net.neoforged.fml.javafmlmod.FMLModContainer/LOADING]: Creating FMLModContainer instance for [io.github.flemmli97.improvedmobs.neoforge.ImprovedMobsNeoForge]
[05May2026 00:44:05.607] [Render thread/DEBUG] [net.neoforged.fml.javafmlmod.FMLModContainer/LOADING]: Creating FMLModContainer instance for [be.florens.expandability.neoforge.ExpandAbilityForge]
[05May2026 00:44:05.608] [Render thread/DEBUG] [net.neoforged.fml.javafmlmod.FMLModContainer/LOADING]: Creating FMLModContainer instance for [de.cristelknight.tt.neoforge.TTNeoForge]
[05May2026 00:44:05.608] [Render thread/DEBUG] [net.neoforged.fml.javafmlmod.FMLModContainer/LOADING]: Creating FMLModContainer instance for [net.olafski.fastleafdecay.FastLeafDecay]
[05May2026 00:44:05.608] [Render thread/DEBUG] [net.neoforged.fml.javafmlmod.FMLModContainer/LOADING]: Creating FMLModContainer instance for [de.cristelknight.cristellib.neoforge.CristelLibForge]
[05May2026 00:44:05.613] [modloading-worker-0/DEBUG] [net.neoforged.fml.javafmlmod.AutomaticEventSubscriber/LOADING]: Attempting to inject @EventBusSubscriber classes into the eventbus for jei
[05May2026 00:44:05.613] [modloading-worker-0/INFO] [tfar.quickstack.DropOff/]: Quickstack Reborn initializing for 1.21.1...
[05May2026 00:44:05.616] [modloading-worker-0/DEBUG] [mixin/]: Mixing DataProviderMixin from placebo.mixins.json into net.minecraft.data.DataProvider
[05May2026 00:44:05.616] [modloading-worker-0/DEBUG] [mixin/]: Renaming synthetic method lambda$saveStable$0(Lcom/google/gson/JsonElement;Ljava/nio/file/Path;Lnet/minecraft/data/CachedOutput;)V to md9b8020$placebo$lambda$saveStable$0$0 in placebo.mixins.json:DataProviderMixin from mod placebo
[05May2026 00:44:05.620] [modloading-worker-0/DEBUG] [mixin/]: Mixing MixinCaelusApi from caelus.mixins.json into com.illusivesoulworks.caelus.api.CaelusApi
[05May2026 00:44:05.621] [modloading-worker-0/DEBUG] [mixin/]: caelus.mixins.json:MixinCaelusApi from mod caelus: Class version 65 required is higher than the class version supported by the current version of Mixin (JAVA_17 supports class version 61)
[05May2026 00:44:05.621] [modloading-worker-0/DEBUG] [mixin/]: caelus.mixins.json:MixinCaelusApi from mod caelus->@Inject::caelus$getInstance(Lorg/spongepowered/asm/mixin/injection/callback/CallbackInfoReturnable;)V does use it's CallbackInfoReturnable
[05May2026 00:44:05.625] [modloading-worker-0/DEBUG] [Caelus API/]: Loaded com.illusivesoulworks.caelus.platform.services.CaelusNeoForgeRegistry@73966743 for service interface com.illusivesoulworks.caelus.platform.services.IRegistryFactory
[05May2026 00:44:05.627] [modloading-worker-0/DEBUG] [Caelus API/]: Loaded com.illusivesoulworks.caelus.platform.services.CaelusNeoForge@de48ea6 for service interface com.illusivesoulworks.caelus.platform.services.ICaelusPlatform
[05May2026 00:44:05.628] [modloading-worker-0/DEBUG] [xaero.lib.XaeroLib/]: Loaded xaero.lib.platform.services.PlatformHelperNeoForge@4d82008d for service interface xaero.lib.platform.services.IPlatformHelper
[05May2026 00:44:05.629] [modloading-worker-0/DEBUG] [net.neoforged.fml.javafmlmod.AutomaticEventSubscriber/LOADING]: Attempting to inject @EventBusSubscriber classes into the eventbus for controlling
[05May2026 00:44:05.629] [modloading-worker-0/DEBUG] [net.neoforged.fml.javafmlmod.AutomaticEventSubscriber/LOADING]: Attempting to inject @EventBusSubscriber classes into the eventbus for structureessentials
[05May2026 00:44:05.629] [modloading-worker-0/DEBUG] [xaero.map.WorldMap/]: Loaded xaero.map.platform.services.NeoForgePlatformHelper@5efd883c for service interface xaero.map.platform.services.IPlatformHelper
[05May2026 00:44:05.629] [modloading-worker-0/DEBUG] [net.neoforged.fml.javafmlmod.AutomaticEventSubscriber/LOADING]: Attempting to inject @EventBusSubscriber classes into the eventbus for gpumemleakfix
[05May2026 00:44:05.631] [modloading-worker-0/DEBUG] [mixin/]: Mixing perf.capability_list_compaction.RegisterCapabilitiesEventMixin from modernfix-modernfix.mixins.json into net.neoforged.neoforge.capabilities.RegisterCapabilitiesEvent
[05May2026 00:44:05.634] [modloading-worker-0/DEBUG] [mixin/]: modernfix-modernfix.mixins.json:perf.capability_list_compaction.RegisterCapabilitiesEventMixin from mod modernfix->@Inject::trackBlockCap(Lnet/neoforged/neoforge/capabilities/BlockCapability;Lnet/neoforged/neoforge/capabilities/IBlockCapabilityProvider;[Lnet/minecraft/world/level/block/Block;Lorg/spongepowered/asm/mixin/injection/callback/CallbackInfo;)V doesn't use it's CallbackInfo
[05May2026 00:44:05.634] [modloading-worker-0/DEBUG] [mixin/]: modernfix-modernfix.mixins.json:perf.capability_list_compaction.RegisterCapabilitiesEventMixin from mod modernfix->@Inject::trackBlockCap(Lnet/neoforged/neoforge/capabilities/BlockCapability;Lnet/neoforged/neoforge/capabilities/IBlockCapabilityProvider;[Lnet/minecraft/world/level/block/Block;Lorg/spongepowered/asm/mixin/injection/callback/CallbackInfo;)V has 0 override(s) in child classes
[05May2026 00:44:05.635] [modloading-worker-0/DEBUG] [mixin/]: modernfix-modernfix.mixins.json:perf.capability_list_compaction.RegisterCapabilitiesEventMixin from mod modernfix->@Inject::trackBlockCap(Lnet/neoforged/neoforge/capabilities/BlockCapability;Lnet/neoforged/neoforge/capabilities/IBlockCapabilityProvider;[Lnet/minecraft/world/level/block/Block;Lorg/spongepowered/asm/mixin/injection/callback/CallbackInfo;)V won't be passed a CallbackInfo as a result
[05May2026 00:44:05.635] [modloading-worker-0/DEBUG] [mixin/]: modernfix-modernfix.mixins.json:perf.capability_list_compaction.RegisterCapabilitiesEventMixin from mod modernfix->@Inject::trackBlockEntityCap(Lnet/neoforged/neoforge/capabilities/BlockCapability;Lnet/minecraft/world/level/block/entity/BlockEntityType;Lnet/neoforged/neoforge/capabilities/ICapabilityProvider;Lorg/spongepowered/asm/mixin/injection/callback/CallbackInfo;)V doesn't use it's CallbackInfo
[05May2026 00:44:05.635] [modloading-worker-0/DEBUG] [mixin/]: modernfix-modernfix.mixins.json:perf.capability_list_compaction.RegisterCapabilitiesEventMixin from mod modernfix->@Inject::trackBlockEntityCap(Lnet/neoforged/neoforge/capabilities/BlockCapability;Lnet/minecraft/world/level/block/entity/BlockEntityType;Lnet/neoforged/neoforge/capabilities/ICapabilityProvider;Lorg/spongepowered/asm/mixin/injection/callback/CallbackInfo;)V has 0 override(s) in child classes
[05May2026 00:44:05.635] [modloading-worker-0/DEBUG] [mixin/]: modernfix-modernfix.mixins.json:perf.capability_list_compaction.RegisterCapabilitiesEventMixin from mod modernfix->@Inject::trackBlockEntityCap(Lnet/neoforged/neoforge/capabilities/BlockCapability;Lnet/minecraft/world/level/block/entity/BlockEntityType;Lnet/neoforged/neoforge/capabilities/ICapabilityProvider;Lorg/spongepowered/asm/mixin/injection/callback/CallbackInfo;)V won't be passed a CallbackInfo as a result
[05May2026 00:44:05.635] [modloading-worker-0/DEBUG] [mixin/]: modernfix-modernfix.mixins.json:perf.capability_list_compaction.RegisterCapabilitiesEventMixin from mod modernfix->@Inject::trackItemCap(Lnet/neoforged/neoforge/capabilities/ItemCapability;Lnet/neoforged/neoforge/capabilities/ICapabilityProvider;[Lnet/minecraft/world/level/ItemLike;Lorg/spongepowered/asm/mixin/injection/callback/CallbackInfo;)V doesn't use it's CallbackInfo
[05May2026 00:44:05.635] [modloading-worker-0/DEBUG] [mixin/]: modernfix-modernfix.mixins.json:perf.capability_list_compaction.RegisterCapabilitiesEventMixin from mod modernfix->@Inject::trackItemCap(Lnet/neoforged/neoforge/capabilities/ItemCapability;Lnet/neoforged/neoforge/capabilities/ICapabilityProvider;[Lnet/minecraft/world/level/ItemLike;Lorg/spongepowered/asm/mixin/injection/callback/CallbackInfo;)V has 0 override(s) in child classes
[05May2026 00:44:05.635] [modloading-worker-0/DEBUG] [mixin/]: modernfix-modernfix.mixins.json:perf.capability_list_compaction.RegisterCapabilitiesEventMixin from mod modernfix->@Inject::trackItemCap(Lnet/neoforged/neoforge/capabilities/ItemCapability;Lnet/neoforged/neoforge/capabilities/ICapabilityProvider;[Lnet/minecraft/world/level/ItemLike;Lorg/spongepowered/asm/mixin/injection/callback/CallbackInfo;)V won't be passed a CallbackInfo as a result
[05May2026 00:44:05.635] [modloading-worker-0/DEBUG] [mixin/]: modernfix-modernfix.mixins.json:perf.capability_list_compaction.RegisterCapabilitiesEventMixin from mod modernfix->@Inject::trackEntityCap(Lnet/neoforged/neoforge/capabilities/EntityCapability;Lnet/minecraft/world/entity/EntityType;Lnet/neoforged/neoforge/capabilities/ICapabilityProvider;Lorg/spongepowered/asm/mixin/injection/callback/CallbackInfo;)V doesn't use it's CallbackInfo
[05May2026 00:44:05.635] [modloading-worker-0/DEBUG] [mixin/]: modernfix-modernfix.mixins.json:perf.capability_list_compaction.RegisterCapabilitiesEventMixin from mod modernfix->@Inject::trackEntityCap(Lnet/neoforged/neoforge/capabilities/EntityCapability;Lnet/minecraft/world/entity/EntityType;Lnet/neoforged/neoforge/capabilities/ICapabilityProvider;Lorg/spongepowered/asm/mixin/injection/callback/CallbackInfo;)V has 0 override(s) in child classes
[05May2026 00:44:05.635] [modloading-worker-0/DEBUG] [mixin/]: modernfix-modernfix.mixins.json:perf.capability_list_compaction.RegisterCapabilitiesEventMixin from mod modernfix->@Inject::trackEntityCap(Lnet/neoforged/neoforge/capabilities/EntityCapability;Lnet/minecraft/world/entity/EntityType;Lnet/neoforged/neoforge/capabilities/ICapabilityProvider;Lorg/spongepowered/asm/mixin/injection/callback/CallbackInfo;)V won't be passed a CallbackInfo as a result
[05May2026 00:44:05.635] [modloading-worker-0/DEBUG] [mixin/]: Mixing config.ModConfigMixin from reliquified_artifacts.mixins.json into artifacts.config.ModConfig
[05May2026 00:44:05.635] [modloading-worker-0/DEBUG] [mixin/]: reliquified_artifacts.mixins.json:config.ModConfigMixin from mod reliquified_artifacts: Class version 65 required is higher than the class version supported by the current version of Mixin (JAVA_8 supports class version 52)
[05May2026 00:44:05.635] [modloading-worker-0/DEBUG] [mixin/]: reliquified_artifacts.mixins.json:config.ModConfigMixin from mod reliquified_artifacts->@Inject::getNightVisionScale(Lorg/spongepowered/asm/mixin/injection/callback/CallbackInfo;)V does use it's CallbackInfo
[05May2026 00:44:05.637] [modloading-worker-0/DEBUG] [mixin/]: Mixing config.ConfigManagerMixin from reliquified_artifacts.mixins.json into artifacts.config.ConfigManager
[05May2026 00:44:05.637] [modloading-worker-0/DEBUG] [mixin/]: reliquified_artifacts.mixins.json:config.ConfigManagerMixin from mod reliquified_artifacts: Class version 65 required is higher than the class version supported by the current version of Mixin (JAVA_8 supports class version 52)
[05May2026 00:44:05.637] [modloading-worker-0/DEBUG] [mixin/]: reliquified_artifacts.mixins.json:config.ConfigManagerMixin from mod reliquified_artifacts->@Inject::readValuesFromConfig(Lorg/spongepowered/asm/mixin/injection/callback/CallbackInfo;)V does use it's CallbackInfo
[05May2026 00:44:05.637] [modloading-worker-0/DEBUG] [GeckoLib/]: Loaded software.bernie.geckolib.platform.GeckoLibNeoForge@4ba55d82 for service interface software.bernie.geckolib.service.GeckoLibPlatform
[05May2026 00:44:05.637] [modloading-worker-0/DEBUG] [GeckoLib/]: Loaded software.bernie.geckolib.network.GeckoLibNetworkingNeoForge@35843d1e for service interface software.bernie.geckolib.service.GeckoLibNetworking
[05May2026 00:44:05.637] [modloading-worker-0/DEBUG] [mixin/]: reliquified_artifacts.mixins.json:config.ConfigManagerMixin from mod reliquified_artifacts->@Inject::setCi(Lorg/spongepowered/asm/mixin/injection/callback/CallbackInfo;)V does use it's CallbackInfo
[05May2026 00:44:05.637] [modloading-worker-0/DEBUG] [net.neoforged.fml.javafmlmod.AutomaticEventSubscriber/LOADING]: Attempting to inject @EventBusSubscriber classes into the eventbus for craftingstation
[05May2026 00:44:05.637] [modloading-worker-0/DEBUG] [net.neoforged.fml.javafmlmod.AutomaticEventSubscriber/LOADING]: Scanning class com.leclowndu93150.craftingstationjei.init.ModItems for @SubscribeEvent-annotated methods
[05May2026 00:44:05.639] [modloading-worker-0/DEBUG] [net.neoforged.fml.javafmlmod.AutomaticEventSubscriber/LOADING]: Attempting to inject @EventBusSubscriber classes into the eventbus for lootintegrations
[05May2026 00:44:05.639] [modloading-worker-0/DEBUG] [net.neoforged.fml.javafmlmod.AutomaticEventSubscriber/LOADING]: Attempting to inject @EventBusSubscriber classes into the eventbus for connectivity
[05May2026 00:44:05.639] [modloading-worker-0/DEBUG] [net.neoforged.fml.javafmlmod.AutomaticEventSubscriber/]: Subscribing @EventBusSubscriber class Lcom/leclowndu93150/craftingstationjei/init/ModItems; to the mod event bus of mod craftingstation
[05May2026 00:44:05.639] [modloading-worker-0/DEBUG] [net.neoforged.fml.javafmlmod.AutomaticEventSubscriber/LOADING]: Attempting to inject @EventBusSubscriber classes into the eventbus for elytraslot
[05May2026 00:44:05.640] [modloading-worker-0/DEBUG] [net.neoforged.fml.javafmlmod.AutomaticEventSubscriber/LOADING]: Scanning class com.leclowndu93150.craftingstationjei.Craftingstationjei$ClientEvents for @SubscribeEvent-annotated methods
[05May2026 00:44:05.640] [modloading-worker-0/DEBUG] [net.neoforged.fml.javafmlmod.AutomaticEventSubscriber/LOADING]: Attempting to inject @EventBusSubscriber classes into the eventbus for caelus
[05May2026 00:44:05.643] [modloading-worker-0/DEBUG] [net.neoforged.fml.javafmlmod.AutomaticEventSubscriber/]: Subscribing @EventBusSubscriber class Lcom/leclowndu93150/craftingstationjei/Craftingstationjei$ClientEvents; to the mod event bus of mod craftingstation
[05May2026 00:44:05.643] [modloading-worker-0/DEBUG] [net.neoforged.fml.javafmlmod.AutomaticEventSubscriber/LOADING]: Attempting to inject @EventBusSubscriber classes into the eventbus for configured
[05May2026 00:44:05.643] [modloading-worker-0/DEBUG] [net.neoforged.fml.javafmlmod.AutomaticEventSubscriber/LOADING]: Scanning class com.mrcrayfish.configured.network.NeoForgeNetwork for @SubscribeEvent-annotated methods
[05May2026 00:44:05.645] [modloading-worker-0/DEBUG] [net.neoforged.fml.javafmlmod.AutomaticEventSubscriber/LOADING]: Attempting to inject @EventBusSubscriber classes into the eventbus for geckolib
[05May2026 00:44:05.649] [modloading-worker-0/DEBUG] [net.neoforged.fml.javafmlmod.AutomaticEventSubscriber/LOADING]: Attempting to inject @EventBusSubscriber classes into the eventbus for kuma_api
[05May2026 00:44:05.649] [modloading-worker-0/DEBUG] [net.neoforged.fml.javafmlmod.AutomaticEventSubscriber/LOADING]: Attempting to inject @EventBusSubscriber classes into the eventbus for coolcatlib
[05May2026 00:44:05.651] [modloading-worker-0/DEBUG] [net.neoforged.fml.javafmlmod.AutomaticEventSubscriber/LOADING]: Attempting to inject @EventBusSubscriber classes into the eventbus for distanthorizons
[05May2026 00:44:05.652] [modloading-worker-0/DEBUG] [net.neoforged.fml.javafmlmod.AutomaticEventSubscriber/LOADING]: Attempting to inject @EventBusSubscriber classes into the eventbus for cloth_config
[05May2026 00:44:05.655] [modloading-worker-0/DEBUG] [net.neoforged.fml.javafmlmod.AutomaticEventSubscriber/]: Subscribing @EventBusSubscriber class Lcom/mrcrayfish/configured/network/NeoForgeNetwork; to the mod event bus of mod configured
[05May2026 00:44:05.655] [modloading-worker-0/DEBUG] [net.neoforged.fml.javafmlmod.AutomaticEventSubscriber/LOADING]: Scanning class com.mrcrayfish.configured.client.NeoForgeClientEvents for @SubscribeEvent-annotated methods
[05May2026 00:44:05.657] [modloading-worker-0/DEBUG] [mixin/]: Mixing TextureAtlasSpriteMixin from fusion.mixins.json into net.minecraft.client.renderer.texture.TextureAtlasSprite
[05May2026 00:44:05.657] [modloading-worker-0/DEBUG] [mixin/]: fusion.mixins.json:TextureAtlasSpriteMixin from mod fusion: Class version 65 required is higher than the class version supported by the current version of Mixin (JAVA_17 supports class version 61)
[05May2026 00:44:05.658] [modloading-worker-0/DEBUG] [net.neoforged.fml.config.ConfigTracker/CONFIG]: Config file quickstack-client.toml for quickstack tracking
[05May2026 00:44:05.658] [modloading-worker-0/DEBUG] [net.neoforged.fml.config.ConfigTracker/CONFIG]: Config file incontrol-server.toml for incontrol tracking
[05May2026 00:44:05.658] [modloading-worker-0/DEBUG] [net.neoforged.fml.config.ConfigTracker/CONFIG]: Config file quickstack-common.toml for quickstack tracking
[05May2026 00:44:05.658] [modloading-worker-0/DEBUG] [net.neoforged.fml.config.ConfigTracker/CONFIG]: Config file sophisticatedcore-common.toml for sophisticatedcore tracking
[05May2026 00:44:05.658] [modloading-worker-0/DEBUG] [net.neoforged.fml.config.ConfigTracker/CONFIG]: Config file sophisticatedcore-client.toml for sophisticatedcore tracking
[05May2026 00:44:05.663] [modloading-worker-0/DEBUG] [mixin/]: Mixing init.ModItemsMixin from reliquified_artifacts.mixins.json into artifacts.registry.ModItems
[05May2026 00:44:05.663] [modloading-worker-0/DEBUG] [net.neoforged.fml.javafmlmod.AutomaticEventSubscriber/]: Subscribing @EventBusSubscriber class Lcom/mrcrayfish/configured/client/NeoForgeClientEvents; to the game event bus
[05May2026 00:44:05.663] [modloading-worker-0/DEBUG] [mixin/]: reliquified_artifacts.mixins.json:init.ModItemsMixin from mod reliquified_artifacts: Class version 65 required is higher than the class version supported by the current version of Mixin (JAVA_8 supports class version 52)
[05May2026 00:44:05.663] [modloading-worker-0/DEBUG] [net.neoforged.fml.javafmlmod.AutomaticEventSubscriber/LOADING]: Attempting to inject @EventBusSubscriber classes into the eventbus for quickstack
[05May2026 00:44:05.663] [modloading-worker-0/DEBUG] [net.neoforged.fml.javafmlmod.AutomaticEventSubscriber/LOADING]: Scanning class tfar.quickstack.client.ClientInit for @SubscribeEvent-annotated methods
[05May2026 00:44:05.663] [modloading-worker-0/DEBUG] [net.neoforged.fml.javafmlmod.AutomaticEventSubscriber/]: Subscribing @EventBusSubscriber class Ltfar/quickstack/client/ClientInit; to the mod event bus of mod quickstack
[05May2026 00:44:05.683] [modloading-worker-0/DEBUG] [mixin/]: Mixing SpriteContentsMixin from fusion.mixins.json into net.minecraft.client.renderer.texture.SpriteContents
[05May2026 00:44:05.683] [modloading-worker-0/DEBUG] [mixin/]: fusion.mixins.json:SpriteContentsMixin from mod fusion: Class version 65 required is higher than the class version supported by the current version of Mixin (JAVA_17 supports class version 61)
[05May2026 00:44:05.683] [modloading-worker-0/DEBUG] [mixin/]: Renaming synthetic method lambda$initMetadata$0(Lcom/supermartijn642/fusion/api/util/Pair;)V to md9b8020$fusion$lambda$initMetadata$0$0 in fusion.mixins.json:SpriteContentsMixin from mod fusion
[05May2026 00:44:05.684] [modloading-worker-0/DEBUG] [net.neoforged.fml.javafmlmod.AutomaticEventSubscriber/LOADING]: Attempting to inject @EventBusSubscriber classes into the eventbus for incontrol
[05May2026 00:44:05.684] [modloading-worker-0/DEBUG] [net.neoforged.fml.javafmlmod.AutomaticEventSubscriber/LOADING]: Scanning class com.mrcrayfish.configured.client.ClientConfigured for @SubscribeEvent-annotated methods
[05May2026 00:44:05.684] [modloading-worker-0/DEBUG] [mixin/]: fusion.mixins.json:SpriteContentsMixin from mod fusion->@Inject::initMetadata(Lnet/minecraft/resources/ResourceLocation;Lnet/minecraft/client/resources/metadata/animation/FrameSize;Lcom/mojang/blaze3d/platform/NativeImage;Lnet/minecraft/server/packs/resources/ResourceMetadata;Lorg/spongepowered/asm/mixin/injection/callback/CallbackInfo;)V doesn't use it's CallbackInfo
[05May2026 00:44:05.684] [modloading-worker-0/DEBUG] [mixin/]: fusion.mixins.json:SpriteContentsMixin from mod fusion->@Inject::initMetadata(Lnet/minecraft/resources/ResourceLocation;Lnet/minecraft/client/resources/metadata/animation/FrameSize;Lcom/mojang/blaze3d/platform/NativeImage;Lnet/minecraft/server/packs/resources/ResourceMetadata;Lorg/spongepowered/asm/mixin/injection/callback/CallbackInfo;)V has 0 override(s) in child classes
[05May2026 00:44:05.684] [modloading-worker-0/DEBUG] [mixin/]: fusion.mixins.json:SpriteContentsMixin from mod fusion->@Inject::initMetadata(Lnet/minecraft/resources/ResourceLocation;Lnet/minecraft/client/resources/metadata/animation/FrameSize;Lcom/mojang/blaze3d/platform/NativeImage;Lnet/minecraft/server/packs/resources/ResourceMetadata;Lorg/spongepowered/asm/mixin/injection/callback/CallbackInfo;)V won't be passed a CallbackInfo as a result
[05May2026 00:44:05.685] [modloading-worker-0/DEBUG] [net.neoforged.fml.javafmlmod.AutomaticEventSubscriber/]: Subscribing @EventBusSubscriber class Lcom/mrcrayfish/configured/client/ClientConfigured; to the mod event bus of mod configured
[05May2026 00:44:05.686] [modloading-worker-0/DEBUG] [net.neoforged.fml.javafmlmod.AutomaticEventSubscriber/LOADING]: Attempting to inject @EventBusSubscriber classes into the eventbus for toofast
[05May2026 00:44:05.691] [modloading-worker-0/DEBUG] [net.neoforged.neoforge.internal.versions.neoforge.NeoForgeVersion/CORE]: Found NeoForge version 21.1.228
[05May2026 00:44:05.691] [modloading-worker-0/DEBUG] [artifacts.Artifacts/]: Loaded artifacts.neoforge.platform.NeoForgePlatformHelper@31428f68 for service interface artifacts.platform.PlatformHelper
[05May2026 00:44:05.691] [modloading-worker-0/DEBUG] [net.neoforged.neoforge.internal.versions.neoforge.NeoForgeVersion/CORE]: Found FML version 4.0.42
[05May2026 00:44:05.691] [modloading-worker-0/INFO] [net.neoforged.neoforge.common.NeoForgeMod/NEOFORGE-MOD]: NeoForge mod loading, version 21.1.228, for MC 1.21.1
[05May2026 00:44:05.692] [modloading-worker-0/DEBUG] [mixin/]: Mixing compat.sophisticatedbackpacks.CommonEventHandlerMixin from reliquified_artifacts.mixins.json into net.p3pp3rf1y.sophisticatedbackpacks.common.CommonEventHandler
[05May2026 00:44:05.692] [modloading-worker-0/DEBUG] [mixin/]: reliquified_artifacts.mixins.json:compat.sophisticatedbackpacks.CommonEventHandlerMixin from mod reliquified_artifacts: Class version 65 required is higher than the class version supported by the current version of Mixin (JAVA_8 supports class version 52)
[05May2026 00:44:05.693] [modloading-worker-0/DEBUG] [mixin/]: reliquified_artifacts.mixins.json:compat.sophisticatedbackpacks.CommonEventHandlerMixin from mod reliquified_artifacts->@Inject::reliquified_artifacts$awardAttractorXpOnBackpackPickup(Lnet/neoforged/neoforge/event/entity/player/ItemEntityPickupEvent$Pre;Lorg/spongepowered/asm/mixin/injection/callback/CallbackInfo;)V doesn't use it's CallbackInfo
[05May2026 00:44:05.693] [modloading-worker-0/DEBUG] [mixin/]: reliquified_artifacts.mixins.json:compat.sophisticatedbackpacks.CommonEventHandlerMixin from mod reliquified_artifacts->@Inject::reliquified_artifacts$awardAttractorXpOnBackpackPickup(Lnet/neoforged/neoforge/event/entity/player/ItemEntityPickupEvent$Pre;Lorg/spongepowered/asm/mixin/injection/callback/CallbackInfo;)V has 0 override(s) in child classes
[05May2026 00:44:05.693] [modloading-worker-0/DEBUG] [mixin/]: reliquified_artifacts.mixins.json:compat.sophisticatedbackpacks.CommonEventHandlerMixin from mod reliquified_artifacts->@Inject::reliquified_artifacts$awardAttractorXpOnBackpackPickup(Lnet/neoforged/neoforge/event/entity/player/ItemEntityPickupEvent$Pre;Lorg/spongepowered/asm/mixin/injection/callback/CallbackInfo;)V won't be passed a CallbackInfo as a result
[05May2026 00:44:05.696] [modloading-worker-0/DEBUG] [net.neoforged.fml.config.ConfigTracker/CONFIG]: Config file modernfix-common.toml for modernfix tracking
[05May2026 00:44:05.696] [modloading-worker-0/DEBUG] [net.neoforged.fml.javafmlmod.AutomaticEventSubscriber/LOADING]: Attempting to inject @EventBusSubscriber classes into the eventbus for modernfix
[05May2026 00:44:05.696] [modloading-worker-0/DEBUG] [mixin/]: Mixing item.UmbrellaItemMixin from mixins.artifacts.neoforge.json into artifacts.item.UmbrellaItem
[05May2026 00:44:05.698] [modloading-worker-0/DEBUG] [net.neoforged.fml.javafmlmod.AutomaticEventSubscriber/LOADING]: Attempting to inject @EventBusSubscriber classes into the eventbus for emi
[05May2026 00:44:05.698] [modloading-worker-0/DEBUG] [net.neoforged.fml.javafmlmod.AutomaticEventSubscriber/LOADING]: Scanning class dev.emi.emi.platform.neoforge.EmiClientNeoForge for @SubscribeEvent-annotated methods
[05May2026 00:44:05.698] [modloading-worker-0/DEBUG] [net.neoforged.fml.javafmlmod.AutomaticEventSubscriber/LOADING]: Attempting to inject @EventBusSubscriber classes into the eventbus for placebo
[05May2026 00:44:05.698] [modloading-worker-0/DEBUG] [net.neoforged.fml.javafmlmod.AutomaticEventSubscriber/LOADING]: Scanning class dev.shadowsoffire.placebo.util.PlaceboTaskQueue$Impl for @SubscribeEvent-annotated methods
[05May2026 00:44:05.700] [modloading-worker-0/DEBUG] [net.neoforged.fml.javafmlmod.AutomaticEventSubscriber/]: Subscribing @EventBusSubscriber class Ldev/shadowsoffire/placebo/util/PlaceboTaskQueue$Impl; to the game event bus
[05May2026 00:44:05.701] [modloading-worker-0/DEBUG] [mixin/]: Mixing CollectionTagMixin from kubejs.mixins.json into net.minecraft.nbt.CollectionTag
[05May2026 00:44:05.703] [modloading-worker-0/DEBUG] [net.neoforged.fml.javafmlmod.AutomaticEventSubscriber/LOADING]: Scanning class dev.shadowsoffire.placebo.systems.wanderer.WandererTradesRegistry for @SubscribeEvent-annotated methods
[05May2026 00:44:05.709] [modloading-worker-0/DEBUG] [net.neoforged.fml.javafmlmod.AutomaticEventSubscriber/LOADING]: Attempting to inject @EventBusSubscriber classes into the eventbus for voicechat
[05May2026 00:44:05.709] [modloading-worker-0/DEBUG] [net.neoforged.fml.javafmlmod.AutomaticEventSubscriber/LOADING]: Attempting to inject @EventBusSubscriber classes into the eventbus for voicechat_api
[05May2026 00:44:05.710] [modloading-worker-0/DEBUG] [net.neoforged.fml.config.ConfigTracker/CONFIG]: Config file neoforge-client.toml for neoforge tracking
[05May2026 00:44:05.710] [modloading-worker-0/DEBUG] [net.neoforged.fml.config.ConfigTracker/CONFIG]: Config file neoforge-server.toml for neoforge tracking
[05May2026 00:44:05.710] [modloading-worker-0/DEBUG] [net.neoforged.fml.config.ConfigTracker/CONFIG]: Config file neoforge-common.toml for neoforge tracking
[05May2026 00:44:05.713] [modloading-worker-0/DEBUG] [net.neoforged.fml.javafmlmod.AutomaticEventSubscriber/]: Subscribing @EventBusSubscriber class Ldev/emi/emi/platform/neoforge/EmiClientNeoForge; to the mod event bus of mod emi
[05May2026 00:44:05.725] [modloading-worker-0/DEBUG] [mixin/]: Mixing NumericTagMixin from kubejs.mixins.json into net.minecraft.nbt.NumericTag
[05May2026 00:44:05.729] [modloading-worker-0/DEBUG] [net.neoforged.fml.javafmlmod.AutomaticEventSubscriber/LOADING]: Attempting to inject @EventBusSubscriber classes into the eventbus for emi_enchanting
[05May2026 00:44:05.735] [modloading-worker-0/DEBUG] [mixin/]: Mixing JemiUtilMixin from toomanyrecipeviewers.mixins.json into dev.emi.emi.jemi.JemiUtil
[05May2026 00:44:05.736] [modloading-worker-0/DEBUG] [mixin/]: Renaming synthetic method lambda$tmrv$getTyped$HEAD$5(Lorg/spongepowered/asm/mixin/injection/callback/CallbackInfoReturnable;)V to md9b8020$toomanyrecip$lambda$tmrv$getTyped$HEAD$5$0 in toomanyrecipeviewers.mixins.json:JemiUtilMixin from mod (unknown)
[05May2026 00:44:05.736] [modloading-worker-0/DEBUG] [mixin/]: Renaming synthetic method lambda$tmrv$getTyped$HEAD$4(Lorg/spongepowered/asm/mixin/injection/callback/CallbackInfoReturnable;Ldev/emi/emi/api/stack/EmiStack;Ldev/nolij/toomanyrecipeviewers/impl/jei/api/runtime/IngredientManager;)V to md9b8020$toomanyrecip$lambda$tmrv$getTyped$HEAD$4$1 in toomanyrecipeviewers.mixins.json:JemiUtilMixin from mod (unknown)
[05May2026 00:44:05.736] [modloading-worker-0/DEBUG] [mixin/]: Renaming synthetic method lambda$tmrv$getStack_type_ingredient$HEAD$3(Lorg/spongepowered/asm/mixin/injection/callback/CallbackInfoReturnable;)V to md9b8020$toomanyrecip$lambda$tmrv$getStack_type_ingredient$HEAD$3$2 in toomanyrecipeviewers.mixins.json:JemiUtilMixin from mod (unknown)
[05May2026 00:44:05.736] [modloading-worker-0/DEBUG] [mixin/]: Renaming synthetic method lambda$tmrv$getStack_type_ingredient$HEAD$2(Lorg/spongepowered/asm/mixin/injection/callback/CallbackInfoReturnable;Lmezz/jei/api/ingredients/IIngredientType;Ljava/lang/Object;Ldev/nolij/toomanyrecipeviewers/impl/jei/api/runtime/IngredientManager;)V to md9b8020$toomanyrecip$lambda$tmrv$getStack_type_ingredient$HEAD$2$3 in toomanyrecipeviewers.mixins.json:JemiUtilMixin from mod (unknown)
[05May2026 00:44:05.736] [modloading-worker-0/DEBUG] [mixin/]: Renaming synthetic method lambda$tmrv$getStack_typedingredient$HEAD$1(Lorg/spongepowered/asm/mixin/injection/callback/CallbackInfoReturnable;)V to md9b8020$toomanyrecip$lambda$tmrv$getStack_typedingredient$HEAD$1$4 in toomanyrecipeviewers.mixins.json:JemiUtilMixin from mod (unknown)
[05May2026 00:44:05.736] [modloading-worker-0/DEBUG] [mixin/]: Renaming synthetic method lambda$tmrv$getStack_typedingredient$HEAD$0(Lorg/spongepowered/asm/mixin/injection/callback/CallbackInfoReturnable;Lmezz/jei/api/ingredients/ITypedIngredient;Ldev/nolij/toomanyrecipeviewers/impl/jei/api/runtime/IngredientManager;)V to md9b8020$toomanyrecip$lambda$tmrv$getStack_typedingredient$HEAD$0$5 in toomanyrecipeviewers.mixins.json:JemiUtilMixin from mod (unknown)
[05May2026 00:44:05.739] [modloading-worker-0/DEBUG] [mixin/]: toomanyrecipeviewers.mixins.json:JemiUtilMixin from mod (unknown)->@Inject::tmrv$getStack_typedingredient$HEAD(Lmezz/jei/api/ingredients/ITypedIngredient;Lorg/spongepowered/asm/mixin/injection/callback/CallbackInfoReturnable;)V does use it's CallbackInfoReturnable
[05May2026 00:44:05.739] [modloading-worker-0/DEBUG] [mixin/]: toomanyrecipeviewers.mixins.json:JemiUtilMixin from mod (unknown)->@Inject::tmrv$getStack_type_ingredient$HEAD(Lmezz/jei/api/ingredients/IIngredientType;Ljava/lang/Object;Lorg/spongepowered/asm/mixin/injection/callback/CallbackInfoReturnable;)V does use it's CallbackInfoReturnable
[05May2026 00:44:05.739] [modloading-worker-0/DEBUG] [mixin/]: toomanyrecipeviewers.mixins.json:JemiUtilMixin from mod (unknown)->@Inject::tmrv$getTyped$HEAD(Ldev/emi/emi/api/stack/EmiStack;Lorg/spongepowered/asm/mixin/injection/callback/CallbackInfoReturnable;)V does use it's CallbackInfoReturnable
[05May2026 00:44:05.739] [modloading-worker-0/DEBUG] [mixin/]: Mixing forge.LootModifierManagerMixin from lootjs.mixins.json into net.neoforged.neoforge.common.loot.LootModifierManager
[05May2026 00:44:05.740] [modloading-worker-0/DEBUG] [mixin/]: lootjs.mixins.json:forge.LootModifierManagerMixin from mod lootjs->@Inject::lootjs$lootModifierReload(Ljava/util/Map;Lnet/minecraft/server/packs/resources/ResourceManager;Lnet/minecraft/util/profiling/ProfilerFiller;Lorg/spongepowered/asm/mixin/injection/callback/CallbackInfo;)V doesn't use it's CallbackInfo
[05May2026 00:44:05.740] [modloading-worker-0/DEBUG] [mixin/]: lootjs.mixins.json:forge.LootModifierManagerMixin from mod lootjs->@Inject::lootjs$lootModifierReload(Ljava/util/Map;Lnet/minecraft/server/packs/resources/ResourceManager;Lnet/minecraft/util/profiling/ProfilerFiller;Lorg/spongepowered/asm/mixin/injection/callback/CallbackInfo;)V has 0 override(s) in child classes
[05May2026 00:44:05.740] [modloading-worker-0/DEBUG] [mixin/]: lootjs.mixins.json:forge.LootModifierManagerMixin from mod lootjs->@Inject::lootjs$lootModifierReload(Ljava/util/Map;Lnet/minecraft/server/packs/resources/ResourceManager;Lnet/minecraft/util/profiling/ProfilerFiller;Lorg/spongepowered/asm/mixin/injection/callback/CallbackInfo;)V won't be passed a CallbackInfo as a result
[05May2026 00:44:05.742] [modloading-worker-0/DEBUG] [mixin/]: Mixing JemiStackMixin from toomanyrecipeviewers.mixins.json into dev.emi.emi.jemi.JemiStack
[05May2026 00:44:05.743] [modloading-worker-0/DEBUG] [mixin/]: Mixing EmiAgnosMixin from toomanyrecipeviewers.mixins.json into dev.emi.emi.platform.EmiAgnos
[05May2026 00:44:05.743] [modloading-worker-0/DEBUG] [net.neoforged.fml.config.ConfigTracker/CONFIG]: Config file sophisticatedbackpacks-server.toml for sophisticatedbackpacks tracking
[05May2026 00:44:05.743] [modloading-worker-0/DEBUG] [net.neoforged.fml.config.ConfigTracker/CONFIG]: Config file sophisticatedbackpacks-common.toml for sophisticatedbackpacks tracking
[05May2026 00:44:05.745] [modloading-worker-0/DEBUG] [net.neoforged.fml.config.ConfigTracker/CONFIG]: Config file sophisticatedstorage-server.toml for sophisticatedstorage tracking
[05May2026 00:44:05.745] [modloading-worker-0/DEBUG] [net.neoforged.fml.config.ConfigTracker/CONFIG]: Config file sophisticatedstorage-client.toml for sophisticatedstorage tracking
[05May2026 00:44:05.745] [modloading-worker-0/DEBUG] [net.neoforged.fml.config.ConfigTracker/CONFIG]: Config file sophisticatedstorage-common.toml for sophisticatedstorage tracking
[05May2026 00:44:05.748] [modloading-worker-0/DEBUG] [mixin/]: Mixing compat.sophisticatedbackpacks.BackpackItemMixin from relics.mixins.json into net.p3pp3rf1y.sophisticatedbackpacks.backpack.BackpackItem
[05May2026 00:44:05.751] [modloading-worker-0/DEBUG] [mixin/]: relics.mixins.json:compat.sophisticatedbackpacks.BackpackItemMixin from mod relics->@Inject::tick(Lnet/minecraft/world/item/ItemStack;Lnet/minecraft/world/level/Level;Lnet/minecraft/world/entity/Entity;IZLorg/spongepowered/asm/mixin/injection/callback/CallbackInfo;)V doesn't use it's CallbackInfo
[05May2026 00:44:05.751] [modloading-worker-0/DEBUG] [mixin/]: relics.mixins.json:compat.sophisticatedbackpacks.BackpackItemMixin from mod relics->@Inject::tick(Lnet/minecraft/world/item/ItemStack;Lnet/minecraft/world/level/Level;Lnet/minecraft/world/entity/Entity;IZLorg/spongepowered/asm/mixin/injection/callback/CallbackInfo;)V has 0 override(s) in child classes
[05May2026 00:44:05.751] [modloading-worker-0/DEBUG] [mixin/]: relics.mixins.json:compat.sophisticatedbackpacks.BackpackItemMixin from mod relics->@Inject::tick(Lnet/minecraft/world/item/ItemStack;Lnet/minecraft/world/level/Level;Lnet/minecraft/world/entity/Entity;IZLorg/spongepowered/asm/mixin/injection/callback/CallbackInfo;)V won't be passed a CallbackInfo as a result
[05May2026 00:44:05.751] [modloading-worker-0/DEBUG] [mixin/]: Mixing MixinServerNetPlayHandler from toofast.mixins.json into net.minecraft.server.network.ServerGamePacketListenerImpl
[05May2026 00:44:05.751] [modloading-worker-0/DEBUG] [mixin/]: toofast.mixins.json:MixinServerNetPlayHandler from mod toofast: Class version 65 required is higher than the class version supported by the current version of Mixin (JAVA_8 supports class version 52)
[05May2026 00:44:05.751] [modloading-worker-0/DEBUG] [mixin/]: Mixing ServerGamePacketListenerImplMixin from ftbquests-common.mixins.json into net.minecraft.server.network.ServerGamePacketListenerImpl
[05May2026 00:44:05.751] [modloading-worker-0/DEBUG] [mixin/]: ftbquests-common.mixins.json:ServerGamePacketListenerImplMixin from mod ftbquests: Class version 65 required is higher than the class version supported by the current version of Mixin (JAVA_8 supports class version 52)
[05May2026 00:44:05.752] [modloading-worker-0/DEBUG] [mixin/]: Mixing spawn.MixinServerGamePacketListenerImpl from lootr-common.mixins.json into net.minecraft.server.network.ServerGamePacketListenerImpl
[05May2026 00:44:05.754] [modloading-worker-0/DEBUG] [mixin/]: ftbquests-common.mixins.json:ServerGamePacketListenerImplMixin from mod ftbquests->@Inject::handleClientInformation(Lnet/minecraft/network/protocol/common/ServerboundClientInformationPacket;Lorg/spongepowered/asm/mixin/injection/callback/CallbackInfo;)V doesn't use it's CallbackInfo
[05May2026 00:44:05.754] [modloading-worker-0/DEBUG] [mixin/]: ftbquests-common.mixins.json:ServerGamePacketListenerImplMixin from mod ftbquests->@Inject::handleClientInformation(Lnet/minecraft/network/protocol/common/ServerboundClientInformationPacket;Lorg/spongepowered/asm/mixin/injection/callback/CallbackInfo;)V has 0 override(s) in child classes
[05May2026 00:44:05.754] [modloading-worker-0/DEBUG] [mixin/]: ftbquests-common.mixins.json:ServerGamePacketListenerImplMixin from mod ftbquests->@Inject::handleClientInformation(Lnet/minecraft/network/protocol/common/ServerboundClientInformationPacket;Lorg/spongepowered/asm/mixin/injection/callback/CallbackInfo;)V won't be passed a CallbackInfo as a result
[05May2026 00:44:05.761] [modloading-worker-0/DEBUG] [net.neoforged.fml.javafmlmod.AutomaticEventSubscriber/]: Subscribing @EventBusSubscriber class Ldev/shadowsoffire/placebo/systems/wanderer/WandererTradesRegistry; to the game event bus
[05May2026 00:44:05.762] [modloading-worker-0/DEBUG] [mixin/]: Mixing server.MixinServerCommonPacketListenerImpl from mixins/common/nochatreports.mixins.json into net.minecraft.server.network.ServerCommonPacketListenerImpl
[05May2026 00:44:05.762] [modloading-worker-0/DEBUG] [mixin/]: Mixing ServerPlayNetHandlerMixin from connectivity.mixins.json into net.minecraft.server.network.ServerCommonPacketListenerImpl
[05May2026 00:44:05.762] [modloading-worker-0/DEBUG] [mixin/]: Renaming synthetic method lambda$on$0(Lnet/minecraft/network/DisconnectionDetails;)V to md9b8020$connectivity$lambda$on$0$0 in connectivity.mixins.json:ServerPlayNetHandlerMixin from mod connectivity
[05May2026 00:44:05.765] [modloading-worker-0/DEBUG] [mixin/]: mixins/common/nochatreports.mixins.json:server.MixinServerCommonPacketListenerImpl from mod nochatreports->@Inject::onSend(Lnet/minecraft/network/protocol/Packet;Lorg/spongepowered/asm/mixin/injection/callback/CallbackInfo;)V does use it's CallbackInfo
[05May2026 00:44:05.765] [modloading-worker-0/DEBUG] [mixin/]: mixins/common/nochatreports.mixins.json:server.MixinServerCommonPacketListenerImpl from mod nochatreports->@Inject::onSend(Lnet/minecraft/network/protocol/Packet;Lnet/minecraft/network/PacketSendListener;Lorg/spongepowered/asm/mixin/injection/callback/CallbackInfo;)V does use it's CallbackInfo
[05May2026 00:44:05.765] [modloading-worker-0/DEBUG] [mixin/]: connectivity.mixins.json:ServerPlayNetHandlerMixin from mod connectivity->@Inject::on(Lnet/minecraft/network/DisconnectionDetails;Lorg/spongepowered/asm/mixin/injection/callback/CallbackInfo;)V doesn't use it's CallbackInfo
[05May2026 00:44:05.765] [modloading-worker-0/DEBUG] [mixin/]: connectivity.mixins.json:ServerPlayNetHandlerMixin from mod connectivity->@Inject::on(Lnet/minecraft/network/DisconnectionDetails;Lorg/spongepowered/asm/mixin/injection/callback/CallbackInfo;)V has 0 override(s) in child classes
[05May2026 00:44:05.765] [modloading-worker-0/DEBUG] [mixin/]: connectivity.mixins.json:ServerPlayNetHandlerMixin from mod connectivity->@Inject::on(Lnet/minecraft/network/DisconnectionDetails;Lorg/spongepowered/asm/mixin/injection/callback/CallbackInfo;)V won't be passed a CallbackInfo as a result
[05May2026 00:44:05.765] [modloading-worker-0/DEBUG] [net.neoforged.fml.javafmlmod.AutomaticEventSubscriber/LOADING]: Scanning class dev.shadowsoffire.placebo.PlaceboClient for @SubscribeEvent-annotated methods
[05May2026 00:44:05.771] [modloading-worker-0/DEBUG] [net.neoforged.fml.javafmlmod.AutomaticEventSubscriber/LOADING]: Attempting to inject @EventBusSubscriber classes into the eventbus for tenshilib
[05May2026 00:44:05.772] [modloading-worker-0/DEBUG] [net.neoforged.fml.javafmlmod.AutomaticEventSubscriber/LOADING]: Scanning class io.github.flemmli97.tenshilib.neoforge.loader.registry.AttachmentTypeWrapper for @SubscribeEvent-annotated methods
[05May2026 00:44:05.772] [modloading-worker-0/DEBUG] [mixin/]: Mixing accessor.BrewingRecipeRegistryAccessor from emi.mixins.json into net.minecraft.world.item.alchemy.PotionBrewing
[05May2026 00:44:05.772] [modloading-worker-0/DEBUG] [mixin/]: emi.mixins.json:accessor.BrewingRecipeRegistryAccessor from mod emi: Class version 65 required is higher than the class version supported by the current version of Mixin (JAVA_17 supports class version 61)
[05May2026 00:44:05.776] [modloading-worker-0/DEBUG] [mixin/]: Mixing perf.attribute_supplier_dedup.AttributeSupplierBuilderMixin from modernfix-modernfix.mixins.json into net.minecraft.world.entity.ai.attributes.AttributeSupplier$Builder
[05May2026 00:44:05.776] [modloading-worker-0/DEBUG] [mixin/]: Renaming synthetic method lambda$deduplicateInstances$0(Lnet/minecraft/core/Holder;Lnet/minecraft/world/entity/ai/attributes/AttributeInstance;)Lnet/minecraft/world/entity/ai/attributes/AttributeInstance; to md9b8020$modernfix$lambda$deduplicateInstances$0$0 in modernfix-modernfix.mixins.json:perf.attribute_supplier_dedup.AttributeSupplierBuilderMixin from mod modernfix
[05May2026 00:44:05.777] [modloading-worker-0/DEBUG] [mixin/]: modernfix-modernfix.mixins.json:perf.attribute_supplier_dedup.AttributeSupplierBuilderMixin from mod modernfix->@Inject::deduplicateInstances(Lorg/spongepowered/asm/mixin/injection/callback/CallbackInfoReturnable;)V doesn't use it's CallbackInfoReturnable
[05May2026 00:44:05.777] [modloading-worker-0/DEBUG] [mixin/]: modernfix-modernfix.mixins.json:perf.attribute_supplier_dedup.AttributeSupplierBuilderMixin from mod modernfix->@Inject::deduplicateInstances(Lorg/spongepowered/asm/mixin/injection/callback/CallbackInfoReturnable;)V has 0 override(s) in child classes
[05May2026 00:44:05.777] [modloading-worker-0/DEBUG] [mixin/]: modernfix-modernfix.mixins.json:perf.attribute_supplier_dedup.AttributeSupplierBuilderMixin from mod modernfix->@Inject::deduplicateInstances(Lorg/spongepowered/asm/mixin/injection/callback/CallbackInfoReturnable;)V won't be passed a CallbackInfoReturnable as a result
[05May2026 00:44:05.779] [modloading-worker-0/DEBUG] [net.neoforged.fml.javafmlmod.AutomaticEventSubscriber/]: Subscribing @EventBusSubscriber class Lio/github/flemmli97/tenshilib/neoforge/loader/registry/AttachmentTypeWrapper; to the game event bus
[05May2026 00:44:05.780] [modloading-worker-0/DEBUG] [mixin/]: Mixing accessor.BrainAccessor from moonlight-common.mixins.json into net.minecraft.world.entity.ai.Brain
[05May2026 00:44:05.780] [modloading-worker-0/DEBUG] [mixin/]: moonlight-common.mixins.json:accessor.BrainAccessor from mod moonlight: Class version 65 required is higher than the class version supported by the current version of Mixin (JAVA_17 supports class version 61)
[05May2026 00:44:05.780] [modloading-worker-0/DEBUG] [net.neoforged.fml.javafmlmod.AutomaticEventSubscriber/]: Subscribing @EventBusSubscriber class Ldev/shadowsoffire/placebo/PlaceboClient; to the mod event bus of mod placebo
[05May2026 00:44:05.780] [modloading-worker-0/DEBUG] [mixin/]: Mixing perf.capability_list_compaction.CapabilityHooksMixin from modernfix-modernfix.mixins.json into net.neoforged.neoforge.capabilities.CapabilityHooks
[05May2026 00:44:05.780] [modloading-worker-0/DEBUG] [net.neoforged.fml.javafmlmod.AutomaticEventSubscriber/LOADING]: Scanning class io.github.flemmli97.tenshilib.neoforge.data.TenshiLibDataEvent for @SubscribeEvent-annotated methods
[05May2026 00:44:05.780] [modloading-worker-0/DEBUG] [mixin/]: modernfix-modernfix.mixins.json:perf.capability_list_compaction.CapabilityHooksMixin from mod modernfix->@Inject::deduplicateCaps(Lorg/spongepowered/asm/mixin/injection/callback/CallbackInfo;)V doesn't use it's CallbackInfo
[05May2026 00:44:05.782] [modloading-worker-0/DEBUG] [net.neoforged.fml.javafmlmod.AutomaticEventSubscriber/LOADING]: Scanning class dev.shadowsoffire.placebo.patreon.PatreonPreview for @SubscribeEvent-annotated methods
[05May2026 00:44:05.782] [modloading-worker-0/DEBUG] [mixin/]: Mixing TargetingConditionMixin from improvedmobs.mixins.json into net.minecraft.world.entity.ai.targeting.TargetingConditions
[05May2026 00:44:05.782] [modloading-worker-0/DEBUG] [mixin/]: improvedmobs.mixins.json:TargetingConditionMixin from mod improvedmobs->@Inject::onTest(Lnet/minecraft/world/entity/LivingEntity;Lnet/minecraft/world/entity/LivingEntity;Lorg/spongepowered/asm/mixin/injection/callback/CallbackInfoReturnable;)V doesn't use it's CallbackInfoReturnable
[05May2026 00:44:05.782] [modloading-worker-0/DEBUG] [mixin/]: improvedmobs.mixins.json:TargetingConditionMixin from mod improvedmobs->@Inject::onTest(Lnet/minecraft/world/entity/LivingEntity;Lnet/minecraft/world/entity/LivingEntity;Lorg/spongepowered/asm/mixin/injection/callback/CallbackInfoReturnable;)V has 0 override(s) in child classes
[05May2026 00:44:05.782] [modloading-worker-0/DEBUG] [mixin/]: improvedmobs.mixins.json:TargetingConditionMixin from mod improvedmobs->@Inject::onTest(Lnet/minecraft/world/entity/LivingEntity;Lnet/minecraft/world/entity/LivingEntity;Lorg/spongepowered/asm/mixin/injection/callback/CallbackInfoReturnable;)V won't be passed a CallbackInfoReturnable as a result
[05May2026 00:44:05.782] [modloading-worker-0/DEBUG] [net.neoforged.fml.javafmlmod.AutomaticEventSubscriber/]: Subscribing @EventBusSubscriber class Lio/github/flemmli97/tenshilib/neoforge/data/TenshiLibDataEvent; to the mod event bus of mod tenshilib
[05May2026 00:44:05.782] [modloading-worker-0/DEBUG] [mixin/]: Mixing ClipContextMixin from improvedmobs.mixins.json into net.minecraft.world.level.ClipContext
[05May2026 00:44:05.782] [modloading-worker-0/DEBUG] [net.neoforged.fml.javafmlmod.AutomaticEventSubscriber/]: Subscribing @EventBusSubscriber class Ldev/shadowsoffire/placebo/patreon/PatreonPreview; to the game event bus
[05May2026 00:44:05.783] [modloading-worker-0/DEBUG] [mixin/]: improvedmobs.mixins.json:ClipContextMixin from mod improvedmobs->@Inject::checkSeeThrough(Lnet/minecraft/world/level/block/state/BlockState;Lnet/minecraft/world/level/BlockGetter;Lnet/minecraft/core/BlockPos;Lorg/spongepowered/asm/mixin/injection/callback/CallbackInfoReturnable;)V does use it's CallbackInfoReturnable
[05May2026 00:44:05.785] [modloading-worker-0/DEBUG] [mixin/]: Mixing perf.attribute_supplier_dedup.AttributeSupplierMixin from modernfix-modernfix.mixins.json into net.minecraft.world.entity.ai.attributes.AttributeSupplier
[05May2026 00:44:05.785] [modloading-worker-0/DEBUG] [mixin/]: modernfix-modernfix.mixins.json:perf.attribute_supplier_dedup.AttributeSupplierMixin from mod modernfix->@Inject::useCompactJavaMap(Ljava/util/Map;Lorg/spongepowered/asm/mixin/injection/callback/CallbackInfo;)V doesn't use it's CallbackInfo
[05May2026 00:44:05.785] [modloading-worker-0/DEBUG] [mixin/]: modernfix-modernfix.mixins.json:perf.attribute_supplier_dedup.AttributeSupplierMixin from mod modernfix->@Inject::useCompactJavaMap(Ljava/util/Map;Lorg/spongepowered/asm/mixin/injection/callback/CallbackInfo;)V has 0 override(s) in child classes
[05May2026 00:44:05.785] [modloading-worker-0/DEBUG] [mixin/]: modernfix-modernfix.mixins.json:perf.attribute_supplier_dedup.AttributeSupplierMixin from mod modernfix->@Inject::useCompactJavaMap(Ljava/util/Map;Lorg/spongepowered/asm/mixin/injection/callback/CallbackInfo;)V won't be passed a CallbackInfo as a result
[05May2026 00:44:05.790] [modloading-worker-0/DEBUG] [net.neoforged.fml.config.ConfigTracker/CONFIG]: Config file moonlight-common.toml for moonlight tracking
[05May2026 00:44:05.806] [modloading-worker-0/DEBUG] [KubeJS/]: Took 0 ms to grab stacktrace classes.
[05May2026 00:44:05.808] [modloading-worker-0/DEBUG] [mixin/]: Mixing ServerEntityMixin from tenshilib.mixins.json into net.minecraft.server.level.ServerEntity
[05May2026 00:44:05.808] [modloading-worker-0/DEBUG] [mixin/]: tenshilib.mixins.json:ServerEntityMixin from mod tenshilib: Class version 65 required is higher than the class version supported by the current version of Mixin (JAVA_16 supports class version 60)
[05May2026 00:44:05.808] [modloading-worker-0/DEBUG] [mixin/]: tenshilib.mixins.json:ServerEntityMixin from mod tenshilib->@Inject::onSendEntityData(Lorg/spongepowered/asm/mixin/injection/callback/CallbackInfo;)V doesn't use it's CallbackInfo
[05May2026 00:44:05.808] [modloading-worker-0/DEBUG] [mixin/]: tenshilib.mixins.json:ServerEntityMixin from mod tenshilib->@Inject::onSendEntityData(Lorg/spongepowered/asm/mixin/injection/callback/CallbackInfo;)V has 0 override(s) in child classes
[05May2026 00:44:05.808] [modloading-worker-0/DEBUG] [mixin/]: tenshilib.mixins.json:ServerEntityMixin from mod tenshilib->@Inject::onSendEntityData(Lorg/spongepowered/asm/mixin/injection/callback/CallbackInfo;)V won't be passed a CallbackInfo as a result
[05May2026 00:44:05.820] [modloading-worker-0/WARN] [patchouli/]: Could not locate JEI keybindings, lookups in books may not work
[05May2026 00:44:05.823] [modloading-worker-0/DEBUG] [mixin/]: Mixing AccessOptionsSubScreen from controlling.mixins.json into net.minecraft.client.gui.screens.options.OptionsSubScreen
[05May2026 00:44:05.823] [modloading-worker-0/DEBUG] [mixin/]: controlling.mixins.json:AccessOptionsSubScreen from mod controlling: Class version 65 required is higher than the class version supported by the current version of Mixin (JAVA_17 supports class version 61)
[05May2026 00:44:05.823] [modloading-worker-0/DEBUG] [mixin/]: Mixing OptionsScreenMixin from tenshilib.mixins.json into net.minecraft.client.gui.screens.options.OptionsSubScreen
[05May2026 00:44:05.823] [modloading-worker-0/DEBUG] [mixin/]: tenshilib.mixins.json:OptionsScreenMixin from mod tenshilib: Class version 65 required is higher than the class version supported by the current version of Mixin (JAVA_16 supports class version 60)
[05May2026 00:44:05.823] [modloading-worker-0/DEBUG] [mixin/]: tenshilib.mixins.json:OptionsScreenMixin from mod tenshilib->@Inject::onReposition(Lorg/spongepowered/asm/mixin/injection/callback/CallbackInfo;)V doesn't use it's CallbackInfo
[05May2026 00:44:05.823] [modloading-worker-0/DEBUG] [mixin/]: tenshilib.mixins.json:OptionsScreenMixin from mod tenshilib->@Inject::onReposition(Lorg/spongepowered/asm/mixin/injection/callback/CallbackInfo;)V has 0 override(s) in child classes
[05May2026 00:44:05.823] [modloading-worker-0/DEBUG] [mixin/]: tenshilib.mixins.json:OptionsScreenMixin from mod tenshilib->@Inject::onReposition(Lorg/spongepowered/asm/mixin/injection/callback/CallbackInfo;)V won't be passed a CallbackInfo as a result
[05May2026 00:44:05.825] [modloading-worker-0/INFO] [xaero.lib.XaeroLib/]: Registering common data for channel xaerolib:main!
[05May2026 00:44:05.828] [modloading-worker-0/DEBUG] [mixin/]: Mixing SpriteLoaderMixin from fusion.mixins.json into net.minecraft.client.renderer.texture.SpriteLoader
[05May2026 00:44:05.828] [modloading-worker-0/DEBUG] [mixin/]: fusion.mixins.json:SpriteLoaderMixin from mod fusion: Class version 65 required is higher than the class version supported by the current version of Mixin (JAVA_17 supports class version 61)
[05May2026 00:44:05.828] [modloading-worker-0/DEBUG] [mixin/]: Renaming synthetic method lambda$initializeTextures$0(Lnet/minecraft/resources/ResourceLocation;Lnet/minecraft/client/renderer/texture/SpriteLoader$Preparations;)Lnet/minecraft/client/renderer/texture/SpriteLoader$Preparations; to md9b8020$fusion$lambda$initializeTextures$0$0 in fusion.mixins.json:SpriteLoaderMixin from mod fusion
[05May2026 00:44:05.829] [modloading-worker-0/DEBUG] [mixin/]: fusion.mixins.json:SpriteLoaderMixin from mod fusion->@Inject::initializeTextures(Lnet/minecraft/server/packs/resources/ResourceManager;Lnet/minecraft/resources/ResourceLocation;ILjava/util/concurrent/Executor;Lorg/spongepowered/asm/mixin/injection/callback/CallbackInfoReturnable;)V does use it's CallbackInfoReturnable
[05May2026 00:44:05.829] [modloading-worker-0/DEBUG] [mixin/]: Mixing LootParamsMixin from lootjs.mixins.json into net.minecraft.world.level.storage.loot.LootParams
[05May2026 00:44:05.833] [modloading-worker-0/DEBUG] [mixin/]: Mixing EntitySensingMixin from improvedmobs.mixins.json into net.minecraft.world.entity.ai.sensing.Sensing
[05May2026 00:44:05.834] [modloading-worker-0/DEBUG] [mixin/]: improvedmobs.mixins.json:EntitySensingMixin from mod improvedmobs->@Inject::onTick(Lorg/spongepowered/asm/mixin/injection/callback/CallbackInfo;)V doesn't use it's CallbackInfo
[05May2026 00:44:05.834] [modloading-worker-0/DEBUG] [mixin/]: improvedmobs.mixins.json:EntitySensingMixin from mod improvedmobs->@Inject::onTick(Lorg/spongepowered/asm/mixin/injection/callback/CallbackInfo;)V has 0 override(s) in child classes
[05May2026 00:44:05.834] [modloading-worker-0/DEBUG] [mixin/]: improvedmobs.mixins.json:EntitySensingMixin from mod improvedmobs->@Inject::onTick(Lorg/spongepowered/asm/mixin/injection/callback/CallbackInfo;)V won't be passed a CallbackInfo as a result
[05May2026 00:44:05.834] [modloading-worker-0/DEBUG] [mixin/]: improvedmobs.mixins.json:EntitySensingMixin from mod improvedmobs->@Inject::onHasLoS(Lnet/minecraft/world/entity/Entity;Lorg/spongepowered/asm/mixin/injection/callback/CallbackInfoReturnable;)V does use it's CallbackInfoReturnable
[05May2026 00:44:05.835] [modloading-worker-0/DEBUG] [mixin/]: Mixing client.MixinJoinMultiplayerScreen from mixins/common/nochatreports.mixins.json into net.minecraft.client.gui.screens.multiplayer.JoinMultiplayerScreen
[05May2026 00:44:05.835] [modloading-worker-0/DEBUG] [mixin/]: Renaming synthetic method lambda$onInit$2()Lnet/minecraft/network/chat/Component; to md9b8020$nochatreports$lambda$onInit$2$0 in mixins/common/nochatreports.mixins.json:client.MixinJoinMultiplayerScreen from mod nochatreports
[05May2026 00:44:05.835] [modloading-worker-0/DEBUG] [mixin/]: Renaming synthetic method lambda$onInit$1(Lnet/minecraft/client/gui/components/Button;)V to md9b8020$nochatreports$lambda$onInit$1$1 in mixins/common/nochatreports.mixins.json:client.MixinJoinMultiplayerScreen from mod nochatreports
[05May2026 00:44:05.835] [modloading-worker-0/DEBUG] [mixin/]: Renaming synthetic method lambda$onInit$0(Lnet/minecraft/client/gui/components/Button;)V to md9b8020$nochatreports$lambda$onInit$0$2 in mixins/common/nochatreports.mixins.json:client.MixinJoinMultiplayerScreen from mod nochatreports
[05May2026 00:44:05.837] [modloading-worker-0/DEBUG] [mixin/]: mixins/common/nochatreports.mixins.json:client.MixinJoinMultiplayerScreen from mod nochatreports->@Inject::onInit(Lorg/spongepowered/asm/mixin/injection/callback/CallbackInfo;)V doesn't use it's CallbackInfo
[05May2026 00:44:05.837] [modloading-worker-0/DEBUG] [mixin/]: mixins/common/nochatreports.mixins.json:client.MixinJoinMultiplayerScreen from mod nochatreports->@Inject::onInit(Lorg/spongepowered/asm/mixin/injection/callback/CallbackInfo;)V has 0 override(s) in child classes
[05May2026 00:44:05.837] [modloading-worker-0/DEBUG] [mixin/]: mixins/common/nochatreports.mixins.json:client.MixinJoinMultiplayerScreen from mod nochatreports->@Inject::onInit(Lorg/spongepowered/asm/mixin/injection/callback/CallbackInfo;)V won't be passed a CallbackInfo as a result
[05May2026 00:44:05.841] [modloading-worker-0/DEBUG] [net.neoforged.fml.javafmlmod.AutomaticEventSubscriber/LOADING]: Attempting to inject @EventBusSubscriber classes into the eventbus for neoforge
[05May2026 00:44:05.841] [modloading-worker-0/DEBUG] [net.neoforged.fml.javafmlmod.AutomaticEventSubscriber/LOADING]: Scanning class net.neoforged.neoforge.server.command.ConfigCommand for @SubscribeEvent-annotated methods
[05May2026 00:44:05.841] [modloading-worker-0/DEBUG] [net.neoforged.fml.javafmlmod.AutomaticEventSubscriber/LOADING]: Attempting to inject @EventBusSubscriber classes into the eventbus for sophisticatedcore
[05May2026 00:44:05.843] [modloading-worker-0/DEBUG] [net.neoforged.fml.javafmlmod.AutomaticEventSubscriber/]: Subscribing @EventBusSubscriber class Lnet/neoforged/neoforge/server/command/ConfigCommand; to the game event bus
[05May2026 00:44:05.843] [modloading-worker-0/DEBUG] [net.neoforged.fml.javafmlmod.AutomaticEventSubscriber/LOADING]: Scanning class net.neoforged.neoforge.network.filters.GenericPacketSplitter for @SubscribeEvent-annotated methods
[05May2026 00:44:05.844] [modloading-worker-0/DEBUG] [net.neoforged.fml.javafmlmod.AutomaticEventSubscriber/LOADING]: Attempting to inject @EventBusSubscriber classes into the eventbus for fusion
[05May2026 00:44:05.846] [modloading-worker-0/DEBUG] [KubeJS/]: Took 0 ms to grab stacktrace classes.
[05May2026 00:44:05.846] [modloading-worker-0/DEBUG] [mixin/]: Mixing perf.fix_loop_spin_waiting.MinecraftServerMixin from modernfix-modernfix.mixins.json into net.minecraft.server.MinecraftServer
[05May2026 00:44:05.846] [modloading-worker-0/DEBUG] [KubeJS/]: Took 0 ms to grab stacktrace classes.
[05May2026 00:44:05.849] [modloading-worker-0/DEBUG] [mixin/]: Mixing LevelCreatedCallback from structureessentials.mixins.json into net.minecraft.server.MinecraftServer
[05May2026 00:44:05.849] [modloading-worker-0/DEBUG] [mixin/]: Mixing MixinMinecraftServer from xaeroworldmap.mixins.json into net.minecraft.server.MinecraftServer
[05May2026 00:44:05.849] [modloading-worker-0/DEBUG] [mixin/]: xaeroworldmap.mixins.json:MixinMinecraftServer from mod xaeroworldmap: Class version 65 required is higher than the class version supported by the current version of Mixin (JAVA_17 supports class version 61)
[05May2026 00:44:05.850] [modloading-worker-0/DEBUG] [net.neoforged.fml.javafmlmod.AutomaticEventSubscriber/LOADING]: Attempting to inject @EventBusSubscriber classes into the eventbus for apothic_spawners
[05May2026 00:44:05.854] [modloading-worker-0/DEBUG] [mixin/]: Mixing core.MinecraftServerMixin from modernfix-modernfix.mixins.json into net.minecraft.server.MinecraftServer
[05May2026 00:44:05.854] [modloading-worker-0/DEBUG] [mixin/]: Renaming synthetic method lambda$mfix$endReloadTrack$0(Ljava/lang/Void;)V to md9b8020$modernfix$lambda$mfix$endReloadTrack$0$0 in modernfix-modernfix.mixins.json:core.MinecraftServerMixin from mod modernfix
[05May2026 00:44:05.855] [modloading-worker-0/DEBUG] [mixin/]: Mixing perf.dedicated_reload_executor.MinecraftServerMixin from modernfix-modernfix.mixins.json into net.minecraft.server.MinecraftServer
[05May2026 00:44:05.855] [modloading-worker-0/DEBUG] [mixin/]: Mixing MinecraftServerMixin from balm.neoforge.mixins.json into net.minecraft.server.MinecraftServer
[05May2026 00:44:05.855] [modloading-worker-0/DEBUG] [mixin/]: Renaming synthetic method lambda$reloadResources$0(Ljava/lang/Void;)V to md9b8020$balm$lambda$reloadResources$0$1 in balm.neoforge.mixins.json:MinecraftServerMixin from mod balm
[05May2026 00:44:05.856] [modloading-worker-0/DEBUG] [mixin/]: Mixing MinecraftServerMixin from kubejs.mixins.json into net.minecraft.server.MinecraftServer
[05May2026 00:44:05.856] [modloading-worker-0/DEBUG] [mixin/]: Renaming synthetic method lambda$kjs$endResourceReload$1()V to md9b8020$kubejs$lambda$kjs$endResourceReload$1$2 in kubejs.mixins.json:MinecraftServerMixin from mod kubejs
[05May2026 00:44:05.856] [modloading-worker-0/DEBUG] [mixin/]: Renaming synthetic method lambda$kjs$init$0()V to md9b8020$kubejs$lambda$kjs$init$0$3 in kubejs.mixins.json:MinecraftServerMixin from mod kubejs
[05May2026 00:44:05.861] [modloading-worker-0/DEBUG] [mixin/]: Mixing MinecraftServerMixin from moonlight.mixins.json into net.minecraft.server.MinecraftServer
[05May2026 00:44:05.861] [modloading-worker-0/DEBUG] [mixin/]: moonlight.mixins.json:MinecraftServerMixin from mod moonlight: Class version 65 required is higher than the class version supported by the current version of Mixin (JAVA_17 supports class version 61)
[05May2026 00:44:05.862] [modloading-worker-0/DEBUG] [mixin/]: Mixing MixinMinecraftServer from xaerohud.mixins.json into net.minecraft.server.MinecraftServer
[05May2026 00:44:05.862] [modloading-worker-0/DEBUG] [mixin/]: xaerohud.mixins.json:MixinMinecraftServer from mod xaerominimap: Class version 65 required is higher than the class version supported by the current version of Mixin (JAVA_17 supports class version 61)
[05May2026 00:44:05.863] [modloading-worker-0/DEBUG] [mixin/]: Mixing accessor.AccessorMixinMinecraftServer from lootr-common.mixins.json into net.minecraft.server.MinecraftServer
[05May2026 00:44:05.868] [modloading-worker-0/DEBUG] [mixin/]: structureessentials.mixins.json:LevelCreatedCallback from mod structureessentials->@Inject::afterLevelCreation(Lnet/minecraft/server/level/progress/ChunkProgressListener;Lorg/spongepowered/asm/mixin/injection/callback/CallbackInfo;)V doesn't use it's CallbackInfo
[05May2026 00:44:05.868] [modloading-worker-0/DEBUG] [mixin/]: structureessentials.mixins.json:LevelCreatedCallback from mod structureessentials->@Inject::afterLevelCreation(Lnet/minecraft/server/level/progress/ChunkProgressListener;Lorg/spongepowered/asm/mixin/injection/callback/CallbackInfo;)V has 0 override(s) in child classes
[05May2026 00:44:05.868] [modloading-worker-0/DEBUG] [mixin/]: structureessentials.mixins.json:LevelCreatedCallback from mod structureessentials->@Inject::afterLevelCreation(Lnet/minecraft/server/level/progress/ChunkProgressListener;Lorg/spongepowered/asm/mixin/injection/callback/CallbackInfo;)V won't be passed a CallbackInfo as a result
[05May2026 00:44:05.868] [modloading-worker-0/DEBUG] [mixin/]: modernfix-modernfix.mixins.json:core.MinecraftServerMixin from mod modernfix->@Inject::startReloadTrack(Ljava/util/Collection;Lorg/spongepowered/asm/mixin/injection/callback/CallbackInfoReturnable;)V doesn't use it's CallbackInfoReturnable
[05May2026 00:44:05.868] [modloading-worker-0/DEBUG] [mixin/]: modernfix-modernfix.mixins.json:core.MinecraftServerMixin from mod modernfix->@Inject::startReloadTrack(Ljava/util/Collection;Lorg/spongepowered/asm/mixin/injection/callback/CallbackInfoReturnable;)V has 0 override(s) in child classes
[05May2026 00:44:05.868] [modloading-worker-0/DEBUG] [mixin/]: modernfix-modernfix.mixins.json:core.MinecraftServerMixin from mod modernfix->@Inject::startReloadTrack(Ljava/util/Collection;Lorg/spongepowered/asm/mixin/injection/callback/CallbackInfoReturnable;)V won't be passed a CallbackInfoReturnable as a result
[05May2026 00:44:05.868] [modloading-worker-0/DEBUG] [mixin/]: modernfix-modernfix.mixins.json:core.MinecraftServerMixin from mod modernfix->@Inject::trackTickTime(Lorg/spongepowered/asm/mixin/injection/callback/CallbackInfo;)V doesn't use it's CallbackInfo
[05May2026 00:44:05.868] [modloading-worker-0/DEBUG] [mixin/]: modernfix-modernfix.mixins.json:core.MinecraftServerMixin from mod modernfix->@Inject::trackTickTime(Lorg/spongepowered/asm/mixin/injection/callback/CallbackInfo;)V has 0 override(s) in child classes
[05May2026 00:44:05.868] [modloading-worker-0/DEBUG] [mixin/]: modernfix-modernfix.mixins.json:core.MinecraftServerMixin from mod modernfix->@Inject::trackTickTime(Lorg/spongepowered/asm/mixin/injection/callback/CallbackInfo;)V won't be passed a CallbackInfo as a result
[05May2026 00:44:05.868] [modloading-worker-0/DEBUG] [mixin/]: balm.neoforge.mixins.json:MinecraftServerMixin from mod balm->@Inject::reloadResources(Ljava/util/Collection;Lorg/spongepowered/asm/mixin/injection/callback/CallbackInfoReturnable;)V does use it's CallbackInfoReturnable
[05May2026 00:44:05.868] [modloading-worker-0/DEBUG] [mixin/]: kubejs.mixins.json:MinecraftServerMixin from mod kubejs->@Inject::kjs$init(Lorg/spongepowered/asm/mixin/injection/callback/CallbackInfo;)V doesn't use it's CallbackInfo
[05May2026 00:44:05.868] [modloading-worker-0/DEBUG] [mixin/]: kubejs.mixins.json:MinecraftServerMixin from mod kubejs->@Inject::kjs$init(Lorg/spongepowered/asm/mixin/injection/callback/CallbackInfo;)V has 0 override(s) in child classes
[05May2026 00:44:05.868] [modloading-worker-0/DEBUG] [mixin/]: kubejs.mixins.json:MinecraftServerMixin from mod kubejs->@Inject::kjs$init(Lorg/spongepowered/asm/mixin/injection/callback/CallbackInfo;)V won't be passed a CallbackInfo as a result
[05May2026 00:44:05.868] [modloading-worker-0/DEBUG] [mixin/]: kubejs.mixins.json:MinecraftServerMixin from mod kubejs->@Inject::kjs$postTickServer(Ljava/util/function/BooleanSupplier;Lorg/spongepowered/asm/mixin/injection/callback/CallbackInfo;)V doesn't use it's CallbackInfo
[05May2026 00:44:05.868] [modloading-worker-0/DEBUG] [mixin/]: kubejs.mixins.json:MinecraftServerMixin from mod kubejs->@Inject::kjs$postTickServer(Ljava/util/function/BooleanSupplier;Lorg/spongepowered/asm/mixin/injection/callback/CallbackInfo;)V has 0 override(s) in child classes
[05May2026 00:44:05.868] [modloading-worker-0/DEBUG] [mixin/]: kubejs.mixins.json:MinecraftServerMixin from mod kubejs->@Inject::kjs$postTickServer(Ljava/util/function/BooleanSupplier;Lorg/spongepowered/asm/mixin/injection/callback/CallbackInfo;)V won't be passed a CallbackInfo as a result
[05May2026 00:44:05.868] [modloading-worker-0/DEBUG] [mixin/]: kubejs.mixins.json:MinecraftServerMixin from mod kubejs->@Inject::kjs$endResourceReload(Ljava/util/Collection;Lorg/spongepowered/asm/mixin/injection/callback/CallbackInfoReturnable;)V doesn't use it's CallbackInfoReturnable
[05May2026 00:44:05.868] [modloading-worker-0/DEBUG] [mixin/]: kubejs.mixins.json:MinecraftServerMixin from mod kubejs->@Inject::kjs$endResourceReload(Ljava/util/Collection;Lorg/spongepowered/asm/mixin/injection/callback/CallbackInfoReturnable;)V has 0 override(s) in child classes
[05May2026 00:44:05.868] [modloading-worker-0/DEBUG] [mixin/]: kubejs.mixins.json:MinecraftServerMixin from mod kubejs->@Inject::kjs$endResourceReload(Ljava/util/Collection;Lorg/spongepowered/asm/mixin/injection/callback/CallbackInfoReturnable;)V won't be passed a CallbackInfoReturnable as a result
[05May2026 00:44:05.868] [modloading-worker-0/DEBUG] [mixin/]: moonlight.mixins.json:MinecraftServerMixin from mod moonlight->@Inject::moonlight$serverDynamicPackEarlyReload(Lcom/google/common/collect/ImmutableList;Lorg/spongepowered/asm/mixin/injection/callback/CallbackInfoReturnable;)V doesn't use it's CallbackInfoReturnable
[05May2026 00:44:05.868] [modloading-worker-0/DEBUG] [mixin/]: moonlight.mixins.json:MinecraftServerMixin from mod moonlight->@Inject::moonlight$serverDynamicPackEarlyReload(Lcom/google/common/collect/ImmutableList;Lorg/spongepowered/asm/mixin/injection/callback/CallbackInfoReturnable;)V has 0 override(s) in child classes
[05May2026 00:44:05.868] [modloading-worker-0/DEBUG] [mixin/]: moonlight.mixins.json:MinecraftServerMixin from mod moonlight->@Inject::moonlight$serverDynamicPackEarlyReload(Lcom/google/common/collect/ImmutableList;Lorg/spongepowered/asm/mixin/injection/callback/CallbackInfoReturnable;)V won't be passed a CallbackInfoReturnable as a result
[05May2026 00:44:05.871] [modloading-worker-0/DEBUG] [NoChatReports/]: KONNICHIWA ZA WARUDO!
[05May2026 00:44:05.871] [modloading-worker-0/DEBUG] [NoChatReports/]: Default JVM text encoding is: UTF-8
[05May2026 00:44:05.874] [modloading-worker-0/INFO] [STDOUT/]: [yalter.mousetweaks.Logger:Log:6]: [Mouse Tweaks] Main.initialize()
[05May2026 00:44:05.876] [modloading-worker-0/DEBUG] [KubeJS/]: Took 0 ms to grab stacktrace classes.
[05May2026 00:44:05.880] [modloading-worker-0/DEBUG] [KubeJS/]: Took 0 ms to grab stacktrace classes.
[05May2026 00:44:05.883] [modloading-worker-0/INFO] [xaero.lib.XaeroLib/]: Registering client data for channel xaerolib:main!
[05May2026 00:44:05.883] [modloading-worker-0/DEBUG] [NoChatReports/]: Reading config file NoChatReports/NCR-Common.json...
[05May2026 00:44:05.883] [modloading-worker-0/INFO] [STDOUT/]: [yalter.mousetweaks.Logger:Log:6]: [Mouse Tweaks] Initialized.
[05May2026 00:44:05.891] [modloading-worker-0/DEBUG] [NoChatReports/]: Reading config file NoChatReports/NCR-Client.json...
[05May2026 00:44:05.893] [modloading-worker-0/DEBUG] [net.neoforged.fml.config.ConfigTracker/CONFIG]: Config file dummmmmmy-client.toml for dummmmmmy tracking
[05May2026 00:44:05.898] [modloading-worker-0/DEBUG] [net.neoforged.fml.javafmlmod.AutomaticEventSubscriber/LOADING]: Attempting to inject @EventBusSubscriber classes into the eventbus for mousetweaks
[05May2026 00:44:05.902] [modloading-worker-0/INFO] [xaero.lib.XaeroLib/]: Loading primary common config for channel xaerolib:main!
[05May2026 00:44:05.904] [modloading-worker-0/DEBUG] [NoChatReports/]: Reading config file NoChatReports/NCR-ServerPreferences.json...
[05May2026 00:44:05.905] [modloading-worker-0/DEBUG] [mixin/]: Mixing perf.tag_id_caching.TagEntryMixin from modernfix-modernfix.mixins.json into net.minecraft.tags.TagEntry
[05May2026 00:44:05.905] [modloading-worker-0/WARN] [mixin/]: Static binding violation: PRIVATE @Overwrite method elementOrTag in modernfix-modernfix.mixins.json:perf.tag_id_caching.TagEntryMixin from mod modernfix cannot reduce visibiliy of PUBLIC target method, visibility will be upgraded.
[05May2026 00:44:05.908] [modloading-worker-0/DEBUG] [net.neoforged.fml.javafmlmod.AutomaticEventSubscriber/LOADING]: Attempting to inject @EventBusSubscriber classes into the eventbus for jade
[05May2026 00:44:05.910] [modloading-worker-0/DEBUG] [NoChatReports/]: Reading config file NoChatReports/NCR-Encryption.json...
[05May2026 00:44:05.910] [modloading-worker-0/DEBUG] [KubeJS/]: Took 0 ms to grab stacktrace classes.
[05May2026 00:44:05.911] [modloading-worker-0/INFO] [xaero.lib.XaeroLib/]: Loading server config profiles for channel xaerolib:main!
[05May2026 00:44:05.913] [modloading-worker-0/DEBUG] [io.netty.buffer.AbstractByteBuf/]: -Dio.netty.buffer.checkAccessible: true
[05May2026 00:44:05.913] [modloading-worker-0/DEBUG] [io.netty.buffer.AbstractByteBuf/]: -Dio.netty.buffer.checkBounds: true
[05May2026 00:44:05.914] [modloading-worker-0/DEBUG] [KubeJS/]: Took 0 ms to grab stacktrace classes.
[05May2026 00:44:05.916] [modloading-worker-0/DEBUG] [io.netty.util.ResourceLeakDetectorFactory/]: Loaded default ResourceLeakDetector: io.netty.util.ResourceLeakDetector@428d1976
[05May2026 00:44:05.916] [modloading-worker-0/DEBUG] [net.neoforged.fml.javafmlmod.AutomaticEventSubscriber/LOADING]: Attempting to inject @EventBusSubscriber classes into the eventbus for ftbessentials
[05May2026 00:44:05.917] [modloading-worker-0/INFO] [xaero.lib.XaeroLib/]: Loading primary client config for channel xaerolib:main!
[05May2026 00:44:05.919] [modloading-worker-0/INFO] [net.blay09.mods.balm.neoforge.config.NeoForgeBalmConfig/]: Registering config for trashslot:common (COMMON) with 5 properties.
[05May2026 00:44:05.919] [modloading-worker-0/DEBUG] [net.neoforged.fml.config.ConfigTracker/CONFIG]: Config file trashslot-common.toml for trashslot tracking
[05May2026 00:44:05.920] [modloading-worker-0/INFO] [xaero.lib.XaeroLib/]: Loading client config profiles for channel xaerolib:main!
[05May2026 00:44:05.920] [modloading-worker-0/DEBUG] [net.neoforged.fml.config.ConfigTracker/CONFIG]: Config file dummmmmmy-common.toml for dummmmmmy tracking
[05May2026 00:44:05.929] [modloading-worker-0/INFO] [xaero.map.WorldMap/]: Registering common data for channel xaeroworldmap:main!
[05May2026 00:44:05.931] [modloading-worker-0/DEBUG] [net.neoforged.fml.javafmlmod.AutomaticEventSubscriber/LOADING]: Attempting to inject @EventBusSubscriber classes into the eventbus for relics
[05May2026 00:44:05.931] [modloading-worker-0/DEBUG] [net.neoforged.fml.javafmlmod.AutomaticEventSubscriber/LOADING]: Scanning class it.hurts.sskirillss.relics.utils.ServerScheduler for @SubscribeEvent-annotated methods
[05May2026 00:44:05.934] [modloading-worker-0/DEBUG] [net.neoforged.fml.javafmlmod.AutomaticEventSubscriber/]: Subscribing @EventBusSubscriber class Lit/hurts/sskirillss/relics/utils/ServerScheduler; to the game event bus
[05May2026 00:44:05.935] [modloading-worker-0/DEBUG] [net.neoforged.fml.javafmlmod.AutomaticEventSubscriber/LOADING]: Scanning class it.hurts.sskirillss.relics.utils.ClientScheduler for @SubscribeEvent-annotated methods
[05May2026 00:44:05.935] [modloading-worker-0/DEBUG] [net.neoforged.fml.javafmlmod.AutomaticEventSubscriber/LOADING]: Attempting to inject @EventBusSubscriber classes into the eventbus for dummmmmmy
[05May2026 00:44:05.939] [modloading-worker-0/DEBUG] [net.neoforged.fml.javafmlmod.AutomaticEventSubscriber/]: Subscribing @EventBusSubscriber class Lit/hurts/sskirillss/relics/utils/ClientScheduler; to the game event bus
[05May2026 00:44:05.940] [modloading-worker-0/DEBUG] [net.neoforged.fml.javafmlmod.AutomaticEventSubscriber/LOADING]: Scanning class it.hurts.sskirillss.relics.network.NetworkHandler for @SubscribeEvent-annotated methods
[05May2026 00:44:05.943] [modloading-worker-0/DEBUG] [net.neoforged.fml.javafmlmod.AutomaticEventSubscriber/]: Subscribing @EventBusSubscriber class Lit/hurts/sskirillss/relics/network/NetworkHandler; to the mod event bus of mod relics
[05May2026 00:44:05.943] [modloading-worker-0/DEBUG] [net.neoforged.fml.javafmlmod.AutomaticEventSubscriber/LOADING]: Scanning class it.hurts.sskirillss.relics.level.RelicLootModifier$Events for @SubscribeEvent-annotated methods
[05May2026 00:44:05.945] [modloading-worker-0/DEBUG] [net.neoforged.fml.javafmlmod.AutomaticEventSubscriber/]: Subscribing @EventBusSubscriber class Lit/hurts/sskirillss/relics/level/RelicLootModifier$Events; to the game event bus
[05May2026 00:44:05.945] [modloading-worker-0/DEBUG] [net.neoforged.fml.javafmlmod.AutomaticEventSubscriber/LOADING]: Scanning class it.hurts.sskirillss.relics.items.relics.SphereOfSelfSacrifice$CommonEvents for @SubscribeEvent-annotated methods
[05May2026 00:44:05.946] [modloading-worker-0/DEBUG] [net.neoforged.fml.javafmlmod.AutomaticEventSubscriber/]: Subscribing @EventBusSubscriber class Lit/hurts/sskirillss/relics/items/relics/SphereOfSelfSacrifice$CommonEvents; to the game event bus
[05May2026 00:44:05.948] [modloading-worker-0/DEBUG] [net.neoforged.fml.javafmlmod.AutomaticEventSubscriber/LOADING]: Scanning class it.hurts.sskirillss.relics.items.relics.ring.RingOfTheSevenDeadlySinsItem$CommonEvents for @SubscribeEvent-annotated methods
[05May2026 00:44:05.951] [modloading-worker-0/DEBUG] [net.neoforged.fml.javafmlmod.AutomaticEventSubscriber/LOADING]: Attempting to inject @EventBusSubscriber classes into the eventbus for xaerolib
[05May2026 00:44:05.956] [modloading-worker-0/INFO] [toomanyrecipeviewers/]: Loading JEI Plugins: [jei:minecraft, trashslot:trashslot, craftingstation:main, configured:jei_plugin, gateways:gateways, apothic_spawners:spawner, jade:main, patchouli:patchouli, ultimine_addition:jei_integration, apothic_enchanting:enchantment, apotheosis:adventure_module, polylib:jei_plugin, jei:internal]
[05May2026 00:44:05.957] [modloading-worker-0/DEBUG] [net.neoforged.fml.javafmlmod.AutomaticEventSubscriber/]: Subscribing @EventBusSubscriber class Lit/hurts/sskirillss/relics/items/relics/ring/RingOfTheSevenDeadlySinsItem$CommonEvents; to the game event bus
[05May2026 00:44:05.958] [modloading-worker-0/DEBUG] [io.netty.util.internal.InternalThreadLocalMap/]: -Dio.netty.threadLocalMap.stringBuilder.initialSize: 1024
[05May2026 00:44:05.958] [modloading-worker-0/DEBUG] [io.netty.util.internal.InternalThreadLocalMap/]: -Dio.netty.threadLocalMap.stringBuilder.maxSize: 4096
[05May2026 00:44:05.959] [modloading-worker-0/DEBUG] [net.neoforged.fml.javafmlmod.AutomaticEventSubscriber/LOADING]: Attempting to inject @EventBusSubscriber classes into the eventbus for resourcefulconfig
[05May2026 00:44:05.960] [modloading-worker-0/INFO] [EMI/]: [EMI] [TMRV] onConfigManagerAvailable: trashslot:trashslot...
[05May2026 00:44:05.960] [modloading-worker-0/INFO] [EMI/]: [EMI] [TMRV] onConfigManagerAvailable: trashslot:trashslot took 2ms
[05May2026 00:44:05.962] [modloading-worker-0/INFO] [EMI/]: [EMI] [TMRV] onConfigManagerAvailable: craftingstation:main...
[05May2026 00:44:05.962] [modloading-worker-0/INFO] [EMI/]: [EMI] [TMRV] onConfigManagerAvailable: craftingstation:main took 0ms
[05May2026 00:44:05.962] [modloading-worker-0/INFO] [EMI/]: [EMI] [TMRV] onConfigManagerAvailable: configured:jei_plugin...
[05May2026 00:44:05.962] [modloading-worker-0/INFO] [EMI/]: [EMI] [TMRV] onConfigManagerAvailable: configured:jei_plugin took 0ms
[05May2026 00:44:05.962] [modloading-worker-0/INFO] [EMI/]: [EMI] [TMRV] onConfigManagerAvailable: gateways:gateways...
[05May2026 00:44:05.962] [modloading-worker-0/INFO] [EMI/]: [EMI] [TMRV] onConfigManagerAvailable: gateways:gateways took 0ms
[05May2026 00:44:05.962] [modloading-worker-0/INFO] [EMI/]: [EMI] [TMRV] onConfigManagerAvailable: apothic_spawners:spawner...
[05May2026 00:44:05.962] [modloading-worker-0/INFO] [EMI/]: [EMI] [TMRV] onConfigManagerAvailable: apothic_spawners:spawner took 0ms
[05May2026 00:44:05.962] [modloading-worker-0/INFO] [EMI/]: [EMI] [TMRV] onConfigManagerAvailable: jade:main...
[05May2026 00:44:05.962] [modloading-worker-0/INFO] [EMI/]: [EMI] [TMRV] onConfigManagerAvailable: jade:main took 0ms
[05May2026 00:44:05.962] [modloading-worker-0/INFO] [EMI/]: [EMI] [TMRV] onConfigManagerAvailable: patchouli:patchouli...
[05May2026 00:44:05.962] [modloading-worker-0/INFO] [EMI/]: [EMI] [TMRV] onConfigManagerAvailable: patchouli:patchouli took 0ms
[05May2026 00:44:05.962] [modloading-worker-0/INFO] [EMI/]: [EMI] [TMRV] onConfigManagerAvailable: ultimine_addition:jei_integration...
[05May2026 00:44:05.963] [modloading-worker-0/INFO] [EMI/]: [EMI] [TMRV] onConfigManagerAvailable: ultimine_addition:jei_integration took 1ms
[05May2026 00:44:05.963] [modloading-worker-0/INFO] [EMI/]: [EMI] [TMRV] onConfigManagerAvailable: apothic_enchanting:enchantment...
[05May2026 00:44:05.963] [modloading-worker-0/INFO] [EMI/]: [EMI] [TMRV] onConfigManagerAvailable: apothic_enchanting:enchantment took 0ms
[05May2026 00:44:05.963] [modloading-worker-0/INFO] [EMI/]: [EMI] [TMRV] onConfigManagerAvailable: apotheosis:adventure_module...
[05May2026 00:44:05.963] [modloading-worker-0/INFO] [EMI/]: [EMI] [TMRV] onConfigManagerAvailable: apotheosis:adventure_module took 0ms
[05May2026 00:44:05.963] [modloading-worker-0/INFO] [EMI/]: [EMI] [TMRV] onConfigManagerAvailable: polylib:jei_plugin...
[05May2026 00:44:05.963] [modloading-worker-0/INFO] [EMI/]: [EMI] [TMRV] onConfigManagerAvailable: polylib:jei_plugin took 0ms
[05May2026 00:44:05.963] [modloading-worker-0/INFO] [EMI/]: [EMI] [TMRV] onConfigManagerAvailable: jei:internal...
[05May2026 00:44:05.963] [modloading-worker-0/INFO] [EMI/]: [EMI] [TMRV] onConfigManagerAvailable: jei:internal took 0ms
[05May2026 00:44:05.963] [modloading-worker-0/INFO] [toomanyrecipeviewers/]: onConfigManagerAvailable took 5ms
[05May2026 00:44:05.963] [modloading-worker-0/DEBUG] [mixin/]: Mixing FontMixin from jade.mixins.json into net.minecraft.client.gui.Font
[05May2026 00:44:05.963] [modloading-worker-0/DEBUG] [mixin/]: jade.mixins.json:FontMixin from mod jade: Class version 65 required is higher than the class version supported by the current version of Mixin (JAVA_16 supports class version 60)
[05May2026 00:44:05.965] [modloading-worker-0/DEBUG] [net.neoforged.fml.javafmlmod.AutomaticEventSubscriber/LOADING]: Attempting to inject @EventBusSubscriber classes into the eventbus for toomanyrecipeviewers
[05May2026 00:44:05.966] [modloading-worker-0/DEBUG] [mixin/]: jade.mixins.json:FontMixin from mod jade->@Inject::jade$renderChar(Lnet/minecraft/client/gui/font/glyphs/BakedGlyph;ZZFFFLorg/joml/Matrix4f;Lcom/mojang/blaze3d/vertex/VertexConsumer;FFFFILorg/spongepowered/asm/mixin/injection/callback/CallbackInfo;)V does use it's CallbackInfo
[05May2026 00:44:05.966] [modloading-worker-0/DEBUG] [net.neoforged.fml.javafmlmod.AutomaticEventSubscriber/LOADING]: Scanning class it.hurts.sskirillss.relics.items.relics.RiderFluteItem$CommonEvents for @SubscribeEvent-annotated methods
[05May2026 00:44:05.967] [modloading-worker-0/INFO] [xaero.map.WorldMap/]: Registering client data for channel xaeroworldmap:main!
[05May2026 00:44:05.968] [modloading-worker-0/DEBUG] [net.neoforged.fml.javafmlmod.AutomaticEventSubscriber/]: Subscribing @EventBusSubscriber class Lit/hurts/sskirillss/relics/items/relics/RiderFluteItem$CommonEvents; to the game event bus
[05May2026 00:44:05.968] [modloading-worker-0/DEBUG] [net.neoforged.fml.javafmlmod.AutomaticEventSubscriber/LOADING]: Scanning class it.hurts.sskirillss.relics.items.relics.RiderFluteItem$ClientEvents for @SubscribeEvent-annotated methods
[05May2026 00:44:05.969] [modloading-worker-0/DEBUG] [net.neoforged.fml.javafmlmod.AutomaticEventSubscriber/]: Subscribing @EventBusSubscriber class Lit/hurts/sskirillss/relics/items/relics/RiderFluteItem$ClientEvents; to the game event bus
[05May2026 00:44:05.970] [modloading-worker-0/DEBUG] [net.neoforged.fml.javafmlmod.AutomaticEventSubscriber/LOADING]: Scanning class it.hurts.sskirillss.relics.items.relics.necklace.ReflectiveNecklaceItem$CommonEvents for @SubscribeEvent-annotated methods
[05May2026 00:44:05.970] [modloading-worker-0/DEBUG] [net.neoforged.fml.config.ConfigTracker/CONFIG]: Config file patchouli-client.toml for patchouli tracking
[05May2026 00:44:05.973] [modloading-worker-0/DEBUG] [io.netty.buffer.PooledByteBufAllocator/]: -Dio.netty.allocator.numHeapArenas: 40
[05May2026 00:44:05.973] [modloading-worker-0/DEBUG] [io.netty.buffer.PooledByteBufAllocator/]: -Dio.netty.allocator.numDirectArenas: 40
[05May2026 00:44:05.973] [modloading-worker-0/DEBUG] [io.netty.buffer.PooledByteBufAllocator/]: -Dio.netty.allocator.pageSize: 8192
[05May2026 00:44:05.973] [modloading-worker-0/DEBUG] [io.netty.buffer.PooledByteBufAllocator/]: -Dio.netty.allocator.maxOrder: 9
[05May2026 00:44:05.973] [modloading-worker-0/DEBUG] [io.netty.buffer.PooledByteBufAllocator/]: -Dio.netty.allocator.chunkSize: 4194304
[05May2026 00:44:05.973] [modloading-worker-0/DEBUG] [io.netty.buffer.PooledByteBufAllocator/]: -Dio.netty.allocator.smallCacheSize: 256
[05May2026 00:44:05.973] [modloading-worker-0/DEBUG] [io.netty.buffer.PooledByteBufAllocator/]: -Dio.netty.allocator.normalCacheSize: 64
[05May2026 00:44:05.973] [modloading-worker-0/DEBUG] [io.netty.buffer.PooledByteBufAllocator/]: -Dio.netty.allocator.maxCachedBufferCapacity: 32768
[05May2026 00:44:05.973] [modloading-worker-0/DEBUG] [io.netty.buffer.PooledByteBufAllocator/]: -Dio.netty.allocator.cacheTrimInterval: 8192
[05May2026 00:44:05.973] [modloading-worker-0/DEBUG] [io.netty.buffer.PooledByteBufAllocator/]: -Dio.netty.allocator.cacheTrimIntervalMillis: 0
[05May2026 00:44:05.974] [modloading-worker-0/DEBUG] [io.netty.buffer.PooledByteBufAllocator/]: -Dio.netty.allocator.useCacheForAllThreads: false
[05May2026 00:44:05.974] [modloading-worker-0/DEBUG] [io.netty.buffer.PooledByteBufAllocator/]: -Dio.netty.allocator.maxCachedByteBuffersPerChunk: 1023
[05May2026 00:44:05.974] [modloading-worker-0/DEBUG] [net.neoforged.fml.javafmlmod.AutomaticEventSubscriber/]: Subscribing @EventBusSubscriber class Lit/hurts/sskirillss/relics/items/relics/necklace/ReflectiveNecklaceItem$CommonEvents; to the game event bus
[05May2026 00:44:05.974] [modloading-worker-0/DEBUG] [net.neoforged.fml.config.ConfigTracker/CONFIG]: Config file curios-client.toml for curios tracking
[05May2026 00:44:05.974] [modloading-worker-0/DEBUG] [net.neoforged.fml.javafmlmod.AutomaticEventSubscriber/LOADING]: Scanning class it.hurts.sskirillss.relics.items.relics.necklace.JellyfishNecklaceItem$CommonEvents for @SubscribeEvent-annotated methods
[05May2026 00:44:05.975] [modloading-worker-0/DEBUG] [mixin/]: Mixing AnyHolderSetMixin from apotheosis.mixins.json into net.neoforged.neoforge.registries.holdersets.AnyHolderSet
[05May2026 00:44:05.975] [modloading-worker-0/DEBUG] [mixin/]: apotheosis.mixins.json:AnyHolderSetMixin from mod apotheosis->@Inject::apoth_canSerialize(Lnet/minecraft/core/HolderOwner;Lorg/spongepowered/asm/mixin/injection/callback/CallbackInfoReturnable;)V does use it's CallbackInfoReturnable
[05May2026 00:44:05.977] [modloading-worker-0/DEBUG] [net.neoforged.fml.javafmlmod.AutomaticEventSubscriber/LOADING]: Attempting to inject @EventBusSubscriber classes into the eventbus for patchouli
[05May2026 00:44:05.978] [modloading-worker-0/DEBUG] [net.neoforged.fml.javafmlmod.AutomaticEventSubscriber/LOADING]: Scanning class vazkii.patchouli.neoforge.client.NeoForgeClientInitializer for @SubscribeEvent-annotated methods
[05May2026 00:44:05.978] [modloading-worker-0/DEBUG] [net.neoforged.fml.javafmlmod.AutomaticEventSubscriber/LOADING]: Attempting to inject @EventBusSubscriber classes into the eventbus for apothic_attributes
[05May2026 00:44:05.980] [modloading-worker-0/DEBUG] [net.neoforged.fml.config.ConfigTracker/CONFIG]: Config file curios-common.toml for curios tracking
[05May2026 00:44:05.980] [modloading-worker-0/DEBUG] [net.neoforged.fml.config.ConfigTracker/CONFIG]: Config file curios-server.toml for curios tracking
[05May2026 00:44:05.980] [modloading-worker-0/DEBUG] [net.neoforged.fml.javafmlmod.AutomaticEventSubscriber/LOADING]: Attempting to inject @EventBusSubscriber classes into the eventbus for curios
[05May2026 00:44:05.980] [modloading-worker-0/DEBUG] [net.neoforged.fml.javafmlmod.AutomaticEventSubscriber/LOADING]: Scanning class top.theillusivec4.curios.Curios$ClientProxy for @SubscribeEvent-annotated methods
[05May2026 00:44:05.982] [modloading-worker-0/DEBUG] [net.neoforged.fml.javafmlmod.AutomaticEventSubscriber/]: Subscribing @EventBusSubscriber class Lit/hurts/sskirillss/relics/items/relics/necklace/JellyfishNecklaceItem$CommonEvents; to the game event bus
[05May2026 00:44:05.984] [modloading-worker-0/DEBUG] [net.neoforged.fml.javafmlmod.AutomaticEventSubscriber/]: Subscribing @EventBusSubscriber class Ltop/theillusivec4/curios/Curios$ClientProxy; to the mod event bus of mod curios
[05May2026 00:44:05.984] [modloading-worker-0/DEBUG] [net.neoforged.fml.javafmlmod.AutomaticEventSubscriber/LOADING]: Scanning class it.hurts.sskirillss.relics.items.relics.head.PiglinMaskItem$CommonEvents for @SubscribeEvent-annotated methods
[05May2026 00:44:05.986] [modloading-worker-0/DEBUG] [net.neoforged.fml.javafmlmod.AutomaticEventSubscriber/]: Subscribing @EventBusSubscriber class Lvazkii/patchouli/neoforge/client/NeoForgeClientInitializer; to the mod event bus of mod patchouli
[05May2026 00:44:05.986] [modloading-worker-0/DEBUG] [iceberg/]: Loaded com.anthonyhilyard.iceberg.neoforge.services.NeoForgeReloadListenerRegistrar@1290369b for service interface com.anthonyhilyard.iceberg.services.IReloadListenerRegistrar
[05May2026 00:44:05.989] [modloading-worker-0/DEBUG] [net.neoforged.fml.javafmlmod.AutomaticEventSubscriber/]: Subscribing @EventBusSubscriber class Lit/hurts/sskirillss/relics/items/relics/head/PiglinMaskItem$CommonEvents; to the game event bus
[05May2026 00:44:05.989] [modloading-worker-0/DEBUG] [net.neoforged.fml.javafmlmod.AutomaticEventSubscriber/LOADING]: Attempting to inject @EventBusSubscriber classes into the eventbus for fastbench
[05May2026 00:44:05.989] [modloading-worker-0/DEBUG] [net.neoforged.fml.javafmlmod.AutomaticEventSubscriber/LOADING]: Scanning class dev.shadowsoffire.fastbench.util.SlotUpdateManager for @SubscribeEvent-annotated methods
[05May2026 00:44:05.989] [modloading-worker-0/DEBUG] [net.neoforged.fml.javafmlmod.AutomaticEventSubscriber/LOADING]: Scanning class vazkii.patchouli.neoforge.common.NeoForgeModInitializer for @SubscribeEvent-annotated methods
[05May2026 00:44:05.989] [modloading-worker-0/DEBUG] [net.neoforged.fml.javafmlmod.AutomaticEventSubscriber/]: Subscribing @EventBusSubscriber class Lvazkii/patchouli/neoforge/common/NeoForgeModInitializer; to the mod event bus of mod patchouli
[05May2026 00:44:05.990] [modloading-worker-0/DEBUG] [net.neoforged.fml.javafmlmod.AutomaticEventSubscriber/]: Subscribing @EventBusSubscriber class Ldev/shadowsoffire/fastbench/util/SlotUpdateManager; to the game event bus
[05May2026 00:44:05.990] [modloading-worker-0/DEBUG] [net.neoforged.fml.javafmlmod.AutomaticEventSubscriber/LOADING]: Scanning class it.hurts.sskirillss.relics.items.relics.head.ChefHatItem$CommonEvents for @SubscribeEvent-annotated methods
[05May2026 00:44:05.990] [modloading-worker-0/DEBUG] [net.neoforged.fml.javafmlmod.AutomaticEventSubscriber/LOADING]: Attempting to inject @EventBusSubscriber classes into the eventbus for searchables
[05May2026 00:44:05.992] [modloading-worker-0/DEBUG] [net.neoforged.fml.javafmlmod.AutomaticEventSubscriber/LOADING]: Scanning class dev.shadowsoffire.fastbench.ClientHandler for @SubscribeEvent-annotated methods
[05May2026 00:44:05.992] [modloading-worker-0/DEBUG] [mixin/]: Mixing FTBUltimineMixin from ultimine_addition.common.mixins.json into dev.ftb.mods.ftbultimine.FTBUltimine
[05May2026 00:44:05.992] [modloading-worker-0/DEBUG] [mixin/]: ultimine_addition.common.mixins.json:FTBUltimineMixin from mod ultimine_addition: Class version 65 required is higher than the class version supported by the current version of Mixin (JAVA_17 supports class version 61)
[05May2026 00:44:05.992] [modloading-worker-0/DEBUG] [mixin/]: Renaming synthetic method lambda$UA$Redirect$blockBroken$3$0(Lorg/spongepowered/asm/mixin/injection/invoke/arg/Args;)I to md9b8020$ultimine_addition$lambda$UA$Redirect$blockBroken$3$0$0 in ultimine_addition.common.mixins.json:FTBUltimineMixin from mod ultimine_addition
[05May2026 00:44:05.992] [modloading-worker-0/DEBUG] [net.neoforged.fml.javafmlmod.AutomaticEventSubscriber/]: Subscribing @EventBusSubscriber class Lit/hurts/sskirillss/relics/items/relics/head/ChefHatItem$CommonEvents; to the game event bus
[05May2026 00:44:05.993] [modloading-worker-0/DEBUG] [net.neoforged.fml.javafmlmod.AutomaticEventSubscriber/LOADING]: Scanning class it.hurts.sskirillss.relics.items.relics.feet.SpringyBootItem$CommonEvents for @SubscribeEvent-annotated methods
[05May2026 00:44:05.993] [modloading-worker-0/DEBUG] [mixin/]: ArgsClassGenerator assigning org.spongepowered.asm.synthetic.args.Args$1 for descriptor (Lnet/minecraft/server/level/ServerPlayer;ZLjava/util/function/IntSupplier;)V
[05May2026 00:44:05.996] [modloading-worker-0/DEBUG] [mixin/]: Mixing ImageButtonAccessor from balm.neoforge.mixins.json into net.minecraft.client.gui.components.ImageButton
[05May2026 00:44:05.998] [modloading-worker-0/DEBUG] [net.neoforged.fml.javafmlmod.AutomaticEventSubscriber/]: Subscribing @EventBusSubscriber class Lit/hurts/sskirillss/relics/items/relics/feet/SpringyBootItem$CommonEvents; to the game event bus
[05May2026 00:44:05.998] [modloading-worker-0/DEBUG] [net.neoforged.fml.javafmlmod.AutomaticEventSubscriber/]: Subscribing @EventBusSubscriber class Ldev/shadowsoffire/fastbench/ClientHandler; to the game event bus
[05May2026 00:44:05.999] [modloading-worker-0/DEBUG] [net.neoforged.fml.javafmlmod.AutomaticEventSubscriber/LOADING]: Scanning class it.hurts.sskirillss.relics.items.relics.feet.RollerSkateItem$Events for @SubscribeEvent-annotated methods
[05May2026 00:44:05.999] [modloading-worker-0/DEBUG] [net.neoforged.fml.javafmlmod.AutomaticEventSubscriber/LOADING]: Attempting to inject @EventBusSubscriber classes into the eventbus for fastfurnace
[05May2026 00:44:06.001] [modloading-worker-0/DEBUG] [net.neoforged.fml.javafmlmod.AutomaticEventSubscriber/]: Subscribing @EventBusSubscriber class Lit/hurts/sskirillss/relics/items/relics/feet/RollerSkateItem$Events; to the game event bus
[05May2026 00:44:06.002] [modloading-worker-0/DEBUG] [net.neoforged.fml.javafmlmod.AutomaticEventSubscriber/LOADING]: Attempting to inject @EventBusSubscriber classes into the eventbus for iceberg
[05May2026 00:44:06.004] [modloading-worker-0/DEBUG] [net.neoforged.fml.javafmlmod.AutomaticEventSubscriber/LOADING]: Scanning class it.hurts.sskirillss.relics.items.relics.feet.CutGlassBootItem$CommonEvents for @SubscribeEvent-annotated methods
[05May2026 00:44:06.004] [modloading-worker-0/DEBUG] [net.neoforged.fml.javafmlmod.AutomaticEventSubscriber/]: Subscribing @EventBusSubscriber class Lit/hurts/sskirillss/relics/items/relics/feet/CutGlassBootItem$CommonEvents; to the game event bus
[05May2026 00:44:06.004] [modloading-worker-0/DEBUG] [net.neoforged.fml.javafmlmod.AutomaticEventSubscriber/LOADING]: Attempting to inject @EventBusSubscriber classes into the eventbus for supermartijn642corelib
[05May2026 00:44:06.004] [modloading-worker-0/DEBUG] [net.neoforged.fml.javafmlmod.AutomaticEventSubscriber/LOADING]: Scanning class it.hurts.sskirillss.relics.items.relics.feet.CutGlassBootItem$ClientEvents for @SubscribeEvent-annotated methods
[05May2026 00:44:06.006] [modloading-worker-0/DEBUG] [net.neoforged.fml.javafmlmod.AutomaticEventSubscriber/]: Subscribing @EventBusSubscriber class Lit/hurts/sskirillss/relics/items/relics/feet/CutGlassBootItem$ClientEvents; to the game event bus
[05May2026 00:44:06.007] [modloading-worker-0/DEBUG] [net.neoforged.fml.javafmlmod.AutomaticEventSubscriber/LOADING]: Scanning class it.hurts.sskirillss.relics.items.relics.ClotOfTimeItem$CommonEvents for @SubscribeEvent-annotated methods
[05May2026 00:44:06.009] [modloading-worker-0/DEBUG] [io.netty.buffer.ByteBufUtil/]: -Dio.netty.allocator.type: pooled
[05May2026 00:44:06.009] [modloading-worker-0/DEBUG] [io.netty.buffer.ByteBufUtil/]: -Dio.netty.threadLocalDirectBufferSize: 0
[05May2026 00:44:06.009] [modloading-worker-0/DEBUG] [io.netty.buffer.ByteBufUtil/]: -Dio.netty.maxThreadLocalCharBufferSize: 16384
[05May2026 00:44:06.009] [modloading-worker-0/DEBUG] [net.neoforged.fml.javafmlmod.AutomaticEventSubscriber/]: Subscribing @EventBusSubscriber class Lit/hurts/sskirillss/relics/items/relics/ClotOfTimeItem$CommonEvents; to the game event bus
[05May2026 00:44:06.010] [modloading-worker-0/DEBUG] [mixin/]: Mixing hud_batching.compat.xaerominimap.MixinXaerosMinimap_ClientEvents from immediatelyfast-common.mixins.json into xaero.common.events.ClientEvents
[05May2026 00:44:06.010] [modloading-worker-0/DEBUG] [net.neoforged.fml.javafmlmod.AutomaticEventSubscriber/LOADING]: Scanning class it.hurts.sskirillss.relics.items.relics.ClotOfTimeItem$ClientEvents for @SubscribeEvent-annotated methods
[05May2026 00:44:06.010] [modloading-worker-0/DEBUG] [mixin/]: immediatelyfast-common.mixins.json:hud_batching.compat.xaerominimap.MixinXaerosMinimap_ClientEvents from mod immediatelyfast: Class version 65 required is higher than the class version supported by the current version of Mixin (JAVA_17 supports class version 61)
[05May2026 00:44:06.011] [modloading-worker-0/DEBUG] [mixin/]: immediatelyfast-common.mixins.json:hud_batching.compat.xaerominimap.MixinXaerosMinimap_ClientEvents from mod immediatelyfast->@Inject::forceDrawBatch(Lorg/spongepowered/asm/mixin/injection/callback/CallbackInfo;)V doesn't use it's CallbackInfo
[05May2026 00:44:06.011] [modloading-worker-0/DEBUG] [mixin/]: immediatelyfast-common.mixins.json:hud_batching.compat.xaerominimap.MixinXaerosMinimap_ClientEvents from mod immediatelyfast->@Inject::forceDrawBatch(Lorg/spongepowered/asm/mixin/injection/callback/CallbackInfo;)V has 0 override(s) in child classes
[05May2026 00:44:06.011] [modloading-worker-0/DEBUG] [mixin/]: immediatelyfast-common.mixins.json:hud_batching.compat.xaerominimap.MixinXaerosMinimap_ClientEvents from mod immediatelyfast->@Inject::forceDrawBatch(Lorg/spongepowered/asm/mixin/injection/callback/CallbackInfo;)V won't be passed a CallbackInfo as a result
[05May2026 00:44:06.012] [modloading-worker-0/DEBUG] [net.neoforged.fml.javafmlmod.AutomaticEventSubscriber/LOADING]: Attempting to inject @EventBusSubscriber classes into the eventbus for immediatelyfast
[05May2026 00:44:06.012] [modloading-worker-0/DEBUG] [net.neoforged.fml.javafmlmod.AutomaticEventSubscriber/]: Subscribing @EventBusSubscriber class Lit/hurts/sskirillss/relics/items/relics/ClotOfTimeItem$ClientEvents; to the game event bus
[05May2026 00:44:06.013] [modloading-worker-0/DEBUG] [net.neoforged.fml.javafmlmod.AutomaticEventSubscriber/LOADING]: Scanning class it.hurts.sskirillss.relics.items.relics.ChorusStaffItem$CommonEvents for @SubscribeEvent-annotated methods
[05May2026 00:44:06.015] [modloading-worker-0/DEBUG] [net.neoforged.fml.javafmlmod.AutomaticEventSubscriber/LOADING]: Attempting to inject @EventBusSubscriber classes into the eventbus for resourcefullib
[05May2026 00:44:06.015] [modloading-worker-0/DEBUG] [net.neoforged.fml.javafmlmod.AutomaticEventSubscriber/]: Subscribing @EventBusSubscriber class Lit/hurts/sskirillss/relics/items/relics/ChorusStaffItem$CommonEvents; to the game event bus
[05May2026 00:44:06.015] [modloading-worker-0/DEBUG] [net.neoforged.fml.javafmlmod.AutomaticEventSubscriber/LOADING]: Scanning class it.hurts.sskirillss.relics.items.relics.charm.ExperienceDisperserItem$CommonEvents for @SubscribeEvent-annotated methods
[05May2026 00:44:06.015] [modloading-worker-0/INFO] [xaero.map.WorldMap/]: Loading primary common config for channel xaeroworldmap:main!
[05May2026 00:44:06.018] [modloading-worker-0/DEBUG] [mixin/]: Mixing AdvancedPacketErrorLogging from connectivity.mixins.json into net.minecraft.network.Connection
[05May2026 00:44:06.019] [modloading-worker-0/DEBUG] [mixin/]: Mixing ConnectionMixin from connectivity.mixins.json into net.minecraft.network.Connection
[05May2026 00:44:06.019] [modloading-worker-0/DEBUG] [mixin/]: Renaming synthetic method lambda$on$2(Ljava/lang/String;Lio/netty/channel/ChannelHandlerContext;Lio/netty/util/concurrent/Future;)V to md9b8020$connectivity$lambda$on$2$0 in connectivity.mixins.json:ConnectionMixin from mod connectivity
[05May2026 00:44:06.019] [modloading-worker-0/DEBUG] [mixin/]: Renaming synthetic method lambda$on$1(Ljava/lang/String;Lio/netty/channel/ChannelHandlerContext;Lio/netty/util/concurrent/Future;)V to md9b8020$connectivity$lambda$on$1$1 in connectivity.mixins.json:ConnectionMixin from mod connectivity
[05May2026 00:44:06.019] [modloading-worker-0/DEBUG] [mixin/]: Renaming synthetic method lambda$on$0(Ljava/lang/String;Lio/netty/channel/ChannelHandlerContext;Lio/netty/util/concurrent/Future;)V to md9b8020$connectivity$lambda$on$0$2 in connectivity.mixins.json:ConnectionMixin from mod connectivity
[05May2026 00:44:06.019] [modloading-worker-0/INFO] [xaero.map.WorldMap/]: Loading server config profiles for channel xaeroworldmap:main!
[05May2026 00:44:06.022] [modloading-worker-0/DEBUG] [net.neoforged.fml.javafmlmod.AutomaticEventSubscriber/LOADING]: Attempting to inject @EventBusSubscriber classes into the eventbus for lootjs
[05May2026 00:44:06.022] [modloading-worker-0/DEBUG] [mixin/]: Mixing perf.smart_ingredient_sync.ConnectionMixin from modernfix-modernfix.mixins.json into net.minecraft.network.Connection
[05May2026 00:44:06.023] [modloading-worker-0/DEBUG] [mixin/]: Mixing client.MixinClientConnection from mixins/neoforge/nochatreports-neoforge.mixins.json into net.minecraft.network.Connection
[05May2026 00:44:06.024] [modloading-worker-0/INFO] [xaero.map.WorldMap/]: Loading primary client config for channel xaeroworldmap:main!
[05May2026 00:44:06.031] [modloading-worker-0/DEBUG] [mixin/]: connectivity.mixins.json:ConnectionMixin from mod connectivity->@Inject::on(Lio/netty/channel/ChannelHandlerContext;Ljava/lang/Throwable;Lorg/spongepowered/asm/mixin/injection/callback/CallbackInfo;)V doesn't use it's CallbackInfo
[05May2026 00:44:06.031] [modloading-worker-0/DEBUG] [mixin/]: connectivity.mixins.json:ConnectionMixin from mod connectivity->@Inject::on(Lio/netty/channel/ChannelHandlerContext;Ljava/lang/Throwable;Lorg/spongepowered/asm/mixin/injection/callback/CallbackInfo;)V has 0 override(s) in child classes
[05May2026 00:44:06.031] [modloading-worker-0/DEBUG] [mixin/]: connectivity.mixins.json:ConnectionMixin from mod connectivity->@Inject::on(Lio/netty/channel/ChannelHandlerContext;Ljava/lang/Throwable;Lorg/spongepowered/asm/mixin/injection/callback/CallbackInfo;)V won't be passed a CallbackInfo as a result
[05May2026 00:44:06.032] [modloading-worker-0/DEBUG] [mixin/]: connectivity.mixins.json:ConnectionMixin from mod connectivity->@Inject::onSend(Lnet/minecraft/network/protocol/Packet;Lnet/minecraft/network/PacketSendListener;ZLorg/spongepowered/asm/mixin/injection/callback/CallbackInfo;)V doesn't use it's CallbackInfo
[05May2026 00:44:06.032] [modloading-worker-0/DEBUG] [mixin/]: connectivity.mixins.json:ConnectionMixin from mod connectivity->@Inject::onSend(Lnet/minecraft/network/protocol/Packet;Lnet/minecraft/network/PacketSendListener;ZLorg/spongepowered/asm/mixin/injection/callback/CallbackInfo;)V has 0 override(s) in child classes
[05May2026 00:44:06.032] [modloading-worker-0/DEBUG] [mixin/]: connectivity.mixins.json:ConnectionMixin from mod connectivity->@Inject::onSend(Lnet/minecraft/network/protocol/Packet;Lnet/minecraft/network/PacketSendListener;ZLorg/spongepowered/asm/mixin/injection/callback/CallbackInfo;)V won't be passed a CallbackInfo as a result
[05May2026 00:44:06.032] [modloading-worker-0/DEBUG] [mixin/]: connectivity.mixins.json:ConnectionMixin from mod connectivity->@Inject::afterSend(Lnet/minecraft/network/protocol/Packet;Lnet/minecraft/network/PacketSendListener;ZLorg/spongepowered/asm/mixin/injection/callback/CallbackInfo;)V doesn't use it's CallbackInfo
[05May2026 00:44:06.032] [modloading-worker-0/DEBUG] [mixin/]: connectivity.mixins.json:ConnectionMixin from mod connectivity->@Inject::afterSend(Lnet/minecraft/network/protocol/Packet;Lnet/minecraft/network/PacketSendListener;ZLorg/spongepowered/asm/mixin/injection/callback/CallbackInfo;)V has 0 override(s) in child classes
[05May2026 00:44:06.032] [modloading-worker-0/DEBUG] [mixin/]: connectivity.mixins.json:ConnectionMixin from mod connectivity->@Inject::afterSend(Lnet/minecraft/network/protocol/Packet;Lnet/minecraft/network/PacketSendListener;ZLorg/spongepowered/asm/mixin/injection/callback/CallbackInfo;)V won't be passed a CallbackInfo as a result
[05May2026 00:44:06.032] [modloading-worker-0/DEBUG] [mixin/]: mixins/neoforge/nochatreports-neoforge.mixins.json:client.MixinClientConnection from mod nochatreports->@Inject::handleDisconnect(Lio/netty/channel/ChannelHandlerContext;Lorg/spongepowered/asm/mixin/injection/callback/CallbackInfo;)V doesn't use it's CallbackInfo
[05May2026 00:44:06.032] [modloading-worker-0/DEBUG] [mixin/]: mixins/neoforge/nochatreports-neoforge.mixins.json:client.MixinClientConnection from mod nochatreports->@Inject::handleDisconnect(Lio/netty/channel/ChannelHandlerContext;Lorg/spongepowered/asm/mixin/injection/callback/CallbackInfo;)V has 0 override(s) in child classes
[05May2026 00:44:06.032] [modloading-worker-0/DEBUG] [mixin/]: mixins/neoforge/nochatreports-neoforge.mixins.json:client.MixinClientConnection from mod nochatreports->@Inject::handleDisconnect(Lio/netty/channel/ChannelHandlerContext;Lorg/spongepowered/asm/mixin/injection/callback/CallbackInfo;)V won't be passed a CallbackInfo as a result
[05May2026 00:44:06.034] [modloading-worker-0/DEBUG] [net.neoforged.fml.config.ConfigTracker/CONFIG]: Config file appleskin-client.toml for appleskin tracking
[05May2026 00:44:06.035] [modloading-worker-0/DEBUG] [net.neoforged.fml.javafmlmod.AutomaticEventSubscriber/LOADING]: Attempting to inject @EventBusSubscriber classes into the eventbus for appleskin
[05May2026 00:44:06.035] [modloading-worker-0/INFO] [xaero.map.WorldMap/]: Loading client config profiles for channel xaeroworldmap:main!
[05May2026 00:44:06.035] [modloading-worker-0/DEBUG] [NoChatReports/]: Writing config file NoChatReports/NCR-Common.json...
[05May2026 00:44:06.037] [modloading-worker-0/DEBUG] [NoChatReports/]: Writing config file NoChatReports/NCR-Client.json...
[05May2026 00:44:06.037] [modloading-worker-0/DEBUG] [net.neoforged.fml.javafmlmod.AutomaticEventSubscriber/]: Subscribing @EventBusSubscriber class Lit/hurts/sskirillss/relics/items/relics/charm/ExperienceDisperserItem$CommonEvents; to the game event bus
[05May2026 00:44:06.038] [modloading-worker-0/DEBUG] [NoChatReports/]: Writing config file NoChatReports/NCR-ServerPreferences.json...
[05May2026 00:44:06.038] [modloading-worker-0/DEBUG] [net.neoforged.fml.javafmlmod.AutomaticEventSubscriber/LOADING]: Scanning class it.hurts.sskirillss.relics.items.relics.belt.KineticBeltItem$CommonEvents for @SubscribeEvent-annotated methods
[05May2026 00:44:06.040] [modloading-worker-0/DEBUG] [NoChatReports/]: Writing config file NoChatReports/NCR-Encryption.json...
[05May2026 00:44:06.040] [modloading-worker-0/DEBUG] [net.neoforged.fml.javafmlmod.AutomaticEventSubscriber/]: Subscribing @EventBusSubscriber class Lnet/neoforged/neoforge/network/filters/GenericPacketSplitter; to the mod event bus of mod neoforge
[05May2026 00:44:06.040] [modloading-worker-0/DEBUG] [net.neoforged.fml.javafmlmod.AutomaticEventSubscriber/]: Subscribing @EventBusSubscriber class Lit/hurts/sskirillss/relics/items/relics/belt/KineticBeltItem$CommonEvents; to the game event bus
[05May2026 00:44:06.042] [modloading-worker-0/DEBUG] [net.neoforged.fml.javafmlmod.AutomaticEventSubscriber/LOADING]: Scanning class it.hurts.sskirillss.relics.items.relics.belt.HuntingBeltItem$CommonEvents for @SubscribeEvent-annotated methods
[05May2026 00:44:06.043] [modloading-worker-0/DEBUG] [NoChatReports/]: Client initialization...
[05May2026 00:44:06.044] [modloading-worker-0/DEBUG] [net.neoforged.fml.javafmlmod.AutomaticEventSubscriber/]: Subscribing @EventBusSubscriber class Lit/hurts/sskirillss/relics/items/relics/belt/HuntingBeltItem$CommonEvents; to the game event bus
[05May2026 00:44:06.046] [modloading-worker-0/DEBUG] [KubeJS/]: Took 0 ms to grab stacktrace classes.
[05May2026 00:44:06.046] [modloading-worker-0/DEBUG] [KubeJS/]: Took 0 ms to grab stacktrace classes.
[05May2026 00:44:06.048] [modloading-worker-0/DEBUG] [net.neoforged.fml.javafmlmod.AutomaticEventSubscriber/LOADING]: Scanning class net.neoforged.neoforge.network.NetworkInitialization for @SubscribeEvent-annotated methods
[05May2026 00:44:06.049] [modloading-worker-0/DEBUG] [net.neoforged.fml.javafmlmod.AutomaticEventSubscriber/LOADING]: Scanning class it.hurts.sskirillss.relics.items.relics.back.MidnightMantleItem$CommonEvents for @SubscribeEvent-annotated methods
[05May2026 00:44:06.049] [modloading-worker-0/DEBUG] [net.neoforged.fml.javafmlmod.AutomaticEventSubscriber/]: Subscribing @EventBusSubscriber class Lnet/neoforged/neoforge/network/NetworkInitialization; to the mod event bus of mod neoforge
[05May2026 00:44:06.049] [modloading-worker-0/DEBUG] [net.neoforged.fml.javafmlmod.AutomaticEventSubscriber/LOADING]: Scanning class net.neoforged.neoforge.network.ConfigurationInitialization for @SubscribeEvent-annotated methods
[05May2026 00:44:06.052] [modloading-worker-0/DEBUG] [mixin/]: Mixing ClientPacketListenerMixin from connectivity.mixins.json into net.minecraft.client.multiplayer.ClientPacketListener
[05May2026 00:44:06.052] [modloading-worker-0/DEBUG] [net.neoforged.fml.javafmlmod.AutomaticEventSubscriber/]: Subscribing @EventBusSubscriber class Lnet/neoforged/neoforge/network/ConfigurationInitialization; to the mod event bus of mod neoforge
[05May2026 00:44:06.052] [modloading-worker-0/DEBUG] [net.neoforged.fml.javafmlmod.AutomaticEventSubscriber/LOADING]: Scanning class net.neoforged.neoforge.common.MonsterRoomHooks for @SubscribeEvent-annotated methods
[05May2026 00:44:06.052] [modloading-worker-0/DEBUG] [mixin/]: Mixing MixinClientPacketListener from xaerolib.mixins.json into net.minecraft.client.multiplayer.ClientPacketListener
[05May2026 00:44:06.052] [modloading-worker-0/DEBUG] [mixin/]: xaerolib.mixins.json:MixinClientPacketListener from mod xaerolib: Class version 65 required is higher than the class version supported by the current version of Mixin (JAVA_17 supports class version 61)
[05May2026 00:44:06.053] [modloading-worker-0/DEBUG] [mixin/]: Mixing MixinClientPlayNetworkHandler from xaeroworldmap.mixins.json into net.minecraft.client.multiplayer.ClientPacketListener
[05May2026 00:44:06.053] [modloading-worker-0/DEBUG] [mixin/]: xaeroworldmap.mixins.json:MixinClientPlayNetworkHandler from mod xaeroworldmap: Class version 65 required is higher than the class version supported by the current version of Mixin (JAVA_17 supports class version 61)
[05May2026 00:44:06.053] [modloading-worker-0/DEBUG] [mixin/]: Mixing MixinForgeClientPacketListener from xaeroworldmap.neoforge.mixins.json into net.minecraft.client.multiplayer.ClientPacketListener
[05May2026 00:44:06.053] [modloading-worker-0/DEBUG] [mixin/]: xaeroworldmap.neoforge.mixins.json:MixinForgeClientPacketListener from mod xaeroworldmap: Class version 65 required is higher than the class version supported by the current version of Mixin (JAVA_17 supports class version 61)
[05May2026 00:44:06.053] [modloading-worker-0/DEBUG] [mixin/]: Mixing client.MixinClientPacketListener from DistantHorizons.neoforge.mixins.json into net.minecraft.client.multiplayer.ClientPacketListener
[05May2026 00:44:06.053] [modloading-worker-0/DEBUG] [mixin/]: Mixing ClientPacketListenerMixin from kubejs.mixins.json into net.minecraft.client.multiplayer.ClientPacketListener
[05May2026 00:44:06.054] [modloading-worker-0/DEBUG] [mixin/]: Mixing ClientPacketListenerMixin from moonlight-common.mixins.json into net.minecraft.client.multiplayer.ClientPacketListener
[05May2026 00:44:06.054] [modloading-worker-0/DEBUG] [mixin/]: moonlight-common.mixins.json:ClientPacketListenerMixin from mod moonlight: Class version 65 required is higher than the class version supported by the current version of Mixin (JAVA_17 supports class version 61)
[05May2026 00:44:06.054] [modloading-worker-0/DEBUG] [iceberg/]: Loaded com.anthonyhilyard.iceberg.neoforge.config.NeoForgeIcebergConfigSpec$Builder@6924f462 for service interface com.anthonyhilyard.iceberg.services.IIcebergConfigSpecBuilder
[05May2026 00:44:06.055] [modloading-worker-0/DEBUG] [mixin/]: Mixing client.AccessorClientPacketListener from mixins/common/nochatreports.mixins.json into net.minecraft.client.multiplayer.ClientPacketListener
[05May2026 00:44:06.055] [modloading-worker-0/DEBUG] [mixin/]: Mixing ClientPacketListenerMixin from iceberg.mixins.json into net.minecraft.client.multiplayer.ClientPacketListener
[05May2026 00:44:06.055] [modloading-worker-0/DEBUG] [mixin/]: iceberg.mixins.json:ClientPacketListenerMixin from mod iceberg: Class version 65 required is higher than the class version supported by the current version of Mixin (JAVA_17 supports class version 61)
[05May2026 00:44:06.055] [modloading-worker-0/DEBUG] [mixin/]: Mixing MixinClientPlayNetworkHandler from xaerohud.mixins.json into net.minecraft.client.multiplayer.ClientPacketListener
[05May2026 00:44:06.055] [modloading-worker-0/DEBUG] [mixin/]: xaerohud.mixins.json:MixinClientPlayNetworkHandler from mod xaerominimap: Class version 65 required is higher than the class version supported by the current version of Mixin (JAVA_17 supports class version 61)
[05May2026 00:44:06.056] [modloading-worker-0/DEBUG] [mixin/]: Mixing MixinClientPacketListener from mixins.ipnext.json into net.minecraft.client.multiplayer.ClientPacketListener
[05May2026 00:44:06.056] [modloading-worker-0/DEBUG] [mixin/]: Mixing ClientPacketListenerMixin from creeperoverhaul-common.mixins.json into net.minecraft.client.multiplayer.ClientPacketListener
[05May2026 00:44:06.056] [modloading-worker-0/DEBUG] [mixin/]: creeperoverhaul-common.mixins.json:ClientPacketListenerMixin from mod creeperoverhaul: Class version 65 required is higher than the class version supported by the current version of Mixin (JAVA_17 supports class version 61)
[05May2026 00:44:06.056] [modloading-worker-0/DEBUG] [mixin/]: Renaming synthetic method lambda$onPlayerJoin$0()V to md9b8020$creeperoverhaul$lambda$onPlayerJoin$0$0 in creeperoverhaul-common.mixins.json:ClientPacketListenerMixin from mod creeperoverhaul
[05May2026 00:44:06.058] [modloading-worker-0/DEBUG] [mixin/]: Mixing ClientPacketListenerMixin from ftbchunks-common.mixins.json into net.minecraft.client.multiplayer.ClientPacketListener
[05May2026 00:44:06.058] [modloading-worker-0/DEBUG] [mixin/]: ftbchunks-common.mixins.json:ClientPacketListenerMixin from mod ftbchunks: Class version 65 required is higher than the class version supported by the current version of Mixin (JAVA_17 supports class version 61)
[05May2026 00:44:06.065] [modloading-worker-0/DEBUG] [mixin/]: connectivity.mixins.json:ClientPacketListenerMixin from mod connectivity->@Inject::checkMessage(Lnet/minecraft/network/protocol/game/ClientboundPlayerChatPacket;Lorg/spongepowered/asm/mixin/injection/callback/CallbackInfo;)V does use it's CallbackInfo
[05May2026 00:44:06.065] [modloading-worker-0/DEBUG] [mixin/]: connectivity.mixins.json:ClientPacketListenerMixin from mod connectivity->@Inject::onSendCommand(Ljava/lang/String;Lorg/spongepowered/asm/mixin/injection/callback/CallbackInfo;)V doesn't use it's CallbackInfo
[05May2026 00:44:06.065] [modloading-worker-0/DEBUG] [mixin/]: connectivity.mixins.json:ClientPacketListenerMixin from mod connectivity->@Inject::onSendCommand(Ljava/lang/String;Lorg/spongepowered/asm/mixin/injection/callback/CallbackInfo;)V has 0 override(s) in child classes
[05May2026 00:44:06.065] [modloading-worker-0/DEBUG] [mixin/]: connectivity.mixins.json:ClientPacketListenerMixin from mod connectivity->@Inject::onSendCommand(Ljava/lang/String;Lorg/spongepowered/asm/mixin/injection/callback/CallbackInfo;)V won't be passed a CallbackInfo as a result
[05May2026 00:44:06.065] [modloading-worker-0/DEBUG] [mixin/]: connectivity.mixins.json:ClientPacketListenerMixin from mod connectivity->@Inject::onSendCommand(Ljava/lang/String;Lorg/spongepowered/asm/mixin/injection/callback/CallbackInfoReturnable;)V doesn't use it's CallbackInfoReturnable
[05May2026 00:44:06.065] [modloading-worker-0/DEBUG] [mixin/]: connectivity.mixins.json:ClientPacketListenerMixin from mod connectivity->@Inject::onSendCommand(Ljava/lang/String;Lorg/spongepowered/asm/mixin/injection/callback/CallbackInfoReturnable;)V has 0 override(s) in child classes
[05May2026 00:44:06.065] [modloading-worker-0/DEBUG] [mixin/]: connectivity.mixins.json:ClientPacketListenerMixin from mod connectivity->@Inject::onSendCommand(Ljava/lang/String;Lorg/spongepowered/asm/mixin/injection/callback/CallbackInfoReturnable;)V won't be passed a CallbackInfoReturnable as a result
[05May2026 00:44:06.066] [modloading-worker-0/DEBUG] [mixin/]: xaerolib.mixins.json:MixinClientPacketListener from mod xaerolib->@Inject::onHandleInitializeBorder(Lnet/minecraft/network/protocol/game/ClientboundInitializeBorderPacket;Lorg/spongepowered/asm/mixin/injection/callback/CallbackInfo;)V doesn't use it's CallbackInfo
[05May2026 00:44:06.066] [modloading-worker-0/DEBUG] [mixin/]: xaerolib.mixins.json:MixinClientPacketListener from mod xaerolib->@Inject::onHandleInitializeBorder(Lnet/minecraft/network/protocol/game/ClientboundInitializeBorderPacket;Lorg/spongepowered/asm/mixin/injection/callback/CallbackInfo;)V has 0 override(s) in child classes
[05May2026 00:44:06.066] [modloading-worker-0/DEBUG] [mixin/]: xaerolib.mixins.json:MixinClientPacketListener from mod xaerolib->@Inject::onHandleInitializeBorder(Lnet/minecraft/network/protocol/game/ClientboundInitializeBorderPacket;Lorg/spongepowered/asm/mixin/injection/callback/CallbackInfo;)V won't be passed a CallbackInfo as a result
[05May2026 00:44:06.066] [modloading-worker-0/DEBUG] [mixin/]: xaeroworldmap.mixins.json:MixinClientPlayNetworkHandler from mod xaeroworldmap->@Inject::onOnChunkDeltaUpdate(Lnet/minecraft/network/protocol/game/ClientboundSectionBlocksUpdatePacket;Lorg/spongepowered/asm/mixin/injection/callback/CallbackInfo;)V doesn't use it's CallbackInfo
[05May2026 00:44:06.066] [modloading-worker-0/DEBUG] [mixin/]: xaeroworldmap.mixins.json:MixinClientPlayNetworkHandler from mod xaeroworldmap->@Inject::onOnChunkDeltaUpdate(Lnet/minecraft/network/protocol/game/ClientboundSectionBlocksUpdatePacket;Lorg/spongepowered/asm/mixin/injection/callback/CallbackInfo;)V has 0 override(s) in child classes
[05May2026 00:44:06.066] [modloading-worker-0/DEBUG] [mixin/]: xaeroworldmap.mixins.json:MixinClientPlayNetworkHandler from mod xaeroworldmap->@Inject::onOnChunkDeltaUpdate(Lnet/minecraft/network/protocol/game/ClientboundSectionBlocksUpdatePacket;Lorg/spongepowered/asm/mixin/injection/callback/CallbackInfo;)V won't be passed a CallbackInfo as a result
[05May2026 00:44:06.066] [modloading-worker-0/DEBUG] [mixin/]: xaeroworldmap.mixins.json:MixinClientPlayNetworkHandler from mod xaeroworldmap->@Inject::onOnChunkData(IILnet/minecraft/network/protocol/game/ClientboundLevelChunkPacketData;Lorg/spongepowered/asm/mixin/injection/callback/CallbackInfo;)V doesn't use it's CallbackInfo
[05May2026 00:44:06.066] [modloading-worker-0/DEBUG] [mixin/]: xaeroworldmap.mixins.json:MixinClientPlayNetworkHandler from mod xaeroworldmap->@Inject::onOnChunkData(IILnet/minecraft/network/protocol/game/ClientboundLevelChunkPacketData;Lorg/spongepowered/asm/mixin/injection/callback/CallbackInfo;)V has 0 override(s) in child classes
[05May2026 00:44:06.066] [modloading-worker-0/DEBUG] [mixin/]: xaeroworldmap.mixins.json:MixinClientPlayNetworkHandler from mod xaeroworldmap->@Inject::onOnChunkData(IILnet/minecraft/network/protocol/game/ClientboundLevelChunkPacketData;Lorg/spongepowered/asm/mixin/injection/callback/CallbackInfo;)V won't be passed a CallbackInfo as a result
[05May2026 00:44:06.066] [modloading-worker-0/DEBUG] [mixin/]: xaeroworldmap.mixins.json:MixinClientPlayNetworkHandler from mod xaeroworldmap->@Inject::onHandleLevelChunkWithLight(Lnet/minecraft/network/protocol/game/ClientboundLevelChunkWithLightPacket;Lorg/spongepowered/asm/mixin/injection/callback/CallbackInfo;)V doesn't use it's CallbackInfo
[05May2026 00:44:06.066] [modloading-worker-0/DEBUG] [mixin/]: xaeroworldmap.mixins.json:MixinClientPlayNetworkHandler from mod xaeroworldmap->@Inject::onHandleLevelChunkWithLight(Lnet/minecraft/network/protocol/game/ClientboundLevelChunkWithLightPacket;Lorg/spongepowered/asm/mixin/injection/callback/CallbackInfo;)V has 0 override(s) in child classes
[05May2026 00:44:06.066] [modloading-worker-0/DEBUG] [mixin/]: xaeroworldmap.mixins.json:MixinClientPlayNetworkHandler from mod xaeroworldmap->@Inject::onHandleLevelChunkWithLight(Lnet/minecraft/network/protocol/game/ClientboundLevelChunkWithLightPacket;Lorg/spongepowered/asm/mixin/injection/callback/CallbackInfo;)V won't be passed a CallbackInfo as a result
[05May2026 00:44:06.066] [modloading-worker-0/DEBUG] [mixin/]: xaeroworldmap.mixins.json:MixinClientPlayNetworkHandler from mod xaeroworldmap->@Inject::onHandleLightUpdatePacket(Lnet/minecraft/network/protocol/game/ClientboundLightUpdatePacket;Lorg/spongepowered/asm/mixin/injection/callback/CallbackInfo;)V doesn't use it's CallbackInfo
[05May2026 00:44:06.066] [modloading-worker-0/DEBUG] [mixin/]: xaeroworldmap.mixins.json:MixinClientPlayNetworkHandler from mod xaeroworldmap->@Inject::onHandleLightUpdatePacket(Lnet/minecraft/network/protocol/game/ClientboundLightUpdatePacket;Lorg/spongepowered/asm/mixin/injection/callback/CallbackInfo;)V has 0 override(s) in child classes
[05May2026 00:44:06.066] [modloading-worker-0/DEBUG] [mixin/]: xaeroworldmap.mixins.json:MixinClientPlayNetworkHandler from mod xaeroworldmap->@Inject::onHandleLightUpdatePacket(Lnet/minecraft/network/protocol/game/ClientboundLightUpdatePacket;Lorg/spongepowered/asm/mixin/injection/callback/CallbackInfo;)V won't be passed a CallbackInfo as a result
[05May2026 00:44:06.066] [modloading-worker-0/DEBUG] [mixin/]: xaeroworldmap.mixins.json:MixinClientPlayNetworkHandler from mod xaeroworldmap->@Inject::onQueueLightRemoval(Lnet/minecraft/network/protocol/game/ClientboundForgetLevelChunkPacket;Lorg/spongepowered/asm/mixin/injection/callback/CallbackInfo;)V doesn't use it's CallbackInfo
[05May2026 00:44:06.066] [modloading-worker-0/DEBUG] [mixin/]: xaeroworldmap.mixins.json:MixinClientPlayNetworkHandler from mod xaeroworldmap->@Inject::onQueueLightRemoval(Lnet/minecraft/network/protocol/game/ClientboundForgetLevelChunkPacket;Lorg/spongepowered/asm/mixin/injection/callback/CallbackInfo;)V has 0 override(s) in child classes
[05May2026 00:44:06.066] [modloading-worker-0/DEBUG] [mixin/]: xaeroworldmap.mixins.json:MixinClientPlayNetworkHandler from mod xaeroworldmap->@Inject::onQueueLightRemoval(Lnet/minecraft/network/protocol/game/ClientboundForgetLevelChunkPacket;Lorg/spongepowered/asm/mixin/injection/callback/CallbackInfo;)V won't be passed a CallbackInfo as a result
[05May2026 00:44:06.066] [modloading-worker-0/DEBUG] [mixin/]: xaeroworldmap.mixins.json:MixinClientPlayNetworkHandler from mod xaeroworldmap->@Inject::onOnBlockUpdate(Lnet/minecraft/network/protocol/game/ClientboundBlockUpdatePacket;Lorg/spongepowered/asm/mixin/injection/callback/CallbackInfo;)V doesn't use it's CallbackInfo
[05May2026 00:44:06.066] [modloading-worker-0/DEBUG] [mixin/]: xaeroworldmap.mixins.json:MixinClientPlayNetworkHandler from mod xaeroworldmap->@Inject::onOnBlockUpdate(Lnet/minecraft/network/protocol/game/ClientboundBlockUpdatePacket;Lorg/spongepowered/asm/mixin/injection/callback/CallbackInfo;)V has 0 override(s) in child classes
[05May2026 00:44:06.066] [modloading-worker-0/DEBUG] [mixin/]: xaeroworldmap.mixins.json:MixinClientPlayNetworkHandler from mod xaeroworldmap->@Inject::onOnBlockUpdate(Lnet/minecraft/network/protocol/game/ClientboundBlockUpdatePacket;Lorg/spongepowered/asm/mixin/injection/callback/CallbackInfo;)V won't be passed a CallbackInfo as a result
[05May2026 00:44:06.066] [modloading-worker-0/DEBUG] [mixin/]: xaeroworldmap.mixins.json:MixinClientPlayNetworkHandler from mod xaeroworldmap->@Inject::onOnPlayerSpawnPosition(Lnet/minecraft/network/protocol/game/ClientboundSetDefaultSpawnPositionPacket;Lorg/spongepowered/asm/mixin/injection/callback/CallbackInfo;)V doesn't use it's CallbackInfo
[05May2026 00:44:06.066] [modloading-worker-0/DEBUG] [mixin/]: xaeroworldmap.mixins.json:MixinClientPlayNetworkHandler from mod xaeroworldmap->@Inject::onOnPlayerSpawnPosition(Lnet/minecraft/network/protocol/game/ClientboundSetDefaultSpawnPositionPacket;Lorg/spongepowered/asm/mixin/injection/callback/CallbackInfo;)V has 0 override(s) in child classes
[05May2026 00:44:06.066] [modloading-worker-0/DEBUG] [mixin/]: xaeroworldmap.mixins.json:MixinClientPlayNetworkHandler from mod xaeroworldmap->@Inject::onOnPlayerSpawnPosition(Lnet/minecraft/network/protocol/game/ClientboundSetDefaultSpawnPositionPacket;Lorg/spongepowered/asm/mixin/injection/callback/CallbackInfo;)V won't be passed a CallbackInfo as a result
[05May2026 00:44:06.066] [modloading-worker-0/DEBUG] [mixin/]: xaeroworldmap.mixins.json:MixinClientPlayNetworkHandler from mod xaeroworldmap->@Inject::onCleanup(Lorg/spongepowered/asm/mixin/injection/callback/CallbackInfo;)V doesn't use it's CallbackInfo
[05May2026 00:44:06.066] [modloading-worker-0/DEBUG] [mixin/]: xaeroworldmap.mixins.json:MixinClientPlayNetworkHandler from mod xaeroworldmap->@Inject::onCleanup(Lorg/spongepowered/asm/mixin/injection/callback/CallbackInfo;)V has 0 override(s) in child classes
[05May2026 00:44:06.066] [modloading-worker-0/DEBUG] [mixin/]: xaeroworldmap.mixins.json:MixinClientPlayNetworkHandler from mod xaeroworldmap->@Inject::onCleanup(Lorg/spongepowered/asm/mixin/injection/callback/CallbackInfo;)V won't be passed a CallbackInfo as a result
[05May2026 00:44:06.066] [modloading-worker-0/DEBUG] [mixin/]: xaeroworldmap.neoforge.mixins.json:MixinForgeClientPacketListener from mod xaeroworldmap->@Inject::onOnGameJoin(Lnet/minecraft/network/protocol/game/ClientboundLoginPacket;Lorg/spongepowered/asm/mixin/injection/callback/CallbackInfo;)V doesn't use it's CallbackInfo
[05May2026 00:44:06.066] [modloading-worker-0/DEBUG] [mixin/]: xaeroworldmap.neoforge.mixins.json:MixinForgeClientPacketListener from mod xaeroworldmap->@Inject::onOnGameJoin(Lnet/minecraft/network/protocol/game/ClientboundLoginPacket;Lorg/spongepowered/asm/mixin/injection/callback/CallbackInfo;)V has 0 override(s) in child classes
[05May2026 00:44:06.066] [modloading-worker-0/DEBUG] [mixin/]: xaeroworldmap.neoforge.mixins.json:MixinForgeClientPacketListener from mod xaeroworldmap->@Inject::onOnGameJoin(Lnet/minecraft/network/protocol/game/ClientboundLoginPacket;Lorg/spongepowered/asm/mixin/injection/callback/CallbackInfo;)V won't be passed a CallbackInfo as a result
[05May2026 00:44:06.066] [modloading-worker-0/DEBUG] [mixin/]: DistantHorizons.neoforge.mixins.json:client.MixinClientPacketListener from mod distanthorizons->@Inject::onHandleLoginEnd(Lorg/spongepowered/asm/mixin/injection/callback/CallbackInfo;)V doesn't use it's CallbackInfo
[05May2026 00:44:06.066] [modloading-worker-0/DEBUG] [mixin/]: DistantHorizons.neoforge.mixins.json:client.MixinClientPacketListener from mod distanthorizons->@Inject::onHandleLoginEnd(Lorg/spongepowered/asm/mixin/injection/callback/CallbackInfo;)V has 0 override(s) in child classes
[05May2026 00:44:06.066] [modloading-worker-0/DEBUG] [mixin/]: DistantHorizons.neoforge.mixins.json:client.MixinClientPacketListener from mod distanthorizons->@Inject::onHandleLoginEnd(Lorg/spongepowered/asm/mixin/injection/callback/CallbackInfo;)V won't be passed a CallbackInfo as a result
[05May2026 00:44:06.066] [modloading-worker-0/DEBUG] [mixin/]: DistantHorizons.neoforge.mixins.json:client.MixinClientPacketListener from mod distanthorizons->@Inject::onCleanupStart(Lorg/spongepowered/asm/mixin/injection/callback/CallbackInfo;)V doesn't use it's CallbackInfo
[05May2026 00:44:06.066] [modloading-worker-0/DEBUG] [mixin/]: DistantHorizons.neoforge.mixins.json:client.MixinClientPacketListener from mod distanthorizons->@Inject::onCleanupStart(Lorg/spongepowered/asm/mixin/injection/callback/CallbackInfo;)V has 0 override(s) in child classes
[05May2026 00:44:06.066] [modloading-worker-0/DEBUG] [mixin/]: DistantHorizons.neoforge.mixins.json:client.MixinClientPacketListener from mod distanthorizons->@Inject::onCleanupStart(Lorg/spongepowered/asm/mixin/injection/callback/CallbackInfo;)V won't be passed a CallbackInfo as a result
[05May2026 00:44:06.066] [modloading-worker-0/DEBUG] [mixin/]: iceberg.mixins.json:ClientPacketListenerMixin from mod iceberg->@Inject::handleTakeItemEntity(Lnet/minecraft/network/protocol/game/ClientboundTakeItemEntityPacket;Lorg/spongepowered/asm/mixin/injection/callback/CallbackInfo;Lnet/minecraft/world/entity/Entity;Lnet/minecraft/world/entity/LivingEntity;)V doesn't use it's CallbackInfo
[05May2026 00:44:06.066] [modloading-worker-0/DEBUG] [mixin/]: iceberg.mixins.json:ClientPacketListenerMixin from mod iceberg->@Inject::handleTakeItemEntity(Lnet/minecraft/network/protocol/game/ClientboundTakeItemEntityPacket;Lorg/spongepowered/asm/mixin/injection/callback/CallbackInfo;Lnet/minecraft/world/entity/Entity;Lnet/minecraft/world/entity/LivingEntity;)V has 0 override(s) in child classes
[05May2026 00:44:06.066] [modloading-worker-0/DEBUG] [mixin/]: iceberg.mixins.json:ClientPacketListenerMixin from mod iceberg->@Inject::handleTakeItemEntity(Lnet/minecraft/network/protocol/game/ClientboundTakeItemEntityPacket;Lorg/spongepowered/asm/mixin/injection/callback/CallbackInfo;Lnet/minecraft/world/entity/Entity;Lnet/minecraft/world/entity/LivingEntity;)V won't be passed a CallbackInfo as a result
[05May2026 00:44:06.066] [modloading-worker-0/DEBUG] [mixin/]: xaerohud.mixins.json:MixinClientPlayNetworkHandler from mod xaerominimap->@Inject::onOnChunkDeltaUpdate(Lnet/minecraft/network/protocol/game/ClientboundSectionBlocksUpdatePacket;Lorg/spongepowered/asm/mixin/injection/callback/CallbackInfo;)V doesn't use it's CallbackInfo
[05May2026 00:44:06.066] [modloading-worker-0/DEBUG] [mixin/]: xaerohud.mixins.json:MixinClientPlayNetworkHandler from mod xaerominimap->@Inject::onOnChunkDeltaUpdate(Lnet/minecraft/network/protocol/game/ClientboundSectionBlocksUpdatePacket;Lorg/spongepowered/asm/mixin/injection/callback/CallbackInfo;)V has 0 override(s) in child classes
[05May2026 00:44:06.066] [modloading-worker-0/DEBUG] [mixin/]: xaerohud.mixins.json:MixinClientPlayNetworkHandler from mod xaerominimap->@Inject::onOnChunkDeltaUpdate(Lnet/minecraft/network/protocol/game/ClientboundSectionBlocksUpdatePacket;Lorg/spongepowered/asm/mixin/injection/callback/CallbackInfo;)V won't be passed a CallbackInfo as a result
[05May2026 00:44:06.066] [modloading-worker-0/DEBUG] [mixin/]: xaerohud.mixins.json:MixinClientPlayNetworkHandler from mod xaerominimap->@Inject::onOnChunkData(IILnet/minecraft/network/protocol/game/ClientboundLevelChunkPacketData;Lorg/spongepowered/asm/mixin/injection/callback/CallbackInfo;)V doesn't use it's CallbackInfo
[05May2026 00:44:06.067] [modloading-worker-0/DEBUG] [mixin/]: xaerohud.mixins.json:MixinClientPlayNetworkHandler from mod xaerominimap->@Inject::onOnChunkData(IILnet/minecraft/network/protocol/game/ClientboundLevelChunkPacketData;Lorg/spongepowered/asm/mixin/injection/callback/CallbackInfo;)V has 0 override(s) in child classes
[05May2026 00:44:06.067] [modloading-worker-0/DEBUG] [mixin/]: xaerohud.mixins.json:MixinClientPlayNetworkHandler from mod xaerominimap->@Inject::onOnChunkData(IILnet/minecraft/network/protocol/game/ClientboundLevelChunkPacketData;Lorg/spongepowered/asm/mixin/injection/callback/CallbackInfo;)V won't be passed a CallbackInfo as a result
[05May2026 00:44:06.067] [modloading-worker-0/DEBUG] [mixin/]: xaerohud.mixins.json:MixinClientPlayNetworkHandler from mod xaerominimap->@Inject::onHandleLevelChunkWithLight(Lnet/minecraft/network/protocol/game/ClientboundLevelChunkWithLightPacket;Lorg/spongepowered/asm/mixin/injection/callback/CallbackInfo;)V doesn't use it's CallbackInfo
[05May2026 00:44:06.067] [modloading-worker-0/DEBUG] [mixin/]: xaerohud.mixins.json:MixinClientPlayNetworkHandler from mod xaerominimap->@Inject::onHandleLevelChunkWithLight(Lnet/minecraft/network/protocol/game/ClientboundLevelChunkWithLightPacket;Lorg/spongepowered/asm/mixin/injection/callback/CallbackInfo;)V has 0 override(s) in child classes
[05May2026 00:44:06.067] [modloading-worker-0/DEBUG] [mixin/]: xaerohud.mixins.json:MixinClientPlayNetworkHandler from mod xaerominimap->@Inject::onHandleLevelChunkWithLight(Lnet/minecraft/network/protocol/game/ClientboundLevelChunkWithLightPacket;Lorg/spongepowered/asm/mixin/injection/callback/CallbackInfo;)V won't be passed a CallbackInfo as a result
[05May2026 00:44:06.067] [modloading-worker-0/DEBUG] [mixin/]: xaerohud.mixins.json:MixinClientPlayNetworkHandler from mod xaerominimap->@Inject::onHandleLightUpdatePacket(Lnet/minecraft/network/protocol/game/ClientboundLightUpdatePacket;Lorg/spongepowered/asm/mixin/injection/callback/CallbackInfo;)V doesn't use it's CallbackInfo
[05May2026 00:44:06.067] [modloading-worker-0/DEBUG] [mixin/]: xaerohud.mixins.json:MixinClientPlayNetworkHandler from mod xaerominimap->@Inject::onHandleLightUpdatePacket(Lnet/minecraft/network/protocol/game/ClientboundLightUpdatePacket;Lorg/spongepowered/asm/mixin/injection/callback/CallbackInfo;)V has 0 override(s) in child classes
[05May2026 00:44:06.067] [modloading-worker-0/DEBUG] [mixin/]: xaerohud.mixins.json:MixinClientPlayNetworkHandler from mod xaerominimap->@Inject::onHandleLightUpdatePacket(Lnet/minecraft/network/protocol/game/ClientboundLightUpdatePacket;Lorg/spongepowered/asm/mixin/injection/callback/CallbackInfo;)V won't be passed a CallbackInfo as a result
[05May2026 00:44:06.067] [modloading-worker-0/DEBUG] [mixin/]: xaerohud.mixins.json:MixinClientPlayNetworkHandler from mod xaerominimap->@Inject::onQueueLightRemoval(Lnet/minecraft/network/protocol/game/ClientboundForgetLevelChunkPacket;Lorg/spongepowered/asm/mixin/injection/callback/CallbackInfo;)V doesn't use it's CallbackInfo
[05May2026 00:44:06.067] [modloading-worker-0/DEBUG] [mixin/]: xaerohud.mixins.json:MixinClientPlayNetworkHandler from mod xaerominimap->@Inject::onQueueLightRemoval(Lnet/minecraft/network/protocol/game/ClientboundForgetLevelChunkPacket;Lorg/spongepowered/asm/mixin/injection/callback/CallbackInfo;)V has 0 override(s) in child classes
[05May2026 00:44:06.067] [modloading-worker-0/DEBUG] [mixin/]: xaerohud.mixins.json:MixinClientPlayNetworkHandler from mod xaerominimap->@Inject::onQueueLightRemoval(Lnet/minecraft/network/protocol/game/ClientboundForgetLevelChunkPacket;Lorg/spongepowered/asm/mixin/injection/callback/CallbackInfo;)V won't be passed a CallbackInfo as a result
[05May2026 00:44:06.067] [modloading-worker-0/DEBUG] [mixin/]: xaerohud.mixins.json:MixinClientPlayNetworkHandler from mod xaerominimap->@Inject::onOnBlockUpdate(Lnet/minecraft/network/protocol/game/ClientboundBlockUpdatePacket;Lorg/spongepowered/asm/mixin/injection/callback/CallbackInfo;)V doesn't use it's CallbackInfo
[05May2026 00:44:06.067] [modloading-worker-0/DEBUG] [mixin/]: xaerohud.mixins.json:MixinClientPlayNetworkHandler from mod xaerominimap->@Inject::onOnBlockUpdate(Lnet/minecraft/network/protocol/game/ClientboundBlockUpdatePacket;Lorg/spongepowered/asm/mixin/injection/callback/CallbackInfo;)V has 0 override(s) in child classes
[05May2026 00:44:06.067] [modloading-worker-0/DEBUG] [mixin/]: xaerohud.mixins.json:MixinClientPlayNetworkHandler from mod xaerominimap->@Inject::onOnBlockUpdate(Lnet/minecraft/network/protocol/game/ClientboundBlockUpdatePacket;Lorg/spongepowered/asm/mixin/injection/callback/CallbackInfo;)V won't be passed a CallbackInfo as a result
[05May2026 00:44:06.067] [modloading-worker-0/DEBUG] [mixin/]: xaerohud.mixins.json:MixinClientPlayNetworkHandler from mod xaerominimap->@Inject::onOnPlayerSpawnPosition(Lnet/minecraft/network/protocol/game/ClientboundSetDefaultSpawnPositionPacket;Lorg/spongepowered/asm/mixin/injection/callback/CallbackInfo;)V doesn't use it's CallbackInfo
[05May2026 00:44:06.067] [modloading-worker-0/DEBUG] [mixin/]: xaerohud.mixins.json:MixinClientPlayNetworkHandler from mod xaerominimap->@Inject::onOnPlayerSpawnPosition(Lnet/minecraft/network/protocol/game/ClientboundSetDefaultSpawnPositionPacket;Lorg/spongepowered/asm/mixin/injection/callback/CallbackInfo;)V has 0 override(s) in child classes
[05May2026 00:44:06.067] [modloading-worker-0/DEBUG] [mixin/]: xaerohud.mixins.json:MixinClientPlayNetworkHandler from mod xaerominimap->@Inject::onOnPlayerSpawnPosition(Lnet/minecraft/network/protocol/game/ClientboundSetDefaultSpawnPositionPacket;Lorg/spongepowered/asm/mixin/injection/callback/CallbackInfo;)V won't be passed a CallbackInfo as a result
[05May2026 00:44:06.067] [modloading-worker-0/DEBUG] [mixin/]: xaerohud.mixins.json:MixinClientPlayNetworkHandler from mod xaerominimap->@Inject::onOnGameJoin(Lnet/minecraft/network/protocol/game/ClientboundLoginPacket;Lorg/spongepowered/asm/mixin/injection/callback/CallbackInfo;)V doesn't use it's CallbackInfo
[05May2026 00:44:06.067] [modloading-worker-0/DEBUG] [mixin/]: xaerohud.mixins.json:MixinClientPlayNetworkHandler from mod xaerominimap->@Inject::onOnGameJoin(Lnet/minecraft/network/protocol/game/ClientboundLoginPacket;Lorg/spongepowered/asm/mixin/injection/callback/CallbackInfo;)V has 0 override(s) in child classes
[05May2026 00:44:06.067] [modloading-worker-0/DEBUG] [mixin/]: xaerohud.mixins.json:MixinClientPlayNetworkHandler from mod xaerominimap->@Inject::onOnGameJoin(Lnet/minecraft/network/protocol/game/ClientboundLoginPacket;Lorg/spongepowered/asm/mixin/injection/callback/CallbackInfo;)V won't be passed a CallbackInfo as a result
[05May2026 00:44:06.067] [modloading-worker-0/DEBUG] [mixin/]: xaerohud.mixins.json:MixinClientPlayNetworkHandler from mod xaerominimap->@Inject::onClose(Lorg/spongepowered/asm/mixin/injection/callback/CallbackInfo;)V doesn't use it's CallbackInfo
[05May2026 00:44:06.067] [modloading-worker-0/DEBUG] [mixin/]: xaerohud.mixins.json:MixinClientPlayNetworkHandler from mod xaerominimap->@Inject::onClose(Lorg/spongepowered/asm/mixin/injection/callback/CallbackInfo;)V has 0 override(s) in child classes
[05May2026 00:44:06.067] [modloading-worker-0/DEBUG] [mixin/]: xaerohud.mixins.json:MixinClientPlayNetworkHandler from mod xaerominimap->@Inject::onClose(Lorg/spongepowered/asm/mixin/injection/callback/CallbackInfo;)V won't be passed a CallbackInfo as a result
[05May2026 00:44:06.067] [modloading-worker-0/DEBUG] [mixin/]: xaerohud.mixins.json:MixinClientPlayNetworkHandler from mod xaerominimap->@Inject::onSendCommand(Ljava/lang/String;Lorg/spongepowered/asm/mixin/injection/callback/CallbackInfo;)V does use it's CallbackInfo
[05May2026 00:44:06.067] [modloading-worker-0/DEBUG] [mixin/]: xaerohud.mixins.json:MixinClientPlayNetworkHandler from mod xaerominimap->@Inject::onSendUnsignedCommand(Ljava/lang/String;Lorg/spongepowered/asm/mixin/injection/callback/CallbackInfoReturnable;)V does use it's CallbackInfoReturnable
[05May2026 00:44:06.067] [modloading-worker-0/DEBUG] [mixin/]: mixins.ipnext.json:MixinClientPacketListener from mod inventoryprofilesnext->@Inject::onInventory(Lnet/minecraft/network/protocol/game/ClientboundContainerSetContentPacket;Lorg/spongepowered/asm/mixin/injection/callback/CallbackInfo;)V does use it's CallbackInfo
[05May2026 00:44:06.067] [modloading-worker-0/DEBUG] [mixin/]: creeperoverhaul-common.mixins.json:ClientPacketListenerMixin from mod creeperoverhaul->@Inject::onPlayerJoin(Lorg/spongepowered/asm/mixin/injection/callback/CallbackInfo;)V doesn't use it's CallbackInfo
[05May2026 00:44:06.067] [modloading-worker-0/DEBUG] [mixin/]: creeperoverhaul-common.mixins.json:ClientPacketListenerMixin from mod creeperoverhaul->@Inject::onPlayerJoin(Lorg/spongepowered/asm/mixin/injection/callback/CallbackInfo;)V has 0 override(s) in child classes
[05May2026 00:44:06.067] [modloading-worker-0/DEBUG] [mixin/]: creeperoverhaul-common.mixins.json:ClientPacketListenerMixin from mod creeperoverhaul->@Inject::onPlayerJoin(Lorg/spongepowered/asm/mixin/injection/callback/CallbackInfo;)V won't be passed a CallbackInfo as a result
[05May2026 00:44:06.067] [modloading-worker-0/DEBUG] [mixin/]: ftbchunks-common.mixins.json:ClientPacketListenerMixin from mod ftbchunks->@Inject::handleChunkBlocksUpdateFTBC(Lnet/minecraft/network/protocol/game/ClientboundSectionBlocksUpdatePacket;Lorg/spongepowered/asm/mixin/injection/callback/CallbackInfo;)V doesn't use it's CallbackInfo
[05May2026 00:44:06.067] [modloading-worker-0/DEBUG] [mixin/]: ftbchunks-common.mixins.json:ClientPacketListenerMixin from mod ftbchunks->@Inject::handleChunkBlocksUpdateFTBC(Lnet/minecraft/network/protocol/game/ClientboundSectionBlocksUpdatePacket;Lorg/spongepowered/asm/mixin/injection/callback/CallbackInfo;)V has 0 override(s) in child classes
[05May2026 00:44:06.067] [modloading-worker-0/DEBUG] [mixin/]: ftbchunks-common.mixins.json:ClientPacketListenerMixin from mod ftbchunks->@Inject::handleChunkBlocksUpdateFTBC(Lnet/minecraft/network/protocol/game/ClientboundSectionBlocksUpdatePacket;Lorg/spongepowered/asm/mixin/injection/callback/CallbackInfo;)V won't be passed a CallbackInfo as a result
[05May2026 00:44:06.067] [modloading-worker-0/DEBUG] [mixin/]: ftbchunks-common.mixins.json:ClientPacketListenerMixin from mod ftbchunks->@Inject::handleLevelChunkFTBC(Lnet/minecraft/network/protocol/game/ClientboundLevelChunkWithLightPacket;Lorg/spongepowered/asm/mixin/injection/callback/CallbackInfo;)V doesn't use it's CallbackInfo
[05May2026 00:44:06.067] [modloading-worker-0/DEBUG] [mixin/]: ftbchunks-common.mixins.json:ClientPacketListenerMixin from mod ftbchunks->@Inject::handleLevelChunkFTBC(Lnet/minecraft/network/protocol/game/ClientboundLevelChunkWithLightPacket;Lorg/spongepowered/asm/mixin/injection/callback/CallbackInfo;)V has 0 override(s) in child classes
[05May2026 00:44:06.067] [modloading-worker-0/DEBUG] [mixin/]: ftbchunks-common.mixins.json:ClientPacketListenerMixin from mod ftbchunks->@Inject::handleLevelChunkFTBC(Lnet/minecraft/network/protocol/game/ClientboundLevelChunkWithLightPacket;Lorg/spongepowered/asm/mixin/injection/callback/CallbackInfo;)V won't be passed a CallbackInfo as a result
[05May2026 00:44:06.067] [modloading-worker-0/DEBUG] [mixin/]: ftbchunks-common.mixins.json:ClientPacketListenerMixin from mod ftbchunks->@Inject::handleBlockUpdateFTBC(Lnet/minecraft/network/protocol/game/ClientboundBlockUpdatePacket;Lorg/spongepowered/asm/mixin/injection/callback/CallbackInfo;)V doesn't use it's CallbackInfo
[05May2026 00:44:06.067] [modloading-worker-0/DEBUG] [mixin/]: ftbchunks-common.mixins.json:ClientPacketListenerMixin from mod ftbchunks->@Inject::handleBlockUpdateFTBC(Lnet/minecraft/network/protocol/game/ClientboundBlockUpdatePacket;Lorg/spongepowered/asm/mixin/injection/callback/CallbackInfo;)V has 0 override(s) in child classes
[05May2026 00:44:06.067] [modloading-worker-0/DEBUG] [mixin/]: ftbchunks-common.mixins.json:ClientPacketListenerMixin from mod ftbchunks->@Inject::handleBlockUpdateFTBC(Lnet/minecraft/network/protocol/game/ClientboundBlockUpdatePacket;Lorg/spongepowered/asm/mixin/injection/callback/CallbackInfo;)V won't be passed a CallbackInfo as a result
[05May2026 00:44:06.070] [modloading-worker-0/DEBUG] [net.neoforged.fml.javafmlmod.AutomaticEventSubscriber/]: Subscribing @EventBusSubscriber class Lnet/neoforged/neoforge/common/MonsterRoomHooks; to the game event bus
[05May2026 00:44:06.071] [modloading-worker-0/DEBUG] [net.neoforged.fml.javafmlmod.AutomaticEventSubscriber/LOADING]: Scanning class net.neoforged.neoforge.common.DeferredSpawnEggItem$CommonHandler for @SubscribeEvent-annotated methods
[05May2026 00:44:06.071] [modloading-worker-0/DEBUG] [net.neoforged.fml.javafmlmod.AutomaticEventSubscriber/]: Subscribing @EventBusSubscriber class Lit/hurts/sskirillss/relics/items/relics/back/MidnightMantleItem$CommonEvents; to the game event bus
[05May2026 00:44:06.072] [modloading-worker-0/DEBUG] [net.neoforged.fml.javafmlmod.AutomaticEventSubscriber/]: Subscribing @EventBusSubscriber class Lnet/neoforged/neoforge/common/DeferredSpawnEggItem$CommonHandler; to the mod event bus of mod neoforge
[05May2026 00:44:06.073] [modloading-worker-0/DEBUG] [net.neoforged.fml.javafmlmod.AutomaticEventSubscriber/LOADING]: Scanning class net.neoforged.neoforge.common.DeferredSpawnEggItem$ColorRegisterHandler for @SubscribeEvent-annotated methods
[05May2026 00:44:06.073] [modloading-worker-0/DEBUG] [KubeJS/]: Took 0 ms to grab stacktrace classes.
[05May2026 00:44:06.074] [modloading-worker-0/DEBUG] [net.neoforged.fml.javafmlmod.AutomaticEventSubscriber/]: Subscribing @EventBusSubscriber class Lnet/neoforged/neoforge/common/DeferredSpawnEggItem$ColorRegisterHandler; to the mod event bus of mod neoforge
[05May2026 00:44:06.074] [modloading-worker-0/DEBUG] [net.neoforged.fml.javafmlmod.AutomaticEventSubscriber/LOADING]: Scanning class net.neoforged.neoforge.client.model.data.ModelDataManager for @SubscribeEvent-annotated methods
[05May2026 00:44:06.079] [modloading-worker-0/DEBUG] [net.neoforged.fml.javafmlmod.AutomaticEventSubscriber/LOADING]: Scanning class it.hurts.sskirillss.relics.items.relics.back.LeafyMantleItem$CommonEvents for @SubscribeEvent-annotated methods
[05May2026 00:44:06.080] [modloading-worker-0/DEBUG] [mixin/]: Mixing client.MixinClientPacketListener from mixins/common/nochatreports.mixins.json into net.minecraft.client.multiplayer.ClientCommonPacketListenerImpl
[05May2026 00:44:06.080] [modloading-worker-0/DEBUG] [net.neoforged.fml.javafmlmod.AutomaticEventSubscriber/]: Subscribing @EventBusSubscriber class Lnet/neoforged/neoforge/client/model/data/ModelDataManager; to the game event bus
[05May2026 00:44:06.080] [modloading-worker-0/DEBUG] [mixin/]: Mixing client.MixinClientPacketListener from mixins/neoforge/nochatreports-neoforge.mixins.json into net.minecraft.client.multiplayer.ClientCommonPacketListenerImpl
[05May2026 00:44:06.080] [modloading-worker-0/DEBUG] [net.neoforged.fml.javafmlmod.AutomaticEventSubscriber/LOADING]: Scanning class net.neoforged.neoforge.client.ParticleBoundsDebugRenderer for @SubscribeEvent-annotated methods
[05May2026 00:44:06.082] [modloading-worker-0/DEBUG] [mixin/]: mixins/common/nochatreports.mixins.json:client.MixinClientPacketListener from mod nochatreports->@Inject::onSend(Lnet/minecraft/network/protocol/Packet;Lorg/spongepowered/asm/mixin/injection/callback/CallbackInfo;)V doesn't use it's CallbackInfo
[05May2026 00:44:06.082] [modloading-worker-0/DEBUG] [mixin/]: mixins/common/nochatreports.mixins.json:client.MixinClientPacketListener from mod nochatreports->@Inject::onSend(Lnet/minecraft/network/protocol/Packet;Lorg/spongepowered/asm/mixin/injection/callback/CallbackInfo;)V has 0 override(s) in child classes
[05May2026 00:44:06.082] [modloading-worker-0/DEBUG] [mixin/]: mixins/common/nochatreports.mixins.json:client.MixinClientPacketListener from mod nochatreports->@Inject::onSend(Lnet/minecraft/network/protocol/Packet;Lorg/spongepowered/asm/mixin/injection/callback/CallbackInfo;)V won't be passed a CallbackInfo as a result
[05May2026 00:44:06.082] [modloading-worker-0/DEBUG] [mixin/]: mixins/neoforge/nochatreports-neoforge.mixins.json:client.MixinClientPacketListener from mod nochatreports->@Inject::handleDisconnection(Lnet/minecraft/network/DisconnectionDetails;Lorg/spongepowered/asm/mixin/injection/callback/CallbackInfo;)V doesn't use it's CallbackInfo
[05May2026 00:44:06.082] [modloading-worker-0/DEBUG] [mixin/]: mixins/neoforge/nochatreports-neoforge.mixins.json:client.MixinClientPacketListener from mod nochatreports->@Inject::handleDisconnection(Lnet/minecraft/network/DisconnectionDetails;Lorg/spongepowered/asm/mixin/injection/callback/CallbackInfo;)V has 0 override(s) in child classes
[05May2026 00:44:06.082] [modloading-worker-0/DEBUG] [mixin/]: mixins/neoforge/nochatreports-neoforge.mixins.json:client.MixinClientPacketListener from mod nochatreports->@Inject::handleDisconnection(Lnet/minecraft/network/DisconnectionDetails;Lorg/spongepowered/asm/mixin/injection/callback/CallbackInfo;)V won't be passed a CallbackInfo as a result
[05May2026 00:44:06.082] [modloading-worker-0/DEBUG] [net.neoforged.fml.javafmlmod.AutomaticEventSubscriber/LOADING]: Attempting to inject @EventBusSubscriber classes into the eventbus for xaeroworldmap
[05May2026 00:44:06.084] [modloading-worker-0/DEBUG] [net.neoforged.fml.javafmlmod.AutomaticEventSubscriber/]: Subscribing @EventBusSubscriber class Lit/hurts/sskirillss/relics/items/relics/back/LeafyMantleItem$CommonEvents; to the game event bus
[05May2026 00:44:06.085] [modloading-worker-0/DEBUG] [mixin/]: Mixing CommandSourceStackMixin from kubejs.mixins.json into net.minecraft.commands.CommandSourceStack
[05May2026 00:44:06.085] [modloading-worker-0/DEBUG] [mixin/]: Renaming synthetic method lambda$kjs$sendSuccess$0(Lnet/minecraft/network/chat/Component;)Lnet/minecraft/network/chat/Component; to md9b8020$kubejs$lambda$kjs$sendSuccess$0$0 in kubejs.mixins.json:CommandSourceStackMixin from mod kubejs
[05May2026 00:44:06.085] [modloading-worker-0/DEBUG] [mixin/]: Mixing client.MixinCommandSourceStack from architectury.mixins.json into net.minecraft.commands.CommandSourceStack
[05May2026 00:44:06.085] [modloading-worker-0/DEBUG] [mixin/]: architectury.mixins.json:client.MixinCommandSourceStack from mod architectury: Class version 65 required is higher than the class version supported by the current version of Mixin (JAVA_16 supports class version 60)
[05May2026 00:44:06.087] [modloading-worker-0/DEBUG] [net.neoforged.fml.javafmlmod.AutomaticEventSubscriber/LOADING]: Attempting to inject @EventBusSubscriber classes into the eventbus for nochatreports
[05May2026 00:44:06.087] [modloading-worker-0/DEBUG] [net.neoforged.fml.javafmlmod.AutomaticEventSubscriber/LOADING]: Scanning class com.aizistral.nochatreports.neoforge.NoChatReports$Events for @SubscribeEvent-annotated methods
[05May2026 00:44:06.087] [modloading-worker-0/DEBUG] [net.neoforged.fml.config.ConfigTracker/CONFIG]: Config file highlighter.toml for highlighter tracking
[05May2026 00:44:06.088] [modloading-worker-0/DEBUG] [net.neoforged.fml.javafmlmod.AutomaticEventSubscriber/]: Subscribing @EventBusSubscriber class Lcom/aizistral/nochatreports/neoforge/NoChatReports$Events; to the game event bus
[05May2026 00:44:06.088] [modloading-worker-0/DEBUG] [net.neoforged.fml.javafmlmod.AutomaticEventSubscriber/LOADING]: Attempting to inject @EventBusSubscriber classes into the eventbus for ferritecore
[05May2026 00:44:06.088] [modloading-worker-0/DEBUG] [net.neoforged.fml.javafmlmod.AutomaticEventSubscriber/LOADING]: Scanning class malte0811.ferritecore.ModClientForge for @SubscribeEvent-annotated methods
[05May2026 00:44:06.089] [modloading-worker-0/DEBUG] [net.neoforged.fml.javafmlmod.AutomaticEventSubscriber/LOADING]: Scanning class it.hurts.sskirillss.relics.init.RelicsRegistries for @SubscribeEvent-annotated methods
[05May2026 00:44:06.089] [modloading-worker-0/DEBUG] [net.neoforged.fml.javafmlmod.AutomaticEventSubscriber/]: Subscribing @EventBusSubscriber class Lit/hurts/sskirillss/relics/init/RelicsRegistries; to the mod event bus of mod relics
[05May2026 00:44:06.090] [modloading-worker-0/DEBUG] [net.neoforged.fml.javafmlmod.AutomaticEventSubscriber/]: Subscribing @EventBusSubscriber class Lmalte0811/ferritecore/ModClientForge; to the mod event bus of mod ferritecore
[05May2026 00:44:06.090] [modloading-worker-0/DEBUG] [net.neoforged.fml.javafmlmod.AutomaticEventSubscriber/LOADING]: Scanning class it.hurts.sskirillss.relics.init.RelicsParticles for @SubscribeEvent-annotated methods
[05May2026 00:44:06.090] [modloading-worker-0/DEBUG] [net.neoforged.fml.javafmlmod.AutomaticEventSubscriber/]: Subscribing @EventBusSubscriber class Lit/hurts/sskirillss/relics/init/RelicsParticles; to the mod event bus of mod relics
[05May2026 00:44:06.091] [modloading-worker-0/DEBUG] [net.neoforged.fml.javafmlmod.AutomaticEventSubscriber/LOADING]: Scanning class it.hurts.sskirillss.relics.init.RelicsHotkeys for @SubscribeEvent-annotated methods
[05May2026 00:44:06.092] [modloading-worker-0/DEBUG] [net.neoforged.fml.javafmlmod.AutomaticEventSubscriber/]: Subscribing @EventBusSubscriber class Lit/hurts/sskirillss/relics/init/RelicsHotkeys; to the mod event bus of mod relics
[05May2026 00:44:06.093] [modloading-worker-0/DEBUG] [net.neoforged.fml.javafmlmod.AutomaticEventSubscriber/LOADING]: Scanning class it.hurts.sskirillss.relics.init.RelicsDataComponents for @SubscribeEvent-annotated methods
[05May2026 00:44:06.094] [modloading-worker-0/DEBUG] [mixin/]: Mixing DataComponentPatchBuilderMixin from kubejs.mixins.json into net.minecraft.core.component.DataComponentPatch$Builder
[05May2026 00:44:06.094] [modloading-worker-0/DEBUG] [net.neoforged.fml.javafmlmod.AutomaticEventSubscriber/LOADING]: Attempting to inject @EventBusSubscriber classes into the eventbus for highlighter
[05May2026 00:44:06.094] [modloading-worker-0/DEBUG] [net.neoforged.fml.javafmlmod.AutomaticEventSubscriber/LOADING]: Attempting to inject @EventBusSubscriber classes into the eventbus for emiffect
[05May2026 00:44:06.094] [modloading-worker-0/DEBUG] [net.neoforged.fml.javafmlmod.AutomaticEventSubscriber/LOADING]: Scanning class moe.prwk.emiffect.loaders.neoforge.NeoForgeClient for @SubscribeEvent-annotated methods
[05May2026 00:44:06.095] [modloading-worker-0/DEBUG] [net.neoforged.fml.javafmlmod.AutomaticEventSubscriber/]: Subscribing @EventBusSubscriber class Lmoe/prwk/emiffect/loaders/neoforge/NeoForgeClient; to the mod event bus of mod emiffect
[05May2026 00:44:06.097] [modloading-worker-0/DEBUG] [net.neoforged.fml.javafmlmod.AutomaticEventSubscriber/]: Subscribing @EventBusSubscriber class Lit/hurts/sskirillss/relics/init/RelicsDataComponents; to the mod event bus of mod relics
[05May2026 00:44:06.097] [modloading-worker-0/INFO] [com.cupboard.Cupboard/]: Loaded config for: cupboard.json
[05May2026 00:44:06.097] [modloading-worker-0/DEBUG] [net.neoforged.fml.javafmlmod.AutomaticEventSubscriber/LOADING]: Scanning class it.hurts.sskirillss.relics.init.RelicsCreativeTabs for @SubscribeEvent-annotated methods
[05May2026 00:44:06.097] [modloading-worker-0/DEBUG] [net.neoforged.fml.javafmlmod.AutomaticEventSubscriber/]: Subscribing @EventBusSubscriber class Lit/hurts/sskirillss/relics/init/RelicsCreativeTabs; to the mod event bus of mod relics
[05May2026 00:44:06.098] [modloading-worker-0/DEBUG] [net.neoforged.fml.javafmlmod.AutomaticEventSubscriber/LOADING]: Scanning class it.hurts.sskirillss.relics.init.RelicsCoreShaders for @SubscribeEvent-annotated methods
[05May2026 00:44:06.100] [modloading-worker-0/DEBUG] [net.neoforged.fml.javafmlmod.AutomaticEventSubscriber/LOADING]: Attempting to inject @EventBusSubscriber classes into the eventbus for cupboard
[05May2026 00:44:06.100] [modloading-worker-0/DEBUG] [net.neoforged.fml.javafmlmod.AutomaticEventSubscriber/]: Subscribing @EventBusSubscriber class Lit/hurts/sskirillss/relics/init/RelicsCoreShaders; to the mod event bus of mod relics
[05May2026 00:44:06.101] [modloading-worker-0/DEBUG] [net.neoforged.fml.javafmlmod.AutomaticEventSubscriber/LOADING]: Scanning class it.hurts.sskirillss.relics.init.RelicsCommands for @SubscribeEvent-annotated methods
[05May2026 00:44:06.101] [modloading-worker-0/DEBUG] [net.neoforged.fml.javafmlmod.AutomaticEventSubscriber/]: Subscribing @EventBusSubscriber class Lit/hurts/sskirillss/relics/init/RelicsCommands; to the game event bus
[05May2026 00:44:06.101] [modloading-worker-0/DEBUG] [net.neoforged.fml.javafmlmod.AutomaticEventSubscriber/LOADING]: Scanning class it.hurts.sskirillss.relics.init.RelicsCapabilities for @SubscribeEvent-annotated methods
[05May2026 00:44:06.103] [modloading-worker-0/DEBUG] [mixin/]: Mixing ParticleAccessor from tenshilib.mixins.json into net.minecraft.client.particle.Particle
[05May2026 00:44:06.103] [modloading-worker-0/DEBUG] [mixin/]: tenshilib.mixins.json:ParticleAccessor from mod tenshilib: Class version 65 required is higher than the class version supported by the current version of Mixin (JAVA_16 supports class version 60)
[05May2026 00:44:06.103] [modloading-worker-0/DEBUG] [net.neoforged.fml.javafmlmod.AutomaticEventSubscriber/]: Subscribing @EventBusSubscriber class Lit/hurts/sskirillss/relics/init/RelicsCapabilities; to the mod event bus of mod relics
[05May2026 00:44:06.104] [modloading-worker-0/DEBUG] [net.neoforged.fml.javafmlmod.AutomaticEventSubscriber/LOADING]: Scanning class it.hurts.sskirillss.relics.handlers.RankHandler for @SubscribeEvent-annotated methods
[05May2026 00:44:06.104] [modloading-worker-0/DEBUG] [net.neoforged.fml.javafmlmod.AutomaticEventSubscriber/]: Subscribing @EventBusSubscriber class Lnet/neoforged/neoforge/client/ParticleBoundsDebugRenderer; to the game event bus
[05May2026 00:44:06.106] [modloading-worker-0/DEBUG] [net.neoforged.fml.javafmlmod.AutomaticEventSubscriber/]: Subscribing @EventBusSubscriber class Lit/hurts/sskirillss/relics/handlers/RankHandler; to the game event bus
[05May2026 00:44:06.106] [modloading-worker-0/DEBUG] [net.neoforged.fml.javafmlmod.AutomaticEventSubscriber/LOADING]: Scanning class it.hurts.sskirillss.relics.handlers.CacheHandler$CommonEvents for @SubscribeEvent-annotated methods
[05May2026 00:44:06.106] [modloading-worker-0/DEBUG] [net.neoforged.fml.javafmlmod.AutomaticEventSubscriber/LOADING]: Scanning class net.neoforged.neoforge.client.ClientHooks$ClientEvents for @SubscribeEvent-annotated methods
[05May2026 00:44:06.108] [modloading-worker-0/DEBUG] [net.neoforged.fml.javafmlmod.AutomaticEventSubscriber/]: Subscribing @EventBusSubscriber class Lit/hurts/sskirillss/relics/handlers/CacheHandler$CommonEvents; to the game event bus
[05May2026 00:44:06.108] [modloading-worker-0/DEBUG] [net.neoforged.fml.javafmlmod.AutomaticEventSubscriber/]: Subscribing @EventBusSubscriber class Lnet/neoforged/neoforge/client/ClientHooks$ClientEvents; to the mod event bus of mod neoforge
[05May2026 00:44:06.108] [modloading-worker-0/DEBUG] [net.neoforged.fml.javafmlmod.AutomaticEventSubscriber/LOADING]: Scanning class it.hurts.sskirillss.relics.handlers.CacheHandler$ClientEvents for @SubscribeEvent-annotated methods
[05May2026 00:44:06.108] [modloading-worker-0/DEBUG] [net.neoforged.fml.javafmlmod.AutomaticEventSubscriber/LOADING]: Scanning class net.neoforged.neoforge.client.BlockEntityRenderBoundsDebugRenderer for @SubscribeEvent-annotated methods
[05May2026 00:44:06.109] [modloading-worker-0/DEBUG] [net.neoforged.fml.javafmlmod.AutomaticEventSubscriber/]: Subscribing @EventBusSubscriber class Lit/hurts/sskirillss/relics/handlers/CacheHandler$ClientEvents; to the game event bus
[05May2026 00:44:06.110] [modloading-worker-0/DEBUG] [net.neoforged.fml.javafmlmod.AutomaticEventSubscriber/LOADING]: Scanning class it.hurts.sskirillss.relics.effects.VanishingEffect$ClientEvents for @SubscribeEvent-annotated methods
[05May2026 00:44:06.111] [modloading-worker-0/DEBUG] [mixin/]: Mixing ItemStackHandlerMixin from kubejs.mixins.json into net.neoforged.neoforge.items.ItemStackHandler
[05May2026 00:44:06.111] [modloading-worker-0/DEBUG] [net.neoforged.fml.javafmlmod.AutomaticEventSubscriber/]: Subscribing @EventBusSubscriber class Lnet/neoforged/neoforge/client/BlockEntityRenderBoundsDebugRenderer; to the game event bus
[05May2026 00:44:06.112] [modloading-worker-0/DEBUG] [net.neoforged.fml.javafmlmod.AutomaticEventSubscriber/LOADING]: Attempting to inject @EventBusSubscriber classes into the eventbus for balm
[05May2026 00:44:06.112] [modloading-worker-0/DEBUG] [net.neoforged.fml.javafmlmod.AutomaticEventSubscriber/LOADING]: Scanning class net.neoforged.neoforge.attachment.AttachmentSync for @SubscribeEvent-annotated methods
[05May2026 00:44:06.112] [modloading-worker-0/DEBUG] [net.neoforged.fml.javafmlmod.AutomaticEventSubscriber/LOADING]: Attempting to inject @EventBusSubscriber classes into the eventbus for emiprofessions
[05May2026 00:44:06.114] [modloading-worker-0/DEBUG] [net.neoforged.fml.javafmlmod.AutomaticEventSubscriber/]: Subscribing @EventBusSubscriber class Lit/hurts/sskirillss/relics/effects/VanishingEffect$ClientEvents; to the game event bus
[05May2026 00:44:06.115] [modloading-worker-0/INFO] [xaero.common.HudMod/]: Registering common data for channel xaerominimap:main!
[05May2026 00:44:06.116] [modloading-worker-0/DEBUG] [net.neoforged.fml.javafmlmod.AutomaticEventSubscriber/LOADING]: Scanning class it.hurts.sskirillss.relics.effects.TremorEffect$Events for @SubscribeEvent-annotated methods
[05May2026 00:44:06.119] [modloading-worker-0/DEBUG] [net.neoforged.fml.javafmlmod.AutomaticEventSubscriber/]: Subscribing @EventBusSubscriber class Lit/hurts/sskirillss/relics/effects/TremorEffect$Events; to the game event bus
[05May2026 00:44:06.122] [modloading-worker-0/DEBUG] [net.neoforged.fml.javafmlmod.AutomaticEventSubscriber/LOADING]: Scanning class it.hurts.sskirillss.relics.effects.TremorEffect$ClientEvents for @SubscribeEvent-annotated methods
[05May2026 00:44:06.123] [modloading-worker-0/DEBUG] [net.neoforged.fml.javafmlmod.AutomaticEventSubscriber/]: Subscribing @EventBusSubscriber class Lit/hurts/sskirillss/relics/effects/TremorEffect$ClientEvents; to the game event bus
[05May2026 00:44:06.123] [modloading-worker-0/DEBUG] [net.neoforged.fml.javafmlmod.AutomaticEventSubscriber/LOADING]: Attempting to inject @EventBusSubscriber classes into the eventbus for gateways
[05May2026 00:44:06.123] [modloading-worker-0/DEBUG] [net.neoforged.fml.javafmlmod.AutomaticEventSubscriber/LOADING]: Scanning class dev.shadowsoffire.gateways.client.GatewaysClient for @SubscribeEvent-annotated methods
[05May2026 00:44:06.124] [modloading-worker-0/DEBUG] [net.neoforged.fml.javafmlmod.AutomaticEventSubscriber/LOADING]: Scanning class it.hurts.sskirillss.relics.effects.StunEffect$ClientEvents for @SubscribeEvent-annotated methods
[05May2026 00:44:06.124] [modloading-worker-0/DEBUG] [net.neoforged.fml.javafmlmod.AutomaticEventSubscriber/]: Subscribing @EventBusSubscriber class Lnet/neoforged/neoforge/attachment/AttachmentSync; to the game event bus
[05May2026 00:44:06.125] [modloading-worker-0/DEBUG] [net.neoforged.fml.javafmlmod.AutomaticEventSubscriber/LOADING]: Scanning class net.neoforged.neoforge.attachment.AttachmentInternals for @SubscribeEvent-annotated methods
[05May2026 00:44:06.126] [modloading-worker-0/DEBUG] [net.neoforged.fml.javafmlmod.AutomaticEventSubscriber/LOADING]: Attempting to inject @EventBusSubscriber classes into the eventbus for sophisticatedstorage
[05May2026 00:44:06.128] [modloading-worker-0/DEBUG] [net.neoforged.fml.javafmlmod.AutomaticEventSubscriber/]: Subscribing @EventBusSubscriber class Ldev/shadowsoffire/gateways/client/GatewaysClient; to the mod event bus of mod gateways
[05May2026 00:44:06.128] [modloading-worker-0/DEBUG] [net.neoforged.fml.javafmlmod.AutomaticEventSubscriber/]: Subscribing @EventBusSubscriber class Lit/hurts/sskirillss/relics/effects/StunEffect$ClientEvents; to the game event bus
[05May2026 00:44:06.128] [modloading-worker-0/DEBUG] [net.neoforged.fml.javafmlmod.AutomaticEventSubscriber/]: Subscribing @EventBusSubscriber class Lnet/neoforged/neoforge/attachment/AttachmentInternals; to the game event bus
[05May2026 00:44:06.130] [modloading-worker-0/DEBUG] [net.neoforged.fml.javafmlmod.AutomaticEventSubscriber/LOADING]: Scanning class it.hurts.sskirillss.relics.effects.ParalysisEffect$ClientEvents for @SubscribeEvent-annotated methods
[05May2026 00:44:06.132] [modloading-worker-0/INFO] [be.florens.expandability.ExpandAbility/]: ExpandAbility here, who dis?
[05May2026 00:44:06.132] [modloading-worker-0/DEBUG] [net.neoforged.fml.javafmlmod.AutomaticEventSubscriber/LOADING]: Attempting to inject @EventBusSubscriber classes into the eventbus for expandability
[05May2026 00:44:06.132] [modloading-worker-0/DEBUG] [net.neoforged.fml.javafmlmod.AutomaticEventSubscriber/]: Subscribing @EventBusSubscriber class Lit/hurts/sskirillss/relics/effects/ParalysisEffect$ClientEvents; to the game event bus
[05May2026 00:44:06.132] [modloading-worker-0/DEBUG] [net.neoforged.fml.javafmlmod.AutomaticEventSubscriber/LOADING]: Scanning class it.hurts.sskirillss.relics.effects.ImmortalityEffect$Events for @SubscribeEvent-annotated methods
[05May2026 00:44:06.132] [modloading-worker-0/INFO] [Towns and Towers/]: Loading T&T
[05May2026 00:44:06.132] [modloading-worker-0/DEBUG] [net.neoforged.fml.javafmlmod.AutomaticEventSubscriber/LOADING]: Attempting to inject @EventBusSubscriber classes into the eventbus for t_and_t
[05May2026 00:44:06.133] [modloading-worker-0/DEBUG] [net.neoforged.fml.config.ConfigTracker/CONFIG]: Config file toms_storage-common.toml for toms_storage tracking
[05May2026 00:44:06.134] [modloading-worker-0/DEBUG] [net.neoforged.fml.config.ConfigTracker/CONFIG]: Config file toms_storage-server.toml for toms_storage tracking
[05May2026 00:44:06.134] [modloading-worker-0/DEBUG] [net.neoforged.fml.javafmlmod.AutomaticEventSubscriber/]: Subscribing @EventBusSubscriber class Lit/hurts/sskirillss/relics/effects/ImmortalityEffect$Events; to the game event bus
[05May2026 00:44:06.134] [modloading-worker-0/DEBUG] [net.neoforged.fml.javafmlmod.AutomaticEventSubscriber/LOADING]: Scanning class it.hurts.sskirillss.relics.effects.ConfusionEffect$ClientEvents for @SubscribeEvent-annotated methods
[05May2026 00:44:06.135] [modloading-worker-0/DEBUG] [net.neoforged.fml.javafmlmod.AutomaticEventSubscriber/]: Subscribing @EventBusSubscriber class Lit/hurts/sskirillss/relics/effects/ConfusionEffect$ClientEvents; to the game event bus
[05May2026 00:44:06.135] [modloading-worker-0/DEBUG] [net.neoforged.fml.javafmlmod.AutomaticEventSubscriber/LOADING]: Scanning class it.hurts.sskirillss.relics.effects.BleedingEffect$Events for @SubscribeEvent-annotated methods
[05May2026 00:44:06.137] [modloading-worker-0/DEBUG] [net.neoforged.fml.javafmlmod.AutomaticEventSubscriber/]: Subscribing @EventBusSubscriber class Lit/hurts/sskirillss/relics/effects/BleedingEffect$Events; to the game event bus
[05May2026 00:44:06.137] [modloading-worker-0/DEBUG] [mixin/]: Mixing client.FTBUltimineClientMixin from ultimine_addition.common.mixins.json into dev.ftb.mods.ftbultimine.client.FTBUltimineClient
[05May2026 00:44:06.137] [modloading-worker-0/DEBUG] [net.neoforged.fml.javafmlmod.AutomaticEventSubscriber/LOADING]: Scanning class it.hurts.sskirillss.relics.effects.AntiHealEffect$Events for @SubscribeEvent-annotated methods
[05May2026 00:44:06.137] [modloading-worker-0/DEBUG] [mixin/]: ultimine_addition.common.mixins.json:client.FTBUltimineClientMixin from mod ultimine_addition: Class version 65 required is higher than the class version supported by the current version of Mixin (JAVA_17 supports class version 61)
[05May2026 00:44:06.159] [modloading-worker-0/DEBUG] [net.neoforged.fml.javafmlmod.AutomaticEventSubscriber/]: Subscribing @EventBusSubscriber class Lit/hurts/sskirillss/relics/effects/AntiHealEffect$Events; to the game event bus
[05May2026 00:44:06.160] [modloading-worker-0/DEBUG] [net.neoforged.fml.javafmlmod.AutomaticEventSubscriber/LOADING]: Scanning class it.hurts.sskirillss.relics.client.tooltip.TooltipBorderHandler for @SubscribeEvent-annotated methods
[05May2026 00:44:06.162] [modloading-worker-0/DEBUG] [net.neoforged.fml.config.ConfigTracker/CONFIG]: Config file fastleafdecay-server.toml for fastleafdecay tracking
[05May2026 00:44:06.162] [modloading-worker-0/DEBUG] [net.neoforged.fml.javafmlmod.AutomaticEventSubscriber/LOADING]: Attempting to inject @EventBusSubscriber classes into the eventbus for fastleafdecay
[05May2026 00:44:06.162] [modloading-worker-0/DEBUG] [net.neoforged.fml.javafmlmod.AutomaticEventSubscriber/LOADING]: Scanning class net.olafski.fastleafdecay.FldConfiguration for @SubscribeEvent-annotated methods
[05May2026 00:44:06.162] [modloading-worker-0/DEBUG] [net.neoforged.fml.javafmlmod.AutomaticEventSubscriber/]: Subscribing @EventBusSubscriber class Lnet/olafski/fastleafdecay/FldConfiguration; to the mod event bus of mod fastleafdecay
[05May2026 00:44:06.164] [modloading-worker-0/DEBUG] [net.neoforged.fml.javafmlmod.AutomaticEventSubscriber/]: Subscribing @EventBusSubscriber class Lit/hurts/sskirillss/relics/client/tooltip/TooltipBorderHandler; to the game event bus
[05May2026 00:44:06.164] [modloading-worker-0/DEBUG] [net.neoforged.fml.javafmlmod.AutomaticEventSubscriber/LOADING]: Scanning class it.hurts.sskirillss.relics.client.handlers.DescriptionHandler for @SubscribeEvent-annotated methods
[05May2026 00:44:06.166] [modloading-worker-0/DEBUG] [mixin/]: Mixing client.MixinCraftingScreen from fastbench.mixins.json into net.minecraft.client.gui.screens.inventory.CraftingScreen
[05May2026 00:44:06.169] [modloading-worker-0/DEBUG] [net.neoforged.fml.javafmlmod.AutomaticEventSubscriber/]: Subscribing @EventBusSubscriber class Lit/hurts/sskirillss/relics/client/handlers/DescriptionHandler; to the game event bus
[05May2026 00:44:06.170] [modloading-worker-0/DEBUG] [net.neoforged.fml.javafmlmod.AutomaticEventSubscriber/LOADING]: Scanning class it.hurts.sskirillss.relics.client.handlers.ClientHandler for @SubscribeEvent-annotated methods
[05May2026 00:44:06.170] [modloading-worker-0/DEBUG] [net.neoforged.fml.config.ConfigTracker/CONFIG]: Config file moonlight-client.toml for moonlight tracking
[05May2026 00:44:06.174] [modloading-worker-0/DEBUG] [net.neoforged.fml.javafmlmod.AutomaticEventSubscriber/]: Subscribing @EventBusSubscriber class Lit/hurts/sskirillss/relics/client/handlers/ClientHandler; to the mod event bus of mod relics
[05May2026 00:44:06.181] [modloading-worker-0/INFO] [xaero.common.HudMod/]: Registering client data for channel xaerominimap:main!
[05May2026 00:44:06.181] [modloading-worker-0/DEBUG] [net.neoforged.fml.config.ConfigTracker/CONFIG]: Config file lootr-common.toml for lootr tracking
[05May2026 00:44:06.181] [modloading-worker-0/DEBUG] [net.neoforged.fml.config.ConfigTracker/CONFIG]: Config file lootr-client.toml for lootr tracking
[05May2026 00:44:06.193] [modloading-worker-0/DEBUG] [net.neoforged.fml.javafmlmod.AutomaticEventSubscriber/LOADING]: Attempting to inject @EventBusSubscriber classes into the eventbus for trashslot
[05May2026 00:44:06.193] [modloading-worker-0/DEBUG] [net.neoforged.fml.javafmlmod.AutomaticEventSubscriber/LOADING]: Attempting to inject @EventBusSubscriber classes into the eventbus for architectury
[05May2026 00:44:06.204] [modloading-worker-0/DEBUG] [net.neoforged.fml.javafmlmod.AutomaticEventSubscriber/LOADING]: Attempting to inject @EventBusSubscriber classes into the eventbus for ftbultimine
[05May2026 00:44:06.211] [modloading-worker-0/DEBUG] [mixin/]: Mixing PackMixin from fusion.mixins.json into net.minecraft.server.packs.repository.Pack
[05May2026 00:44:06.211] [modloading-worker-0/DEBUG] [mixin/]: fusion.mixins.json:PackMixin from mod fusion: Class version 65 required is higher than the class version supported by the current version of Mixin (JAVA_17 supports class version 61)
[05May2026 00:44:06.214] [modloading-worker-0/DEBUG] [mixin/]: fusion.mixins.json:PackMixin from mod fusion->@Inject::init(Lnet/minecraft/server/packs/PackLocationInfo;Lnet/minecraft/server/packs/repository/Pack$ResourcesSupplier;Lnet/minecraft/server/packs/repository/Pack$Metadata;Lnet/minecraft/server/packs/PackSelectionConfig;Ljava/util/List;Lorg/spongepowered/asm/mixin/injection/callback/CallbackInfo;)V doesn't use it's CallbackInfo
[05May2026 00:44:06.214] [modloading-worker-0/DEBUG] [mixin/]: fusion.mixins.json:PackMixin from mod fusion->@Inject::init(Lnet/minecraft/server/packs/PackLocationInfo;Lnet/minecraft/server/packs/repository/Pack$ResourcesSupplier;Lnet/minecraft/server/packs/repository/Pack$Metadata;Lnet/minecraft/server/packs/PackSelectionConfig;Ljava/util/List;Lorg/spongepowered/asm/mixin/injection/callback/CallbackInfo;)V has 0 override(s) in child classes
[05May2026 00:44:06.214] [modloading-worker-0/DEBUG] [mixin/]: fusion.mixins.json:PackMixin from mod fusion->@Inject::init(Lnet/minecraft/server/packs/PackLocationInfo;Lnet/minecraft/server/packs/repository/Pack$ResourcesSupplier;Lnet/minecraft/server/packs/repository/Pack$Metadata;Lnet/minecraft/server/packs/PackSelectionConfig;Ljava/util/List;Lorg/spongepowered/asm/mixin/injection/callback/CallbackInfo;)V won't be passed a CallbackInfo as a result
[05May2026 00:44:06.214] [modloading-worker-0/DEBUG] [mixin/]: fusion.mixins.json:PackMixin from mod fusion->@Inject::open(Lorg/spongepowered/asm/mixin/injection/callback/CallbackInfoReturnable;)V does use it's CallbackInfoReturnable
[05May2026 00:44:06.225] [modloading-worker-0/DEBUG] [net.neoforged.fml.javafmlmod.AutomaticEventSubscriber/LOADING]: Attempting to inject @EventBusSubscriber classes into the eventbus for connectedglass
[05May2026 00:44:06.231] [modloading-worker-0/DEBUG] [net.neoforged.fml.javafmlmod.AutomaticEventSubscriber/LOADING]: Attempting to inject @EventBusSubscriber classes into the eventbus for sophisticatedbackpacks
[05May2026 00:44:06.234] [modloading-worker-0/INFO] [xaero.common.HudMod/]: Loading primary common config for channel xaerominimap:main!
[05May2026 00:44:06.236] [modloading-worker-0/DEBUG] [net.neoforged.fml.javafmlmod.AutomaticEventSubscriber/LOADING]: Attempting to inject @EventBusSubscriber classes into the eventbus for octolib
[05May2026 00:44:06.236] [modloading-worker-0/DEBUG] [net.neoforged.fml.javafmlmod.AutomaticEventSubscriber/LOADING]: Scanning class it.hurts.octostudios.octolib.event.LevelRenderEvents for @SubscribeEvent-annotated methods
[05May2026 00:44:06.238] [modloading-worker-0/DEBUG] [net.neoforged.fml.javafmlmod.AutomaticEventSubscriber/]: Subscribing @EventBusSubscriber class Lit/hurts/octostudios/octolib/event/LevelRenderEvents; to the game event bus
[05May2026 00:44:06.241] [modloading-worker-0/DEBUG] [mixin/]: Mixing neoforge.DatagenModLoaderMixin from fusion.mixins.json into net.neoforged.neoforge.data.loading.DatagenModLoader
[05May2026 00:44:06.241] [modloading-worker-0/DEBUG] [mixin/]: fusion.mixins.json:neoforge.DatagenModLoaderMixin from mod fusion: Class version 65 required is higher than the class version supported by the current version of Mixin (JAVA_17 supports class version 61)
[05May2026 00:44:06.242] [modloading-worker-0/DEBUG] [mixin/]: fusion.mixins.json:neoforge.DatagenModLoaderMixin from mod fusion->@Inject::begin(Lorg/spongepowered/asm/mixin/injection/callback/CallbackInfo;)V doesn't use it's CallbackInfo
[05May2026 00:44:06.245] [modloading-worker-0/INFO] [KubeJS/]: Loading vanilla registries...
[05May2026 00:44:06.246] [modloading-worker-0/INFO] [xaero.common.HudMod/]: Loading server config profiles for channel xaerominimap:main!
[05May2026 00:44:06.250] [modloading-worker-0/INFO] [xaero.common.HudMod/]: Loading primary client config for channel xaerominimap:main!
[05May2026 00:44:06.253] [modloading-worker-0/DEBUG] [net.neoforged.fml.config.ConfigTracker/CONFIG]: Config file ultimine_addition/client-config.toml for ultimine_addition tracking
[05May2026 00:44:06.254] [modloading-worker-0/INFO] [xaero.common.HudMod/]: Loading client config profiles for channel xaerominimap:main!
[05May2026 00:44:06.254] [modloading-worker-0/DEBUG] [net.neoforged.fml.config.ConfigTracker/CONFIG]: Config file improvedmobs/client.toml for improvedmobs tracking
[05May2026 00:44:06.254] [modloading-worker-0/DEBUG] [net.neoforged.fml.config.ConfigTracker/CONFIG]: Config file improvedmobs/common.toml for improvedmobs tracking
[05May2026 00:44:06.258] [modloading-worker-0/DEBUG] [mixin/]: Mixing AccessEditBox from searchables.mixins.json into net.minecraft.client.gui.components.EditBox
[05May2026 00:44:06.258] [modloading-worker-0/DEBUG] [mixin/]: searchables.mixins.json:AccessEditBox from mod searchables: Class version 65 required is higher than the class version supported by the current version of Mixin (JAVA_18 supports class version 62)
[05May2026 00:44:06.265] [modloading-worker-0/DEBUG] [net.neoforged.fml.config.ConfigTracker/CONFIG]: Config file ultimine_addition/common-config.toml for ultimine_addition tracking
[05May2026 00:44:06.267] [modloading-worker-0/INFO] [KubeJS/]: Looking for KubeJS plugins...
[05May2026 00:44:06.268] [modloading-worker-0/DEBUG] [net.neoforged.fml.javafmlmod.AutomaticEventSubscriber/LOADING]: Attempting to inject @EventBusSubscriber classes into the eventbus for lootr
[05May2026 00:44:06.268] [modloading-worker-0/DEBUG] [net.neoforged.fml.javafmlmod.AutomaticEventSubscriber/LOADING]: Scanning class noobanidus.mods.lootr.neoforge.setup.ClientSetup for @SubscribeEvent-annotated methods
[05May2026 00:44:06.270] [modloading-worker-0/DEBUG] [mixin/]: Mixing EntityRendererMixin from fusion.mixins.json into net.minecraft.client.renderer.entity.EntityRenderer
[05May2026 00:44:06.270] [modloading-worker-0/DEBUG] [mixin/]: fusion.mixins.json:EntityRendererMixin from mod fusion: Class version 65 required is higher than the class version supported by the current version of Mixin (JAVA_17 supports class version 61)
[05May2026 00:44:06.270] [modloading-worker-0/DEBUG] [mixin/]: Mixing client.EntityRendererMixin from apotheosis.mixins.json into net.minecraft.client.renderer.entity.EntityRenderer
[05May2026 00:44:06.271] [modloading-worker-0/DEBUG] [mixin/]: apotheosis.mixins.json:client.EntityRendererMixin from mod apotheosis->@Inject::apoth_getShadowRadius(Lnet/minecraft/world/entity/Entity;Lorg/spongepowered/asm/mixin/injection/callback/CallbackInfoReturnable;)V does use it's CallbackInfoReturnable
[05May2026 00:44:06.274] [modloading-worker-0/INFO] [KubeJS/]: Found plugin source kubejs
[05May2026 00:44:06.274] [modloading-worker-0/DEBUG] [net.neoforged.fml.javafmlmod.AutomaticEventSubscriber/]: Subscribing @EventBusSubscriber class Lnoobanidus/mods/lootr/neoforge/setup/ClientSetup; to the mod event bus of mod lootr
[05May2026 00:44:06.276] [modloading-worker-0/DEBUG] [net.neoforged.fml.config.ConfigTracker/CONFIG]: Config file ultimine_addition/server-config.toml for ultimine_addition tracking
[05May2026 00:44:06.279] [modloading-worker-0/DEBUG] [net.neoforged.fml.javafmlmod.AutomaticEventSubscriber/LOADING]: Scanning class noobanidus.mods.lootr.neoforge.network.PacketHandler for @SubscribeEvent-annotated methods
[05May2026 00:44:06.281] [modloading-worker-0/DEBUG] [net.neoforged.fml.javafmlmod.AutomaticEventSubscriber/LOADING]: Attempting to inject @EventBusSubscriber classes into the eventbus for ftblibrary
[05May2026 00:44:06.281] [modloading-worker-0/DEBUG] [net.neoforged.fml.javafmlmod.AutomaticEventSubscriber/]: Subscribing @EventBusSubscriber class Lnoobanidus/mods/lootr/neoforge/network/PacketHandler; to the mod event bus of mod lootr
[05May2026 00:44:06.282] [modloading-worker-0/DEBUG] [net.neoforged.fml.javafmlmod.AutomaticEventSubscriber/LOADING]: Scanning class noobanidus.mods.lootr.neoforge.gen.optionals.LootrNoAdvancementGenerator for @SubscribeEvent-annotated methods
[05May2026 00:44:06.283] [modloading-worker-0/DEBUG] [net.neoforged.fml.javafmlmod.AutomaticEventSubscriber/]: Subscribing @EventBusSubscriber class Lnoobanidus/mods/lootr/neoforge/gen/optionals/LootrNoAdvancementGenerator; to the mod event bus of mod lootr
[05May2026 00:44:06.283] [modloading-worker-0/DEBUG] [net.neoforged.fml.javafmlmod.AutomaticEventSubscriber/LOADING]: Scanning class noobanidus.mods.lootr.neoforge.gen.compat.LootrCompatDataGenerators for @SubscribeEvent-annotated methods
[05May2026 00:44:06.285] [modloading-worker-0/DEBUG] [net.neoforged.fml.javafmlmod.AutomaticEventSubscriber/]: Subscribing @EventBusSubscriber class Lnoobanidus/mods/lootr/neoforge/gen/compat/LootrCompatDataGenerators; to the mod event bus of mod lootr
[05May2026 00:44:06.285] [modloading-worker-0/DEBUG] [net.neoforged.fml.javafmlmod.AutomaticEventSubscriber/LOADING]: Scanning class noobanidus.mods.lootr.neoforge.gen.LootrDataGenerators for @SubscribeEvent-annotated methods
[05May2026 00:44:06.286] [modloading-worker-0/DEBUG] [net.neoforged.fml.javafmlmod.AutomaticEventSubscriber/]: Subscribing @EventBusSubscriber class Lnoobanidus/mods/lootr/neoforge/gen/LootrDataGenerators; to the mod event bus of mod lootr
[05May2026 00:44:06.286] [modloading-worker-0/DEBUG] [net.neoforged.fml.javafmlmod.AutomaticEventSubscriber/LOADING]: Scanning class noobanidus.mods.lootr.neoforge.event.HandleTick for @SubscribeEvent-annotated methods
[05May2026 00:44:06.288] [modloading-worker-0/DEBUG] [net.neoforged.fml.javafmlmod.AutomaticEventSubscriber/]: Subscribing @EventBusSubscriber class Lnoobanidus/mods/lootr/neoforge/event/HandleTick; to the game event bus
[05May2026 00:44:06.288] [modloading-worker-0/DEBUG] [net.neoforged.fml.javafmlmod.AutomaticEventSubscriber/LOADING]: Attempting to inject @EventBusSubscriber classes into the eventbus for xaerominimap
[05May2026 00:44:06.288] [modloading-worker-0/DEBUG] [net.neoforged.fml.javafmlmod.AutomaticEventSubscriber/LOADING]: Scanning class noobanidus.mods.lootr.neoforge.event.HandleResourcePacks for @SubscribeEvent-annotated methods
[05May2026 00:44:06.288] [modloading-worker-0/DEBUG] [net.neoforged.fml.javafmlmod.AutomaticEventSubscriber/]: Subscribing @EventBusSubscriber class Lnoobanidus/mods/lootr/neoforge/event/HandleResourcePacks; to the mod event bus of mod lootr
[05May2026 00:44:06.289] [modloading-worker-0/DEBUG] [net.neoforged.fml.javafmlmod.AutomaticEventSubscriber/LOADING]: Scanning class noobanidus.mods.lootr.neoforge.event.HandleDebug for @SubscribeEvent-annotated methods
[05May2026 00:44:06.289] [modloading-worker-0/DEBUG] [net.neoforged.fml.javafmlmod.AutomaticEventSubscriber/]: Subscribing @EventBusSubscriber class Lnoobanidus/mods/lootr/neoforge/event/HandleDebug; to the game event bus
[05May2026 00:44:06.289] [modloading-worker-0/DEBUG] [net.neoforged.fml.javafmlmod.AutomaticEventSubscriber/LOADING]: Scanning class noobanidus.mods.lootr.neoforge.event.HandleChunk for @SubscribeEvent-annotated methods
[05May2026 00:44:06.292] [modloading-worker-0/DEBUG] [net.neoforged.fml.javafmlmod.AutomaticEventSubscriber/]: Subscribing @EventBusSubscriber class Lnoobanidus/mods/lootr/neoforge/event/HandleChunk; to the game event bus
[05May2026 00:44:06.294] [modloading-worker-0/INFO] [KubeJS/]: Found plugin source lootjs
[05May2026 00:44:06.295] [modloading-worker-0/DEBUG] [net.neoforged.fml.javafmlmod.AutomaticEventSubscriber/LOADING]: Scanning class noobanidus.mods.lootr.neoforge.event.HandleCart for @SubscribeEvent-annotated methods
[05May2026 00:44:06.298] [modloading-worker-0/DEBUG] [net.neoforged.fml.javafmlmod.AutomaticEventSubscriber/]: Subscribing @EventBusSubscriber class Lnoobanidus/mods/lootr/neoforge/event/HandleCart; to the game event bus
[05May2026 00:44:06.298] [modloading-worker-0/DEBUG] [net.neoforged.fml.javafmlmod.AutomaticEventSubscriber/LOADING]: Scanning class noobanidus.mods.lootr.neoforge.event.HandleBreak for @SubscribeEvent-annotated methods
[05May2026 00:44:06.299] [modloading-worker-0/DEBUG] [net.neoforged.fml.javafmlmod.AutomaticEventSubscriber/]: Subscribing @EventBusSubscriber class Lnoobanidus/mods/lootr/neoforge/event/HandleBreak; to the game event bus
[05May2026 00:44:06.300] [modloading-worker-0/DEBUG] [net.neoforged.fml.javafmlmod.AutomaticEventSubscriber/LOADING]: Scanning class noobanidus.mods.lootr.neoforge.event.HandleAdvancement for @SubscribeEvent-annotated methods
[05May2026 00:44:06.300] [modloading-worker-0/INFO] [KubeJS/]: Done in 29.37 ms
[05May2026 00:44:06.301] [modloading-worker-0/DEBUG] [net.neoforged.fml.javafmlmod.AutomaticEventSubscriber/]: Subscribing @EventBusSubscriber class Lnoobanidus/mods/lootr/neoforge/event/HandleAdvancement; to the game event bus
[05May2026 00:44:06.301] [modloading-worker-0/DEBUG] [net.neoforged.fml.javafmlmod.AutomaticEventSubscriber/LOADING]: Scanning class noobanidus.mods.lootr.neoforge.config.ConfigManager for @SubscribeEvent-annotated methods
[05May2026 00:44:06.301] [modloading-worker-0/DEBUG] [net.neoforged.fml.javafmlmod.AutomaticEventSubscriber/]: Subscribing @EventBusSubscriber class Lnoobanidus/mods/lootr/neoforge/config/ConfigManager; to the mod event bus of mod lootr
[05May2026 00:44:06.304] [modloading-worker-0/DEBUG] [net.neoforged.fml.javafmlmod.AutomaticEventSubscriber/LOADING]: Attempting to inject @EventBusSubscriber classes into the eventbus for moonlight
[05May2026 00:44:06.304] [modloading-worker-0/DEBUG] [net.neoforged.fml.javafmlmod.AutomaticEventSubscriber/LOADING]: Scanning class net.mehvahdjukaar.moonlight.api.client.platform.ForgeFluidTypeHelper for @SubscribeEvent-annotated methods
[05May2026 00:44:06.305] [modloading-worker-0/DEBUG] [net.neoforged.fml.javafmlmod.AutomaticEventSubscriber/LOADING]: Attempting to inject @EventBusSubscriber classes into the eventbus for creeperoverhaul
[05May2026 00:44:06.307] [modloading-worker-0/DEBUG] [net.neoforged.fml.javafmlmod.AutomaticEventSubscriber/LOADING]: Attempting to inject @EventBusSubscriber classes into the eventbus for apothic_enchanting
[05May2026 00:44:06.307] [modloading-worker-0/DEBUG] [net.neoforged.fml.javafmlmod.AutomaticEventSubscriber/LOADING]: Scanning class dev.shadowsoffire.apothic_enchanting.ApothEnchClient for @SubscribeEvent-annotated methods
[05May2026 00:44:06.308] [modloading-worker-0/DEBUG] [mixin/]: Mixing SelfModFlowingFluidMixin from moonlight.mixins.json into net.mehvahdjukaar.moonlight.api.fluids.ModFlowingFluid
[05May2026 00:44:06.308] [modloading-worker-0/DEBUG] [mixin/]: moonlight.mixins.json:SelfModFlowingFluidMixin from mod moonlight: Class version 65 required is higher than the class version supported by the current version of Mixin (JAVA_17 supports class version 61)
[05May2026 00:44:06.308] [modloading-worker-0/DEBUG] [mixin/]: Renaming synthetic method lambda$afterInit$0(Lnet/neoforged/neoforge/fluids/FluidType;)Lnet/neoforged/neoforge/fluids/FluidType; to md9b8020$moonlight$lambda$afterInit$0$0 in moonlight.mixins.json:SelfModFlowingFluidMixin from mod moonlight
[05May2026 00:44:06.311] [modloading-worker-0/DEBUG] [net.neoforged.fml.javafmlmod.AutomaticEventSubscriber/LOADING]: Attempting to inject @EventBusSubscriber classes into the eventbus for improvedmobs
[05May2026 00:44:06.311] [modloading-worker-0/DEBUG] [net.neoforged.fml.javafmlmod.AutomaticEventSubscriber/LOADING]: Scanning class io.github.flemmli97.improvedmobs.neoforge.data.DataEvent for @SubscribeEvent-annotated methods
[05May2026 00:44:06.311] [modloading-worker-0/DEBUG] [net.neoforged.fml.javafmlmod.AutomaticEventSubscriber/]: Subscribing @EventBusSubscriber class Lio/github/flemmli97/improvedmobs/neoforge/data/DataEvent; to the mod event bus of mod improvedmobs
[05May2026 00:44:06.311] [modloading-worker-0/DEBUG] [net.neoforged.fml.javafmlmod.AutomaticEventSubscriber/]: Subscribing @EventBusSubscriber class Lnet/mehvahdjukaar/moonlight/api/client/platform/ForgeFluidTypeHelper; to the mod event bus of mod moonlight
[05May2026 00:44:06.313] [modloading-worker-0/DEBUG] [net.neoforged.fml.javafmlmod.AutomaticEventSubscriber/]: Subscribing @EventBusSubscriber class Ldev/shadowsoffire/apothic_enchanting/ApothEnchClient; to the mod event bus of mod apothic_enchanting
[05May2026 00:44:06.317] [modloading-worker-0/DEBUG] [KubeJS/]: Took 0 ms to grab stacktrace classes.
[05May2026 00:44:06.326] [modloading-worker-0/DEBUG] [net.neoforged.fml.javafmlmod.AutomaticEventSubscriber/LOADING]: Attempting to inject @EventBusSubscriber classes into the eventbus for toms_storage
[05May2026 00:44:06.326] [modloading-worker-0/DEBUG] [net.neoforged.fml.javafmlmod.AutomaticEventSubscriber/LOADING]: Scanning class com.tom.storagemod.ServerEvents for @SubscribeEvent-annotated methods
[05May2026 00:44:06.326] [modloading-worker-0/DEBUG] [net.neoforged.fml.javafmlmod.AutomaticEventSubscriber/]: Subscribing @EventBusSubscriber class Lcom/tom/storagemod/ServerEvents; to the game event bus
[05May2026 00:44:06.329] [modloading-worker-0/DEBUG] [net.neoforged.fml.javafmlmod.AutomaticEventSubscriber/LOADING]: Attempting to inject @EventBusSubscriber classes into the eventbus for ultimine_addition
[05May2026 00:44:06.329] [modloading-worker-0/DEBUG] [net.neoforged.fml.javafmlmod.AutomaticEventSubscriber/LOADING]: Scanning class net.ixdarklord.ultimine_addition.datagen.DataGeneration for @SubscribeEvent-annotated methods
[05May2026 00:44:06.332] [modloading-worker-0/DEBUG] [net.neoforged.fml.javafmlmod.AutomaticEventSubscriber/]: Subscribing @EventBusSubscriber class Lnet/ixdarklord/ultimine_addition/datagen/DataGeneration; to the mod event bus of mod ultimine_addition
[05May2026 00:44:06.332] [modloading-worker-0/DEBUG] [net.neoforged.fml.javafmlmod.AutomaticEventSubscriber/LOADING]: Scanning class net.ixdarklord.ultimine_addition.core.neoforge.NeoForgeSetup$Events for @SubscribeEvent-annotated methods
[05May2026 00:44:06.334] [modloading-worker-0/DEBUG] [net.neoforged.fml.javafmlmod.AutomaticEventSubscriber/]: Subscribing @EventBusSubscriber class Lnet/ixdarklord/ultimine_addition/core/neoforge/NeoForgeSetup$Events; to the mod event bus of mod ultimine_addition
[05May2026 00:44:06.335] [modloading-worker-0/DEBUG] [net.neoforged.fml.javafmlmod.AutomaticEventSubscriber/LOADING]: Scanning class net.ixdarklord.ultimine_addition.core.neoforge.NeoForgeSetup$Event for @SubscribeEvent-annotated methods
[05May2026 00:44:06.337] [modloading-worker-0/DEBUG] [net.neoforged.fml.javafmlmod.AutomaticEventSubscriber/]: Subscribing @EventBusSubscriber class Lnet/ixdarklord/ultimine_addition/core/neoforge/NeoForgeSetup$Event; to the game event bus
[05May2026 00:44:06.340] [modloading-worker-0/DEBUG] [net.neoforged.fml.javafmlmod.AutomaticEventSubscriber/LOADING]: Scanning class net.ixdarklord.ultimine_addition.core.neoforge.NeoForgeClientSetup$Events for @SubscribeEvent-annotated methods
[05May2026 00:44:06.340] [modloading-worker-0/DEBUG] [net.neoforged.fml.javafmlmod.AutomaticEventSubscriber/]: Subscribing @EventBusSubscriber class Lnet/ixdarklord/ultimine_addition/core/neoforge/NeoForgeClientSetup$Events; to the mod event bus of mod ultimine_addition
[05May2026 00:44:06.384] [modloading-worker-0/DEBUG] [mixin/]: Mixing RollLootTableModifierMixin from reliquified_artifacts.mixins.json into artifacts.neoforge.loot.RollLootTableModifier
[05May2026 00:44:06.384] [modloading-worker-0/DEBUG] [mixin/]: reliquified_artifacts.mixins.json:RollLootTableModifierMixin from mod reliquified_artifacts: Class version 65 required is higher than the class version supported by the current version of Mixin (JAVA_8 supports class version 52)
[05May2026 00:44:06.384] [modloading-worker-0/DEBUG] [mixin/]: Renaming synthetic method lambda$doApply$1(Lnet/minecraft/world/level/storage/loot/LootContext;Lit/unimi/dsi/fastutil/objects/ObjectArrayList;Lnet/minecraft/core/Holder$Reference;)V to md9b8020$reliquified_artifacts$lambda$doApply$1$0 in reliquified_artifacts.mixins.json:RollLootTableModifierMixin from mod reliquified_artifacts
[05May2026 00:44:06.384] [modloading-worker-0/DEBUG] [mixin/]: Renaming synthetic method lambda$doApply$0(Lit/unimi/dsi/fastutil/objects/ObjectArrayList;Lnet/minecraft/world/item/ItemStack;)V to md9b8020$reliquified_artifacts$lambda$doApply$0$1 in reliquified_artifacts.mixins.json:RollLootTableModifierMixin from mod reliquified_artifacts
[05May2026 00:44:06.386] [modloading-worker-0/DEBUG] [net.neoforged.fml.javafmlmod.AutomaticEventSubscriber/LOADING]: Attempting to inject @EventBusSubscriber classes into the eventbus for ftbteams
[05May2026 00:44:06.415] [modloading-worker-0/DEBUG] [net.neoforged.fml.javafmlmod.AutomaticEventSubscriber/LOADING]: Attempting to inject @EventBusSubscriber classes into the eventbus for artifacts
[05May2026 00:44:06.424] [modloading-worker-0/DEBUG] [net.neoforged.fml.javafmlmod.AutomaticEventSubscriber/LOADING]: Attempting to inject @EventBusSubscriber classes into the eventbus for reliquified_artifacts
[05May2026 00:44:06.424] [modloading-worker-0/DEBUG] [net.neoforged.fml.javafmlmod.AutomaticEventSubscriber/LOADING]: Scanning class it.hurts.shatterbyte.reliquified_artifacts.network.NetworkHandler for @SubscribeEvent-annotated methods
[05May2026 00:44:06.424] [modloading-worker-0/DEBUG] [net.neoforged.fml.javafmlmod.AutomaticEventSubscriber/LOADING]: Attempting to inject @EventBusSubscriber classes into the eventbus for cristellib
[05May2026 00:44:06.426] [modloading-worker-0/DEBUG] [net.neoforged.fml.javafmlmod.AutomaticEventSubscriber/]: Subscribing @EventBusSubscriber class Lit/hurts/shatterbyte/reliquified_artifacts/network/NetworkHandler; to the mod event bus of mod reliquified_artifacts
[05May2026 00:44:06.426] [modloading-worker-0/DEBUG] [net.neoforged.fml.javafmlmod.AutomaticEventSubscriber/LOADING]: Scanning class it.hurts.shatterbyte.reliquified_artifacts.items.UmbrellaItem$CommonEvents for @SubscribeEvent-annotated methods
[05May2026 00:44:06.427] [modloading-worker-0/DEBUG] [net.neoforged.fml.javafmlmod.AutomaticEventSubscriber/]: Subscribing @EventBusSubscriber class Lit/hurts/shatterbyte/reliquified_artifacts/items/UmbrellaItem$CommonEvents; to the game event bus
[05May2026 00:44:06.427] [modloading-worker-0/DEBUG] [net.neoforged.fml.javafmlmod.AutomaticEventSubscriber/LOADING]: Scanning class it.hurts.shatterbyte.reliquified_artifacts.items.UmbrellaItem$ClientEvents for @SubscribeEvent-annotated methods
[05May2026 00:44:06.429] [modloading-worker-0/DEBUG] [net.neoforged.fml.javafmlmod.AutomaticEventSubscriber/]: Subscribing @EventBusSubscriber class Lit/hurts/shatterbyte/reliquified_artifacts/items/UmbrellaItem$ClientEvents; to the game event bus
[05May2026 00:44:06.430] [modloading-worker-0/DEBUG] [net.neoforged.fml.javafmlmod.AutomaticEventSubscriber/LOADING]: Scanning class it.hurts.shatterbyte.reliquified_artifacts.items.necklace.ThornPendantItem$CommonEvents for @SubscribeEvent-annotated methods
[05May2026 00:44:06.432] [modloading-worker-0/DEBUG] [net.neoforged.fml.javafmlmod.AutomaticEventSubscriber/]: Subscribing @EventBusSubscriber class Lit/hurts/shatterbyte/reliquified_artifacts/items/necklace/ThornPendantItem$CommonEvents; to the game event bus
[05May2026 00:44:06.432] [modloading-worker-0/DEBUG] [net.neoforged.fml.javafmlmod.AutomaticEventSubscriber/LOADING]: Scanning class it.hurts.shatterbyte.reliquified_artifacts.items.necklace.ShockPendantItem$CommonEvents for @SubscribeEvent-annotated methods
[05May2026 00:44:06.433] [modloading-worker-0/DEBUG] [net.neoforged.fml.javafmlmod.AutomaticEventSubscriber/]: Subscribing @EventBusSubscriber class Lit/hurts/shatterbyte/reliquified_artifacts/items/necklace/ShockPendantItem$CommonEvents; to the game event bus
[05May2026 00:44:06.433] [modloading-worker-0/DEBUG] [net.neoforged.fml.javafmlmod.AutomaticEventSubscriber/LOADING]: Scanning class it.hurts.shatterbyte.reliquified_artifacts.items.necklace.ScarfOfInvisibilityItem$CommonEvents for @SubscribeEvent-annotated methods
[05May2026 00:44:06.437] [modloading-worker-0/DEBUG] [net.neoforged.fml.javafmlmod.AutomaticEventSubscriber/]: Subscribing @EventBusSubscriber class Lit/hurts/shatterbyte/reliquified_artifacts/items/necklace/ScarfOfInvisibilityItem$CommonEvents; to the game event bus
[05May2026 00:44:06.441] [modloading-worker-0/DEBUG] [net.neoforged.fml.javafmlmod.AutomaticEventSubscriber/LOADING]: Scanning class it.hurts.shatterbyte.reliquified_artifacts.items.necklace.PanicNecklaceItem$CommonEvents for @SubscribeEvent-annotated methods
[05May2026 00:44:06.443] [modloading-worker-0/DEBUG] [net.neoforged.fml.javafmlmod.AutomaticEventSubscriber/]: Subscribing @EventBusSubscriber class Lit/hurts/shatterbyte/reliquified_artifacts/items/necklace/PanicNecklaceItem$CommonEvents; to the game event bus
[05May2026 00:44:06.444] [modloading-worker-0/DEBUG] [net.neoforged.fml.javafmlmod.AutomaticEventSubscriber/LOADING]: Scanning class it.hurts.shatterbyte.reliquified_artifacts.items.necklace.LuckyScarfItem$CommonEvents for @SubscribeEvent-annotated methods
[05May2026 00:44:06.444] [modloading-worker-0/DEBUG] [net.neoforged.fml.javafmlmod.AutomaticEventSubscriber/]: Subscribing @EventBusSubscriber class Lit/hurts/shatterbyte/reliquified_artifacts/items/necklace/LuckyScarfItem$CommonEvents; to the game event bus
[05May2026 00:44:06.444] [modloading-worker-0/DEBUG] [net.neoforged.fml.javafmlmod.AutomaticEventSubscriber/LOADING]: Scanning class it.hurts.shatterbyte.reliquified_artifacts.items.necklace.FlamePendantItem$CommonEvents for @SubscribeEvent-annotated methods
[05May2026 00:44:06.446] [modloading-worker-0/DEBUG] [net.neoforged.fml.javafmlmod.AutomaticEventSubscriber/]: Subscribing @EventBusSubscriber class Lit/hurts/shatterbyte/reliquified_artifacts/items/necklace/FlamePendantItem$CommonEvents; to the game event bus
[05May2026 00:44:06.448] [modloading-worker-0/DEBUG] [net.neoforged.fml.javafmlmod.AutomaticEventSubscriber/LOADING]: Scanning class it.hurts.shatterbyte.reliquified_artifacts.items.necklace.CrossNecklaceItem$CommonEvents for @SubscribeEvent-annotated methods
[05May2026 00:44:06.449] [modloading-worker-0/DEBUG] [net.neoforged.fml.javafmlmod.AutomaticEventSubscriber/]: Subscribing @EventBusSubscriber class Lit/hurts/shatterbyte/reliquified_artifacts/items/necklace/CrossNecklaceItem$CommonEvents; to the game event bus
[05May2026 00:44:06.451] [modloading-worker-0/DEBUG] [net.neoforged.fml.javafmlmod.AutomaticEventSubscriber/LOADING]: Scanning class it.hurts.shatterbyte.reliquified_artifacts.items.necklace.CharmOfSinkingItem$CommonEvents for @SubscribeEvent-annotated methods
[05May2026 00:44:06.452] [modloading-worker-0/DEBUG] [net.neoforged.fml.javafmlmod.AutomaticEventSubscriber/]: Subscribing @EventBusSubscriber class Lit/hurts/shatterbyte/reliquified_artifacts/items/necklace/CharmOfSinkingItem$CommonEvents; to the game event bus
[05May2026 00:44:06.454] [modloading-worker-0/DEBUG] [net.neoforged.fml.javafmlmod.AutomaticEventSubscriber/LOADING]: Scanning class it.hurts.shatterbyte.reliquified_artifacts.items.necklace.CharmOfShrinkingItem$CommonEvents for @SubscribeEvent-annotated methods
[05May2026 00:44:06.455] [modloading-worker-0/DEBUG] [net.neoforged.fml.javafmlmod.AutomaticEventSubscriber/]: Subscribing @EventBusSubscriber class Lit/hurts/shatterbyte/reliquified_artifacts/items/necklace/CharmOfShrinkingItem$CommonEvents; to the game event bus
[05May2026 00:44:06.455] [modloading-worker-0/DEBUG] [net.neoforged.fml.javafmlmod.AutomaticEventSubscriber/LOADING]: Scanning class it.hurts.shatterbyte.reliquified_artifacts.items.hat.WhoopeeCushionItem$CommonEvents for @SubscribeEvent-annotated methods
[05May2026 00:44:06.457] [modloading-worker-0/DEBUG] [net.neoforged.fml.javafmlmod.AutomaticEventSubscriber/]: Subscribing @EventBusSubscriber class Lit/hurts/shatterbyte/reliquified_artifacts/items/hat/WhoopeeCushionItem$CommonEvents; to the game event bus
[05May2026 00:44:06.457] [modloading-worker-0/DEBUG] [net.neoforged.fml.javafmlmod.AutomaticEventSubscriber/LOADING]: Scanning class it.hurts.shatterbyte.reliquified_artifacts.items.hat.VillagerHatItem$CommonEvents for @SubscribeEvent-annotated methods
[05May2026 00:44:06.458] [modloading-worker-0/DEBUG] [net.neoforged.fml.javafmlmod.AutomaticEventSubscriber/]: Subscribing @EventBusSubscriber class Lit/hurts/shatterbyte/reliquified_artifacts/items/hat/VillagerHatItem$CommonEvents; to the game event bus
[05May2026 00:44:06.460] [modloading-worker-0/DEBUG] [net.neoforged.fml.javafmlmod.AutomaticEventSubscriber/LOADING]: Scanning class it.hurts.shatterbyte.reliquified_artifacts.items.hat.SuperstitiousHatItem$CommonEvents for @SubscribeEvent-annotated methods
[05May2026 00:44:06.460] [modloading-worker-0/DEBUG] [net.neoforged.fml.javafmlmod.AutomaticEventSubscriber/]: Subscribing @EventBusSubscriber class Lit/hurts/shatterbyte/reliquified_artifacts/items/hat/SuperstitiousHatItem$CommonEvents; to the game event bus
[05May2026 00:44:06.461] [modloading-worker-0/DEBUG] [net.neoforged.fml.javafmlmod.AutomaticEventSubscriber/LOADING]: Scanning class it.hurts.shatterbyte.reliquified_artifacts.items.hat.SnorkelItem$CommonEvents for @SubscribeEvent-annotated methods
[05May2026 00:44:06.461] [modloading-worker-0/DEBUG] [net.neoforged.fml.javafmlmod.AutomaticEventSubscriber/]: Subscribing @EventBusSubscriber class Lit/hurts/shatterbyte/reliquified_artifacts/items/hat/SnorkelItem$CommonEvents; to the game event bus
[05May2026 00:44:06.463] [modloading-worker-0/DEBUG] [net.neoforged.fml.javafmlmod.AutomaticEventSubscriber/LOADING]: Scanning class it.hurts.shatterbyte.reliquified_artifacts.items.hat.SnorkelItem$ClientEvents for @SubscribeEvent-annotated methods
[05May2026 00:44:06.466] [modloading-worker-0/DEBUG] [net.neoforged.fml.javafmlmod.AutomaticEventSubscriber/]: Subscribing @EventBusSubscriber class Lit/hurts/shatterbyte/reliquified_artifacts/items/hat/SnorkelItem$ClientEvents; to the game event bus
[05May2026 00:44:06.466] [modloading-worker-0/DEBUG] [net.neoforged.fml.javafmlmod.AutomaticEventSubscriber/LOADING]: Scanning class it.hurts.shatterbyte.reliquified_artifacts.items.hat.NightVisionGogglesItem$CommonEvents for @SubscribeEvent-annotated methods
[05May2026 00:44:06.468] [modloading-worker-0/DEBUG] [net.neoforged.fml.javafmlmod.AutomaticEventSubscriber/]: Subscribing @EventBusSubscriber class Lit/hurts/shatterbyte/reliquified_artifacts/items/hat/NightVisionGogglesItem$CommonEvents; to the game event bus
[05May2026 00:44:06.468] [modloading-worker-0/DEBUG] [net.neoforged.fml.javafmlmod.AutomaticEventSubscriber/LOADING]: Scanning class it.hurts.shatterbyte.reliquified_artifacts.items.hat.NightVisionGogglesItem$ClientEvents for @SubscribeEvent-annotated methods
[05May2026 00:44:06.469] [modloading-worker-0/DEBUG] [net.neoforged.fml.javafmlmod.AutomaticEventSubscriber/]: Subscribing @EventBusSubscriber class Lit/hurts/shatterbyte/reliquified_artifacts/items/hat/NightVisionGogglesItem$ClientEvents; to the game event bus
[05May2026 00:44:06.469] [modloading-worker-0/DEBUG] [net.neoforged.fml.javafmlmod.AutomaticEventSubscriber/LOADING]: Scanning class it.hurts.shatterbyte.reliquified_artifacts.items.hat.DrinkingHatItem$HatEvents for @SubscribeEvent-annotated methods
[05May2026 00:44:06.472] [modloading-worker-0/DEBUG] [net.neoforged.fml.javafmlmod.AutomaticEventSubscriber/]: Subscribing @EventBusSubscriber class Lit/hurts/shatterbyte/reliquified_artifacts/items/hat/DrinkingHatItem$HatEvents; to the game event bus
[05May2026 00:44:06.474] [modloading-worker-0/DEBUG] [net.neoforged.fml.javafmlmod.AutomaticEventSubscriber/LOADING]: Scanning class it.hurts.shatterbyte.reliquified_artifacts.items.hat.CowboyHatItem$CommonEvents for @SubscribeEvent-annotated methods
[05May2026 00:44:06.475] [modloading-worker-0/DEBUG] [net.neoforged.fml.javafmlmod.AutomaticEventSubscriber/]: Subscribing @EventBusSubscriber class Lit/hurts/shatterbyte/reliquified_artifacts/items/hat/CowboyHatItem$CommonEvents; to the game event bus
[05May2026 00:44:06.475] [modloading-worker-0/DEBUG] [net.neoforged.fml.javafmlmod.AutomaticEventSubscriber/LOADING]: Scanning class it.hurts.shatterbyte.reliquified_artifacts.items.hat.AnglersHatItem$CommonEvents for @SubscribeEvent-annotated methods
[05May2026 00:44:06.477] [modloading-worker-0/DEBUG] [net.neoforged.fml.javafmlmod.AutomaticEventSubscriber/]: Subscribing @EventBusSubscriber class Lit/hurts/shatterbyte/reliquified_artifacts/items/hat/AnglersHatItem$CommonEvents; to the game event bus
[05May2026 00:44:06.478] [modloading-worker-0/DEBUG] [net.neoforged.fml.javafmlmod.AutomaticEventSubscriber/LOADING]: Scanning class it.hurts.shatterbyte.reliquified_artifacts.items.hands.VampiricGloveItem$CommonEvents for @SubscribeEvent-annotated methods
[05May2026 00:44:06.480] [modloading-worker-0/DEBUG] [net.neoforged.fml.javafmlmod.AutomaticEventSubscriber/]: Subscribing @EventBusSubscriber class Lit/hurts/shatterbyte/reliquified_artifacts/items/hands/VampiricGloveItem$CommonEvents; to the game event bus
[05May2026 00:44:06.481] [modloading-worker-0/DEBUG] [net.neoforged.fml.javafmlmod.AutomaticEventSubscriber/LOADING]: Scanning class it.hurts.shatterbyte.reliquified_artifacts.items.hands.PowerGloveItem$CommonEvents for @SubscribeEvent-annotated methods
[05May2026 00:44:06.484] [modloading-worker-0/DEBUG] [net.neoforged.fml.javafmlmod.AutomaticEventSubscriber/]: Subscribing @EventBusSubscriber class Lit/hurts/shatterbyte/reliquified_artifacts/items/hands/PowerGloveItem$CommonEvents; to the game event bus
[05May2026 00:44:06.486] [modloading-worker-0/DEBUG] [net.neoforged.fml.javafmlmod.AutomaticEventSubscriber/LOADING]: Scanning class it.hurts.shatterbyte.reliquified_artifacts.items.hands.PocketPistonItem$CommonEvents for @SubscribeEvent-annotated methods
[05May2026 00:44:06.488] [modloading-worker-0/DEBUG] [net.neoforged.fml.javafmlmod.AutomaticEventSubscriber/]: Subscribing @EventBusSubscriber class Lit/hurts/shatterbyte/reliquified_artifacts/items/hands/PocketPistonItem$CommonEvents; to the game event bus
[05May2026 00:44:06.490] [modloading-worker-0/DEBUG] [net.neoforged.fml.javafmlmod.AutomaticEventSubscriber/LOADING]: Scanning class it.hurts.shatterbyte.reliquified_artifacts.items.hands.PickaxeHeaterItem$CommonEvents for @SubscribeEvent-annotated methods
[05May2026 00:44:06.491] [modloading-worker-0/DEBUG] [net.neoforged.fml.javafmlmod.AutomaticEventSubscriber/]: Subscribing @EventBusSubscriber class Lit/hurts/shatterbyte/reliquified_artifacts/items/hands/PickaxeHeaterItem$CommonEvents; to the game event bus
[05May2026 00:44:06.492] [modloading-worker-0/DEBUG] [net.neoforged.fml.javafmlmod.AutomaticEventSubscriber/LOADING]: Scanning class it.hurts.shatterbyte.reliquified_artifacts.items.hands.GoldenHookItem$CommonEvents for @SubscribeEvent-annotated methods
[05May2026 00:44:06.494] [modloading-worker-0/DEBUG] [net.neoforged.fml.javafmlmod.AutomaticEventSubscriber/]: Subscribing @EventBusSubscriber class Lit/hurts/shatterbyte/reliquified_artifacts/items/hands/GoldenHookItem$CommonEvents; to the game event bus
[05May2026 00:44:06.495] [modloading-worker-0/DEBUG] [net.neoforged.fml.javafmlmod.AutomaticEventSubscriber/LOADING]: Scanning class it.hurts.shatterbyte.reliquified_artifacts.items.hands.FireGauntletItem$CommonEvents for @SubscribeEvent-annotated methods
[05May2026 00:44:06.497] [modloading-worker-0/DEBUG] [net.neoforged.fml.javafmlmod.AutomaticEventSubscriber/]: Subscribing @EventBusSubscriber class Lit/hurts/shatterbyte/reliquified_artifacts/items/hands/FireGauntletItem$CommonEvents; to the game event bus
[05May2026 00:44:06.498] [modloading-worker-0/DEBUG] [net.neoforged.fml.javafmlmod.AutomaticEventSubscriber/LOADING]: Scanning class it.hurts.shatterbyte.reliquified_artifacts.items.hands.FeralClawsItem$CommonEvents for @SubscribeEvent-annotated methods
[05May2026 00:44:06.500] [modloading-worker-0/DEBUG] [net.neoforged.fml.javafmlmod.AutomaticEventSubscriber/]: Subscribing @EventBusSubscriber class Lit/hurts/shatterbyte/reliquified_artifacts/items/hands/FeralClawsItem$CommonEvents; to the game event bus
[05May2026 00:44:06.501] [modloading-worker-0/DEBUG] [net.neoforged.fml.javafmlmod.AutomaticEventSubscriber/LOADING]: Scanning class it.hurts.shatterbyte.reliquified_artifacts.items.hands.DiggingClawsItem$CommonEvents for @SubscribeEvent-annotated methods
[05May2026 00:44:06.501] [modloading-worker-0/DEBUG] [net.neoforged.fml.javafmlmod.AutomaticEventSubscriber/]: Subscribing @EventBusSubscriber class Lit/hurts/shatterbyte/reliquified_artifacts/items/hands/DiggingClawsItem$CommonEvents; to the game event bus
[05May2026 00:44:06.503] [modloading-worker-0/DEBUG] [net.neoforged.fml.javafmlmod.AutomaticEventSubscriber/LOADING]: Scanning class it.hurts.shatterbyte.reliquified_artifacts.items.feet.StriderShoesItem$CommonEvents for @SubscribeEvent-annotated methods
[05May2026 00:44:06.504] [modloading-worker-0/DEBUG] [net.neoforged.fml.javafmlmod.AutomaticEventSubscriber/]: Subscribing @EventBusSubscriber class Lit/hurts/shatterbyte/reliquified_artifacts/items/feet/StriderShoesItem$CommonEvents; to the game event bus
[05May2026 00:44:06.505] [modloading-worker-0/DEBUG] [net.neoforged.fml.javafmlmod.AutomaticEventSubscriber/LOADING]: Scanning class it.hurts.shatterbyte.reliquified_artifacts.items.feet.SteadfastSpikesItem$SteadfastSpikesEvent for @SubscribeEvent-annotated methods
[05May2026 00:44:06.506] [modloading-worker-0/DEBUG] [net.neoforged.fml.javafmlmod.AutomaticEventSubscriber/]: Subscribing @EventBusSubscriber class Lit/hurts/shatterbyte/reliquified_artifacts/items/feet/SteadfastSpikesItem$SteadfastSpikesEvent; to the game event bus
[05May2026 00:44:06.507] [modloading-worker-0/DEBUG] [mixin/]: Mixing SizedIngredientMixin from kubejs.mixins.json into net.neoforged.neoforge.common.crafting.SizedIngredient
[05May2026 00:44:06.509] [modloading-worker-0/DEBUG] [net.neoforged.fml.javafmlmod.AutomaticEventSubscriber/LOADING]: Scanning class it.hurts.shatterbyte.reliquified_artifacts.items.feet.SnowshoesItem$CommonEvents for @SubscribeEvent-annotated methods
[05May2026 00:44:06.510] [modloading-worker-0/DEBUG] [net.neoforged.fml.javafmlmod.AutomaticEventSubscriber/]: Subscribing @EventBusSubscriber class Lit/hurts/shatterbyte/reliquified_artifacts/items/feet/SnowshoesItem$CommonEvents; to the game event bus
[05May2026 00:44:06.510] [modloading-worker-0/DEBUG] [net.neoforged.fml.javafmlmod.AutomaticEventSubscriber/LOADING]: Scanning class it.hurts.shatterbyte.reliquified_artifacts.items.feet.RunningShoesItem$CommonEvents for @SubscribeEvent-annotated methods
[05May2026 00:44:06.512] [modloading-worker-0/DEBUG] [net.neoforged.fml.javafmlmod.AutomaticEventSubscriber/]: Subscribing @EventBusSubscriber class Lit/hurts/shatterbyte/reliquified_artifacts/items/feet/RunningShoesItem$CommonEvents; to the game event bus
[05May2026 00:44:06.512] [modloading-worker-0/DEBUG] [net.neoforged.fml.javafmlmod.AutomaticEventSubscriber/LOADING]: Scanning class it.hurts.shatterbyte.reliquified_artifacts.items.feet.RootedBootsItem$CommonEvents for @SubscribeEvent-annotated methods
[05May2026 00:44:06.513] [modloading-worker-0/DEBUG] [net.neoforged.fml.javafmlmod.AutomaticEventSubscriber/]: Subscribing @EventBusSubscriber class Lit/hurts/shatterbyte/reliquified_artifacts/items/feet/RootedBootsItem$CommonEvents; to the game event bus
[05May2026 00:44:06.513] [modloading-worker-0/DEBUG] [net.neoforged.fml.javafmlmod.AutomaticEventSubscriber/LOADING]: Scanning class it.hurts.shatterbyte.reliquified_artifacts.items.feet.KittySlippersItem$CommonEvents for @SubscribeEvent-annotated methods
[05May2026 00:44:06.515] [modloading-worker-0/DEBUG] [net.neoforged.fml.javafmlmod.AutomaticEventSubscriber/LOADING]: Attempting to inject @EventBusSubscriber classes into the eventbus for polylib
[05May2026 00:44:06.515] [modloading-worker-0/DEBUG] [net.neoforged.fml.javafmlmod.AutomaticEventSubscriber/]: Subscribing @EventBusSubscriber class Lit/hurts/shatterbyte/reliquified_artifacts/items/feet/KittySlippersItem$CommonEvents; to the game event bus
[05May2026 00:44:06.515] [modloading-worker-0/DEBUG] [mixin/]: Mixing FluidStackMixin from kubejs.mixins.json into net.neoforged.neoforge.fluids.FluidStack
[05May2026 00:44:06.516] [modloading-worker-0/DEBUG] [net.neoforged.fml.javafmlmod.AutomaticEventSubscriber/LOADING]: Scanning class it.hurts.shatterbyte.reliquified_artifacts.items.feet.FlippersItem$CommonEvents for @SubscribeEvent-annotated methods
[05May2026 00:44:06.516] [modloading-worker-0/DEBUG] [net.neoforged.fml.javafmlmod.AutomaticEventSubscriber/]: Subscribing @EventBusSubscriber class Lit/hurts/shatterbyte/reliquified_artifacts/items/feet/FlippersItem$CommonEvents; to the game event bus
[05May2026 00:44:06.518] [modloading-worker-0/DEBUG] [net.neoforged.fml.javafmlmod.AutomaticEventSubscriber/LOADING]: Scanning class it.hurts.shatterbyte.reliquified_artifacts.items.feet.BunnyHoppersItem$ClientEvents for @SubscribeEvent-annotated methods
[05May2026 00:44:06.519] [modloading-worker-0/DEBUG] [net.neoforged.fml.javafmlmod.AutomaticEventSubscriber/]: Subscribing @EventBusSubscriber class Lit/hurts/shatterbyte/reliquified_artifacts/items/feet/BunnyHoppersItem$ClientEvents; to the game event bus
[05May2026 00:44:06.519] [modloading-worker-0/DEBUG] [net.neoforged.fml.javafmlmod.AutomaticEventSubscriber/LOADING]: Scanning class it.hurts.shatterbyte.reliquified_artifacts.items.feet.BunnyHoppersItem$BunnyHoppersEvent for @SubscribeEvent-annotated methods
[05May2026 00:44:06.521] [modloading-worker-0/DEBUG] [net.neoforged.fml.javafmlmod.AutomaticEventSubscriber/]: Subscribing @EventBusSubscriber class Lit/hurts/shatterbyte/reliquified_artifacts/items/feet/BunnyHoppersItem$BunnyHoppersEvent; to the game event bus
[05May2026 00:44:06.523] [modloading-worker-0/DEBUG] [net.neoforged.fml.javafmlmod.AutomaticEventSubscriber/LOADING]: Scanning class it.hurts.shatterbyte.reliquified_artifacts.items.feet.AquaDashersItem$CommonEvents for @SubscribeEvent-annotated methods
[05May2026 00:44:06.524] [modloading-worker-0/DEBUG] [net.neoforged.fml.javafmlmod.AutomaticEventSubscriber/]: Subscribing @EventBusSubscriber class Lit/hurts/shatterbyte/reliquified_artifacts/items/feet/AquaDashersItem$CommonEvents; to the game event bus
[05May2026 00:44:06.526] [modloading-worker-0/DEBUG] [net.neoforged.fml.javafmlmod.AutomaticEventSubscriber/LOADING]: Scanning class it.hurts.shatterbyte.reliquified_artifacts.items.EverlastingFoodRelicItem$CommonEvents for @SubscribeEvent-annotated methods
[05May2026 00:44:06.527] [modloading-worker-0/DEBUG] [net.neoforged.fml.javafmlmod.AutomaticEventSubscriber/]: Subscribing @EventBusSubscriber class Lit/hurts/shatterbyte/reliquified_artifacts/items/EverlastingFoodRelicItem$CommonEvents; to the game event bus
[05May2026 00:44:06.528] [modloading-worker-0/DEBUG] [net.neoforged.fml.javafmlmod.AutomaticEventSubscriber/LOADING]: Scanning class it.hurts.shatterbyte.reliquified_artifacts.items.charm.WarpDriveItem$CommonEvents for @SubscribeEvent-annotated methods
[05May2026 00:44:06.529] [modloading-worker-0/DEBUG] [net.neoforged.fml.javafmlmod.AutomaticEventSubscriber/]: Subscribing @EventBusSubscriber class Lit/hurts/shatterbyte/reliquified_artifacts/items/charm/WarpDriveItem$CommonEvents; to the game event bus
[05May2026 00:44:06.530] [modloading-worker-0/DEBUG] [mixin/]: Mixing FluidIngredientMixin from kubejs.mixins.json into net.neoforged.neoforge.fluids.crafting.FluidIngredient
[05May2026 00:44:06.531] [modloading-worker-0/DEBUG] [net.neoforged.fml.javafmlmod.AutomaticEventSubscriber/LOADING]: Scanning class it.hurts.shatterbyte.reliquified_artifacts.items.charm.UniversalAttractorItem$CommonEvents for @SubscribeEvent-annotated methods
[05May2026 00:44:06.532] [modloading-worker-0/DEBUG] [net.neoforged.fml.javafmlmod.AutomaticEventSubscriber/]: Subscribing @EventBusSubscriber class Lit/hurts/shatterbyte/reliquified_artifacts/items/charm/UniversalAttractorItem$CommonEvents; to the game event bus
[05May2026 00:44:06.532] [modloading-worker-0/DEBUG] [net.neoforged.fml.javafmlmod.AutomaticEventSubscriber/LOADING]: Scanning class it.hurts.shatterbyte.reliquified_artifacts.items.charm.ObsidianSkullItem$CommonEvents for @SubscribeEvent-annotated methods
[05May2026 00:44:06.534] [modloading-worker-0/DEBUG] [net.neoforged.fml.javafmlmod.AutomaticEventSubscriber/]: Subscribing @EventBusSubscriber class Lit/hurts/shatterbyte/reliquified_artifacts/items/charm/ObsidianSkullItem$CommonEvents; to the game event bus
[05May2026 00:44:06.535] [modloading-worker-0/DEBUG] [net.neoforged.fml.javafmlmod.AutomaticEventSubscriber/LOADING]: Scanning class it.hurts.shatterbyte.reliquified_artifacts.items.charm.HeliumFlamingoItem$HeliumFlamingoClientEvent for @SubscribeEvent-annotated methods
[05May2026 00:44:06.535] [modloading-worker-0/DEBUG] [mixin/]: Mixing SizedFluidIngredientMixin from kubejs.mixins.json into net.neoforged.neoforge.fluids.crafting.SizedFluidIngredient
[05May2026 00:44:06.535] [modloading-worker-0/DEBUG] [net.neoforged.fml.javafmlmod.AutomaticEventSubscriber/]: Subscribing @EventBusSubscriber class Lit/hurts/shatterbyte/reliquified_artifacts/items/charm/HeliumFlamingoItem$HeliumFlamingoClientEvent; to the game event bus
[05May2026 00:44:06.537] [modloading-worker-0/DEBUG] [net.neoforged.fml.javafmlmod.AutomaticEventSubscriber/LOADING]: Scanning class it.hurts.shatterbyte.reliquified_artifacts.items.charm.HeliumFlamingoItem$CommonEvent for @SubscribeEvent-annotated methods
[05May2026 00:44:06.538] [modloading-worker-0/DEBUG] [net.neoforged.fml.javafmlmod.AutomaticEventSubscriber/]: Subscribing @EventBusSubscriber class Lit/hurts/shatterbyte/reliquified_artifacts/items/charm/HeliumFlamingoItem$CommonEvent; to the game event bus
[05May2026 00:44:06.538] [modloading-worker-0/DEBUG] [net.neoforged.fml.javafmlmod.AutomaticEventSubscriber/LOADING]: Scanning class it.hurts.shatterbyte.reliquified_artifacts.items.charm.CrystalHeartItem$CommonEvents for @SubscribeEvent-annotated methods
[05May2026 00:44:06.540] [modloading-worker-0/DEBUG] [net.neoforged.fml.javafmlmod.AutomaticEventSubscriber/]: Subscribing @EventBusSubscriber class Lit/hurts/shatterbyte/reliquified_artifacts/items/charm/CrystalHeartItem$CommonEvents; to the game event bus
[05May2026 00:44:06.541] [modloading-worker-0/DEBUG] [net.neoforged.fml.javafmlmod.AutomaticEventSubscriber/LOADING]: Scanning class it.hurts.shatterbyte.reliquified_artifacts.items.charm.CloudInBottleItem$CommonEvents for @SubscribeEvent-annotated methods
[05May2026 00:44:06.541] [modloading-worker-0/DEBUG] [net.neoforged.fml.javafmlmod.AutomaticEventSubscriber/]: Subscribing @EventBusSubscriber class Lit/hurts/shatterbyte/reliquified_artifacts/items/charm/CloudInBottleItem$CommonEvents; to the game event bus
[05May2026 00:44:06.543] [modloading-worker-0/DEBUG] [net.neoforged.fml.javafmlmod.AutomaticEventSubscriber/LOADING]: Scanning class it.hurts.shatterbyte.reliquified_artifacts.items.charm.CloudInBottleItem$ClientEvent for @SubscribeEvent-annotated methods
[05May2026 00:44:06.544] [modloading-worker-0/DEBUG] [net.neoforged.fml.javafmlmod.AutomaticEventSubscriber/]: Subscribing @EventBusSubscriber class Lit/hurts/shatterbyte/reliquified_artifacts/items/charm/CloudInBottleItem$ClientEvent; to the game event bus
[05May2026 00:44:06.544] [modloading-worker-0/DEBUG] [net.neoforged.fml.javafmlmod.AutomaticEventSubscriber/LOADING]: Scanning class it.hurts.shatterbyte.reliquified_artifacts.items.charm.ChorusTotemItem$CommonEvents for @SubscribeEvent-annotated methods
[05May2026 00:44:06.546] [modloading-worker-0/DEBUG] [net.neoforged.fml.javafmlmod.AutomaticEventSubscriber/]: Subscribing @EventBusSubscriber class Lit/hurts/shatterbyte/reliquified_artifacts/items/charm/ChorusTotemItem$CommonEvents; to the game event bus
[05May2026 00:44:06.547] [modloading-worker-0/DEBUG] [net.neoforged.fml.javafmlmod.AutomaticEventSubscriber/LOADING]: Scanning class it.hurts.shatterbyte.reliquified_artifacts.items.charm.AntidoteVesselItem$CommonEvents for @SubscribeEvent-annotated methods
[05May2026 00:44:06.547] [modloading-worker-0/DEBUG] [net.neoforged.fml.javafmlmod.AutomaticEventSubscriber/]: Subscribing @EventBusSubscriber class Lit/hurts/shatterbyte/reliquified_artifacts/items/charm/AntidoteVesselItem$CommonEvents; to the game event bus
[05May2026 00:44:06.549] [modloading-worker-0/DEBUG] [net.neoforged.fml.javafmlmod.AutomaticEventSubscriber/LOADING]: Scanning class it.hurts.shatterbyte.reliquified_artifacts.items.bracelet.WitheredBraceletItem$CommonEvents for @SubscribeEvent-annotated methods
[05May2026 00:44:06.550] [modloading-worker-0/DEBUG] [net.neoforged.fml.javafmlmod.AutomaticEventSubscriber/]: Subscribing @EventBusSubscriber class Lit/hurts/shatterbyte/reliquified_artifacts/items/bracelet/WitheredBraceletItem$CommonEvents; to the game event bus
[05May2026 00:44:06.552] [modloading-worker-0/DEBUG] [net.neoforged.fml.javafmlmod.AutomaticEventSubscriber/LOADING]: Scanning class it.hurts.shatterbyte.reliquified_artifacts.items.bracelet.OnionRingItem$CommonEvents for @SubscribeEvent-annotated methods
[05May2026 00:44:06.553] [modloading-worker-0/DEBUG] [net.neoforged.fml.javafmlmod.AutomaticEventSubscriber/]: Subscribing @EventBusSubscriber class Lit/hurts/shatterbyte/reliquified_artifacts/items/bracelet/OnionRingItem$CommonEvents; to the game event bus
[05May2026 00:44:06.554] [modloading-worker-0/DEBUG] [net.neoforged.fml.javafmlmod.AutomaticEventSubscriber/LOADING]: Scanning class it.hurts.shatterbyte.reliquified_artifacts.handlers.TooltipHandler for @SubscribeEvent-annotated methods
[05May2026 00:44:06.556] [modloading-worker-0/DEBUG] [net.neoforged.fml.javafmlmod.AutomaticEventSubscriber/]: Subscribing @EventBusSubscriber class Lit/hurts/shatterbyte/reliquified_artifacts/handlers/TooltipHandler; to the game event bus
[05May2026 00:44:06.556] [modloading-worker-0/DEBUG] [net.neoforged.fml.javafmlmod.AutomaticEventSubscriber/LOADING]: Scanning class it.hurts.shatterbyte.reliquified_artifacts.handlers.MimicHandler for @SubscribeEvent-annotated methods
[05May2026 00:44:06.557] [modloading-worker-0/DEBUG] [net.neoforged.fml.javafmlmod.AutomaticEventSubscriber/]: Subscribing @EventBusSubscriber class Lit/hurts/shatterbyte/reliquified_artifacts/handlers/MimicHandler; to the game event bus
[05May2026 00:44:06.559] [modloading-worker-0/DEBUG] [net.neoforged.fml.javafmlmod.AutomaticEventSubscriber/LOADING]: Scanning class it.hurts.shatterbyte.reliquified_artifacts.client.handlers.ClientHandler for @SubscribeEvent-annotated methods
[05May2026 00:44:06.560] [modloading-worker-0/DEBUG] [net.neoforged.fml.javafmlmod.AutomaticEventSubscriber/]: Subscribing @EventBusSubscriber class Lit/hurts/shatterbyte/reliquified_artifacts/client/handlers/ClientHandler; to the mod event bus of mod reliquified_artifacts
[05May2026 00:44:06.576] [modloading-worker-0/DEBUG] [mixin/]: Mixing hud_batching.compat.ftbchunks.MixinFTBChunks_FTBChunksClient from immediatelyfast-neoforge.mixins.json into dev.ftb.mods.ftbchunks.client.FTBChunksClient
[05May2026 00:44:06.576] [modloading-worker-0/DEBUG] [mixin/]: immediatelyfast-neoforge.mixins.json:hud_batching.compat.ftbchunks.MixinFTBChunks_FTBChunksClient from mod immediatelyfast->@Inject::forceDrawBatch(Lorg/spongepowered/asm/mixin/injection/callback/CallbackInfo;)V doesn't use it's CallbackInfo
[05May2026 00:44:06.593] [modloading-worker-0/DEBUG] [net.neoforged.fml.javafmlmod.AutomaticEventSubscriber/LOADING]: Attempting to inject @EventBusSubscriber classes into the eventbus for ftbchunks
[05May2026 00:44:06.688] [modloading-worker-0/INFO] [net.creeperhost.ftbbackups.repack.org.quartz.impl.StdSchedulerFactory/]: Using default implementation for ThreadExecutor
[05May2026 00:44:06.719] [modloading-worker-0/INFO] [net.creeperhost.ftbbackups.repack.org.quartz.core.SchedulerSignalerImpl/]: Initialized Scheduler Signaller of type: class net.creeperhost.ftbbackups.repack.org.quartz.core.SchedulerSignalerImpl
[05May2026 00:44:06.720] [modloading-worker-0/INFO] [net.creeperhost.ftbbackups.repack.org.quartz.core.QuartzScheduler/]: Quartz Scheduler v.2.0.2 created.
[05May2026 00:44:06.724] [modloading-worker-0/INFO] [net.creeperhost.ftbbackups.repack.org.quartz.simpl.RAMJobStore/]: RAMJobStore initialized.
[05May2026 00:44:06.726] [modloading-worker-0/INFO] [net.creeperhost.ftbbackups.repack.org.quartz.core.QuartzScheduler/]: Scheduler meta-data: Quartz Scheduler (v2.0.2) 'ftbbackups2' with instanceId 'NON_CLUSTERED'
  Scheduler class: 'net.creeperhost.ftbbackups.repack.org.quartz.core.QuartzScheduler' - running locally.
  NOT STARTED.
  Currently in standby mode.
  Number of jobs executed: 0
  Using thread pool 'net.creeperhost.ftbbackups.repack.org.quartz.simpl.SimpleThreadPool' - with 1 threads.
  Using job-store 'net.creeperhost.ftbbackups.repack.org.quartz.simpl.RAMJobStore' - which does not support persistence. and is not clustered.

[05May2026 00:44:06.726] [modloading-worker-0/INFO] [net.creeperhost.ftbbackups.repack.org.quartz.impl.StdSchedulerFactory/]: Quartz scheduler 'ftbbackups2' initialized from an externally provided properties instance.
[05May2026 00:44:06.726] [modloading-worker-0/INFO] [net.creeperhost.ftbbackups.repack.org.quartz.impl.StdSchedulerFactory/]: Quartz scheduler version: 2.0.2
[05May2026 00:44:06.737] [modloading-worker-0/INFO] [net.creeperhost.ftbbackups.repack.org.quartz.core.QuartzScheduler/]: Scheduler ftbbackups2_$_NON_CLUSTERED started.
[05May2026 00:44:06.737] [ftbbackups2_QuartzSchedulerThread/DEBUG] [net.creeperhost.ftbbackups.repack.org.quartz.core.QuartzSchedulerThread/]: batch acquisition of 0 triggers
[05May2026 00:44:06.738] [modloading-worker-0/DEBUG] [net.neoforged.fml.javafmlmod.AutomaticEventSubscriber/LOADING]: Attempting to inject @EventBusSubscriber classes into the eventbus for ftbbackups2
[05May2026 00:44:06.738] [ftbbackups2_QuartzSchedulerThread/DEBUG] [net.creeperhost.ftbbackups.repack.org.quartz.core.QuartzSchedulerThread/]: batch acquisition of 0 triggers
[05May2026 00:44:06.758] [modloading-worker-0/INFO] [Inventory Profiles Next/]: [Inventory Profiles Next] Inventory Profiles Next - init in Kotlin
[05May2026 00:44:06.764] [modloading-worker-0/DEBUG] [thedarkcolour.kotlinforforge.neoforge.LoggerKt/LOADING]: Attempting to inject @EventBusSubscriber kotlin objects in to the event bus for inventoryprofilesnext
[05May2026 00:44:06.805] [modloading-worker-0/INFO] [thedarkcolour.kotlinforforge.neoforge.test.KotlinForForge/]: Kotlin For Forge Enabled!
[05May2026 00:44:06.805] [modloading-worker-0/DEBUG] [thedarkcolour.kotlinforforge.neoforge.LoggerKt/LOADING]: Attempting to inject @EventBusSubscriber kotlin objects in to the event bus for kotlinforforge
[05May2026 00:44:06.806] [modloading-worker-0/DEBUG] [thedarkcolour.kotlinforforge.neoforge.LoggerKt/LOADING]: Attempting to inject @EventBusSubscriber kotlin objects in to the event bus for libipn
[05May2026 00:44:06.834] [modloading-worker-0/DEBUG] [net.neoforged.fml.javafmlmod.AutomaticEventSubscriber/LOADING]: Attempting to inject @EventBusSubscriber classes into the eventbus for ftbquests
[05May2026 00:44:06.853] [modloading-worker-0/DEBUG] [net.neoforged.fml.javafmlmod.AutomaticEventSubscriber/LOADING]: Attempting to inject @EventBusSubscriber classes into the eventbus for apotheosis
[05May2026 00:44:06.854] [modloading-worker-0/DEBUG] [net.neoforged.fml.javafmlmod.AutomaticEventSubscriber/LOADING]: Scanning class dev.shadowsoffire.apotheosis.client.AffixItemEffectRenderer for @SubscribeEvent-annotated methods
[05May2026 00:44:06.854] [modloading-worker-0/DEBUG] [net.neoforged.fml.javafmlmod.AutomaticEventSubscriber/]: Subscribing @EventBusSubscriber class Ldev/shadowsoffire/apotheosis/client/AffixItemEffectRenderer; to the game event bus
[05May2026 00:44:06.873] [modloading-worker-0/DEBUG] [net.neoforged.fml.javafmlmod.AutomaticEventSubscriber/LOADING]: Scanning class dev.shadowsoffire.apotheosis.client.AdventureModuleClient for @SubscribeEvent-annotated methods
[05May2026 00:44:06.881] [modloading-worker-0/DEBUG] [net.neoforged.fml.javafmlmod.AutomaticEventSubscriber/LOADING]: Found mix of game bus and mod bus listeners in @EventBusSubscriber class Ldev/shadowsoffire/apotheosis/client/AdventureModuleClient;, registering them separately
[05May2026 00:44:06.881] [modloading-worker-0/DEBUG] [net.neoforged.fml.javafmlmod.AutomaticEventSubscriber/LOADING]: Subscribing method public static void dev.shadowsoffire.apotheosis.client.AdventureModuleClient.setup(net.neoforged.fml.event.lifecycle.FMLClientSetupEvent) to the event bus of mod apotheosis
[05May2026 00:44:06.882] [modloading-worker-0/DEBUG] [net.neoforged.fml.javafmlmod.AutomaticEventSubscriber/LOADING]: Subscribing method public static void dev.shadowsoffire.apotheosis.client.AdventureModuleClient.keys(net.neoforged.neoforge.client.event.RegisterKeyMappingsEvent) to the event bus of mod apotheosis
[05May2026 00:44:06.883] [modloading-worker-0/DEBUG] [net.neoforged.fml.javafmlmod.AutomaticEventSubscriber/LOADING]: Subscribing method public static void dev.shadowsoffire.apotheosis.client.AdventureModuleClient.factories(net.neoforged.neoforge.client.event.RegisterParticleProvidersEvent) to the event bus of mod apotheosis
[05May2026 00:44:06.884] [modloading-worker-0/DEBUG] [net.neoforged.fml.javafmlmod.AutomaticEventSubscriber/LOADING]: Subscribing method public static void dev.shadowsoffire.apotheosis.client.AdventureModuleClient.screens(net.neoforged.neoforge.client.event.RegisterMenuScreensEvent) to the event bus of mod apotheosis
[05May2026 00:44:06.884] [modloading-worker-0/DEBUG] [net.neoforged.fml.javafmlmod.AutomaticEventSubscriber/LOADING]: Subscribing method public static void dev.shadowsoffire.apotheosis.client.AdventureModuleClient.tooltipComps(net.neoforged.neoforge.client.event.RegisterClientTooltipComponentFactoriesEvent) to the event bus of mod apotheosis
[05May2026 00:44:06.884] [modloading-worker-0/DEBUG] [net.neoforged.fml.javafmlmod.AutomaticEventSubscriber/LOADING]: Subscribing method public static void dev.shadowsoffire.apotheosis.client.AdventureModuleClient.addGemModels(net.neoforged.neoforge.client.event.ModelEvent$RegisterAdditional) to the event bus of mod apotheosis
[05May2026 00:44:06.884] [modloading-worker-0/DEBUG] [net.neoforged.fml.javafmlmod.AutomaticEventSubscriber/LOADING]: Subscribing method public static void dev.shadowsoffire.apotheosis.client.AdventureModuleClient.replaceGemModel(net.neoforged.neoforge.client.event.ModelEvent$ModifyBakingResult) to the event bus of mod apotheosis
[05May2026 00:44:06.885] [modloading-worker-0/DEBUG] [net.neoforged.fml.javafmlmod.AutomaticEventSubscriber/LOADING]: Subscribing method public static void dev.shadowsoffire.apotheosis.client.AdventureModuleClient.shaderRegistry(net.neoforged.neoforge.client.event.RegisterShadersEvent) throws java.io.IOException to the event bus of mod apotheosis
[05May2026 00:44:06.885] [modloading-worker-0/DEBUG] [net.neoforged.fml.javafmlmod.AutomaticEventSubscriber/LOADING]: Subscribing method public static void dev.shadowsoffire.apotheosis.client.AdventureModuleClient.colors(net.neoforged.neoforge.client.event.RegisterColorHandlersEvent$Item) to the event bus of mod apotheosis
[05May2026 00:44:06.885] [modloading-worker-0/DEBUG] [net.neoforged.fml.javafmlmod.AutomaticEventSubscriber/LOADING]: Subscribing method public static void dev.shadowsoffire.apotheosis.client.AdventureModuleClient.models(net.neoforged.neoforge.client.event.ModelEvent$RegisterAdditional) to the event bus of mod apotheosis
[05May2026 00:44:06.885] [modloading-worker-0/DEBUG] [net.neoforged.fml.javafmlmod.AutomaticEventSubscriber/LOADING]: Subscribing method public static void dev.shadowsoffire.apotheosis.client.AdventureModuleClient.time(net.neoforged.neoforge.client.event.ClientTickEvent$Post) to the game event bus
[05May2026 00:44:06.887] [modloading-worker-0/DEBUG] [net.neoforged.fml.javafmlmod.AutomaticEventSubscriber/LOADING]: Subscribing method public static void dev.shadowsoffire.apotheosis.client.AdventureModuleClient.login(net.neoforged.neoforge.client.event.ClientPlayerNetworkEvent$LoggingIn) to the game event bus
[05May2026 00:44:06.887] [modloading-worker-0/DEBUG] [net.neoforged.fml.javafmlmod.AutomaticEventSubscriber/LOADING]: Subscribing method public static void dev.shadowsoffire.apotheosis.client.AdventureModuleClient.showBlacklistedPotions(net.neoforged.neoforge.event.entity.player.ItemTooltipEvent) to the game event bus
[05May2026 00:44:06.887] [modloading-worker-0/DEBUG] [net.neoforged.fml.javafmlmod.AutomaticEventSubscriber/LOADING]: Subscribing method public static void dev.shadowsoffire.apotheosis.client.AdventureModuleClient.renderCanSocketTooltip(net.neoforged.neoforge.client.event.ScreenEvent$Render$Post) to the game event bus
[05May2026 00:44:06.888] [modloading-worker-0/DEBUG] [net.neoforged.fml.javafmlmod.AutomaticEventSubscriber/LOADING]: Subscribing method public static void dev.shadowsoffire.apotheosis.client.AdventureModuleClient.render(net.neoforged.neoforge.client.event.RenderLevelStageEvent) to the game event bus
[05May2026 00:44:06.888] [modloading-worker-0/DEBUG] [net.neoforged.fml.javafmlmod.AutomaticEventSubscriber/LOADING]: Subscribing method public static void dev.shadowsoffire.apotheosis.client.AdventureModuleClient.comps(net.neoforged.neoforge.client.event.RenderTooltipEvent$GatherComponents) to the game event bus
[05May2026 00:44:06.888] [modloading-worker-0/DEBUG] [net.neoforged.fml.javafmlmod.AutomaticEventSubscriber/LOADING]: Subscribing method public static void dev.shadowsoffire.apotheosis.client.AdventureModuleClient.tooltips(net.neoforged.neoforge.client.event.AddAttributeTooltipsEvent) to the game event bus
[05May2026 00:44:06.890] [modloading-worker-0/DEBUG] [net.neoforged.fml.javafmlmod.AutomaticEventSubscriber/LOADING]: Subscribing method public static void dev.shadowsoffire.apotheosis.client.AdventureModuleClient.ignoreSocketUUIDS(net.neoforged.neoforge.client.event.GatherSkippedAttributeTooltipsEvent) to the game event bus
[05May2026 00:44:06.890] [modloading-worker-0/DEBUG] [net.neoforged.fml.javafmlmod.AutomaticEventSubscriber/LOADING]: Subscribing method public static void dev.shadowsoffire.apotheosis.client.AdventureModuleClient.compareItems(net.neoforged.neoforge.client.event.RenderTooltipEvent$Pre) to the game event bus
[05May2026 00:44:06.890] [modloading-worker-0/DEBUG] [net.neoforged.fml.javafmlmod.AutomaticEventSubscriber/LOADING]: Subscribing method public static void dev.shadowsoffire.apotheosis.client.AdventureModuleClient.affixTooltips(net.neoforged.neoforge.event.entity.player.ItemTooltipEvent) to the game event bus
[05May2026 00:44:06.891] [modloading-worker-0/DEBUG] [mixin/]: Mixing ClientLanguagesMixin from moonlight.mixins.json into net.minecraft.client.resources.language.ClientLanguage
[05May2026 00:44:06.891] [modloading-worker-0/DEBUG] [mixin/]: moonlight.mixins.json:ClientLanguagesMixin from mod moonlight: Class version 65 required is higher than the class version supported by the current version of Mixin (JAVA_17 supports class version 61)
[05May2026 00:44:06.891] [modloading-worker-0/DEBUG] [mixin/]: Renaming synthetic method lambda$moonlight$addDynamicEntries2$2(Ljava/util/Map;Ljava/lang/String;Ljava/lang/String;)V to md9b8020$moonlight$lambda$moonlight$addDynamicEntries2$2$0 in moonlight.mixins.json:ClientLanguagesMixin from mod moonlight
[05May2026 00:44:06.891] [modloading-worker-0/DEBUG] [mixin/]: Renaming synthetic method lambda$moonlight$addDynamicEntries2$1(Ljava/lang/String;Ljava/lang/String;)Lcom/google/gson/JsonParseException; to md9b8020$moonlight$lambda$moonlight$addDynamicEntries2$1$1 in moonlight.mixins.json:ClientLanguagesMixin from mod moonlight
[05May2026 00:44:06.891] [modloading-worker-0/DEBUG] [mixin/]: Renaming synthetic method lambda$moonlight$addDynamicEntries$0(Lnet/mehvahdjukaar/moonlight/api/events/AfterLanguageLoadEvent;Lnet/mehvahdjukaar/moonlight/api/set/BlockTypeRegistry;)V to md9b8020$moonlight$lambda$moonlight$addDynamicEntries$0$2 in moonlight.mixins.json:ClientLanguagesMixin from mod moonlight
[05May2026 00:44:06.902] [modloading-worker-0/DEBUG] [mixin/]: Mixing TextureAtlasHolderInvoker from emiffect.mixins.json into net.minecraft.client.resources.TextureAtlasHolder
[05May2026 00:44:06.902] [modloading-worker-0/DEBUG] [mixin/]: emiffect.mixins.json:TextureAtlasHolderInvoker from mod emiffect: Class version 65 required is higher than the class version supported by the current version of Mixin (JAVA_17 supports class version 61)
[05May2026 00:44:06.906] [modloading-worker-0/DEBUG] [mixin/]: Mixing client.MixinDebugScreenOverlay from DistantHorizons.neoforge.mixins.json into net.minecraft.client.gui.components.DebugScreenOverlay
[05May2026 00:44:06.907] [modloading-worker-0/DEBUG] [mixin/]: Mixing hud_batching.compat.MixinDebugHud from immediatelyfast-common.mixins.json into net.minecraft.client.gui.components.DebugScreenOverlay
[05May2026 00:44:06.907] [modloading-worker-0/DEBUG] [mixin/]: immediatelyfast-common.mixins.json:hud_batching.compat.MixinDebugHud from mod immediatelyfast: Class version 65 required is higher than the class version supported by the current version of Mixin (JAVA_17 supports class version 61)
[05May2026 00:44:06.907] [modloading-worker-0/DEBUG] [mixin/]: Mixing core.MixinDebugHud from immediatelyfast-common.mixins.json into net.minecraft.client.gui.components.DebugScreenOverlay
[05May2026 00:44:06.907] [modloading-worker-0/DEBUG] [mixin/]: immediatelyfast-common.mixins.json:core.MixinDebugHud from mod immediatelyfast: Class version 65 required is higher than the class version supported by the current version of Mixin (JAVA_17 supports class version 61)
[05May2026 00:44:06.908] [modloading-worker-0/DEBUG] [mixin/]: DistantHorizons.neoforge.mixins.json:client.MixinDebugScreenOverlay from mod distanthorizons->@Inject::addCustomF3(Lorg/spongepowered/asm/mixin/injection/callback/CallbackInfoReturnable;)V does use it's CallbackInfoReturnable
[05May2026 00:44:06.908] [modloading-worker-0/DEBUG] [mixin/]: DistantHorizons.neoforge.mixins.json:client.MixinDebugScreenOverlay from mod distanthorizons->@Inject::addCustomF3(Lorg/spongepowered/asm/mixin/injection/callback/CallbackInfoReturnable;)V does use it's CallbackInfoReturnable
[05May2026 00:44:06.908] [modloading-worker-0/DEBUG] [mixin/]: immediatelyfast-common.mixins.json:hud_batching.compat.MixinDebugHud from mod immediatelyfast->@Inject::fixDrawOrder(Lnet/minecraft/client/gui/GuiGraphics;Lorg/spongepowered/asm/mixin/injection/callback/CallbackInfo;)V doesn't use it's CallbackInfo
[05May2026 00:44:06.908] [modloading-worker-0/DEBUG] [mixin/]: immediatelyfast-common.mixins.json:hud_batching.compat.MixinDebugHud from mod immediatelyfast->@Inject::fixDrawOrder(Lnet/minecraft/client/gui/GuiGraphics;Lorg/spongepowered/asm/mixin/injection/callback/CallbackInfo;)V has 0 override(s) in child classes
[05May2026 00:44:06.908] [modloading-worker-0/DEBUG] [mixin/]: immediatelyfast-common.mixins.json:hud_batching.compat.MixinDebugHud from mod immediatelyfast->@Inject::fixDrawOrder(Lnet/minecraft/client/gui/GuiGraphics;Lorg/spongepowered/asm/mixin/injection/callback/CallbackInfo;)V won't be passed a CallbackInfo as a result
[05May2026 00:44:06.908] [modloading-worker-0/DEBUG] [mixin/]: immediatelyfast-common.mixins.json:core.MixinDebugHud from mod immediatelyfast->@Inject::appendAllocationInfo(Lorg/spongepowered/asm/mixin/injection/callback/CallbackInfoReturnable;)V does use it's CallbackInfoReturnable
[05May2026 00:44:06.908] [modloading-worker-0/DEBUG] [mixin/]: immediatelyfast-common.mixins.json:core.MixinDebugHud from mod immediatelyfast->@Inject::appendAllocationInfo(Lorg/spongepowered/asm/mixin/injection/callback/CallbackInfoReturnable;)V does use it's CallbackInfoReturnable
[05May2026 00:44:06.911] [modloading-worker-0/DEBUG] [mixin/]: Mixing BlockRenderDispatcherMixin from fusion.mixins.json into net.minecraft.client.renderer.block.BlockRenderDispatcher
[05May2026 00:44:06.911] [modloading-worker-0/DEBUG] [mixin/]: fusion.mixins.json:BlockRenderDispatcherMixin from mod fusion: Class version 65 required is higher than the class version supported by the current version of Mixin (JAVA_17 supports class version 61)
[05May2026 00:44:06.913] [modloading-worker-0/DEBUG] [mixin/]: fusion.mixins.json:BlockRenderDispatcherMixin from mod fusion->@Inject::renderBreakingTextureHead(Lorg/spongepowered/asm/mixin/injection/callback/CallbackInfo;)V doesn't use it's CallbackInfo
[05May2026 00:44:06.913] [modloading-worker-0/DEBUG] [mixin/]: fusion.mixins.json:BlockRenderDispatcherMixin from mod fusion->@Inject::renderBreakingTextureHead(Lorg/spongepowered/asm/mixin/injection/callback/CallbackInfo;)V has 0 override(s) in child classes
[05May2026 00:44:06.913] [modloading-worker-0/DEBUG] [mixin/]: fusion.mixins.json:BlockRenderDispatcherMixin from mod fusion->@Inject::renderBreakingTextureHead(Lorg/spongepowered/asm/mixin/injection/callback/CallbackInfo;)V won't be passed a CallbackInfo as a result
[05May2026 00:44:06.913] [modloading-worker-0/DEBUG] [mixin/]: fusion.mixins.json:BlockRenderDispatcherMixin from mod fusion->@Inject::renderBreakingTextureTail(Lorg/spongepowered/asm/mixin/injection/callback/CallbackInfo;)V doesn't use it's CallbackInfo
[05May2026 00:44:06.913] [modloading-worker-0/DEBUG] [mixin/]: fusion.mixins.json:BlockRenderDispatcherMixin from mod fusion->@Inject::renderBreakingTextureTail(Lorg/spongepowered/asm/mixin/injection/callback/CallbackInfo;)V has 0 override(s) in child classes
[05May2026 00:44:06.913] [modloading-worker-0/DEBUG] [mixin/]: fusion.mixins.json:BlockRenderDispatcherMixin from mod fusion->@Inject::renderBreakingTextureTail(Lorg/spongepowered/asm/mixin/injection/callback/CallbackInfo;)V won't be passed a CallbackInfo as a result
[05May2026 00:44:06.914] [modloading-worker-0/DEBUG] [mixin/]: Mixing ModelManagerMixin from fusion.mixins.json into net.minecraft.client.resources.model.ModelManager
[05May2026 00:44:06.914] [modloading-worker-0/DEBUG] [mixin/]: fusion.mixins.json:ModelManagerMixin from mod fusion: Class version 65 required is higher than the class version supported by the current version of Mixin (JAVA_17 supports class version 61)
[05May2026 00:44:06.916] [modloading-worker-0/DEBUG] [mixin/]: Mixing accessor.BakedModelManagerAccessor from emi.mixins.json into net.minecraft.client.resources.model.ModelManager
[05May2026 00:44:06.916] [modloading-worker-0/DEBUG] [mixin/]: emi.mixins.json:accessor.BakedModelManagerAccessor from mod emi: Class version 65 required is higher than the class version supported by the current version of Mixin (JAVA_17 supports class version 61)
[05May2026 00:44:06.917] [modloading-worker-0/DEBUG] [mixin/]: fusion.mixins.json:ModelManagerMixin from mod fusion->@Inject::reloadModelModifiers(Lnet/minecraft/server/packs/resources/ResourceManager;Lorg/spongepowered/asm/mixin/injection/callback/CallbackInfoReturnable;)V doesn't use it's CallbackInfoReturnable
[05May2026 00:44:06.917] [modloading-worker-0/DEBUG] [mixin/]: fusion.mixins.json:ModelManagerMixin from mod fusion->@Inject::registerBlockModelOverlays(Lnet/minecraft/util/profiling/ProfilerFiller;Ljava/util/Map;Lnet/minecraft/client/resources/model/ModelBakery;Lorg/spongepowered/asm/mixin/injection/callback/CallbackInfoReturnable;)V doesn't use it's CallbackInfoReturnable
[05May2026 00:44:06.917] [modloading-worker-0/DEBUG] [mixin/]: fusion.mixins.json:ModelManagerMixin from mod fusion->@Inject::registerBlockModelOverlays(Lnet/minecraft/util/profiling/ProfilerFiller;Ljava/util/Map;Lnet/minecraft/client/resources/model/ModelBakery;Lorg/spongepowered/asm/mixin/injection/callback/CallbackInfoReturnable;)V has 0 override(s) in child classes
[05May2026 00:44:06.917] [modloading-worker-0/DEBUG] [mixin/]: fusion.mixins.json:ModelManagerMixin from mod fusion->@Inject::registerBlockModelOverlays(Lnet/minecraft/util/profiling/ProfilerFiller;Ljava/util/Map;Lnet/minecraft/client/resources/model/ModelBakery;Lorg/spongepowered/asm/mixin/injection/callback/CallbackInfoReturnable;)V won't be passed a CallbackInfoReturnable as a result
[05May2026 00:44:06.917] [modloading-worker-0/DEBUG] [mixin/]: fusion.mixins.json:ModelManagerMixin from mod fusion->@Inject::applyBlockModelOverlays(Lnet/minecraft/util/profiling/ProfilerFiller;Ljava/util/Map;Lnet/minecraft/client/resources/model/ModelBakery;Lorg/spongepowered/asm/mixin/injection/callback/CallbackInfoReturnable;)V doesn't use it's CallbackInfoReturnable
[05May2026 00:44:06.917] [modloading-worker-0/DEBUG] [mixin/]: fusion.mixins.json:ModelManagerMixin from mod fusion->@Inject::applyBlockModelOverlays(Lnet/minecraft/util/profiling/ProfilerFiller;Ljava/util/Map;Lnet/minecraft/client/resources/model/ModelBakery;Lorg/spongepowered/asm/mixin/injection/callback/CallbackInfoReturnable;)V has 0 override(s) in child classes
[05May2026 00:44:06.917] [modloading-worker-0/DEBUG] [mixin/]: fusion.mixins.json:ModelManagerMixin from mod fusion->@Inject::applyBlockModelOverlays(Lnet/minecraft/util/profiling/ProfilerFiller;Ljava/util/Map;Lnet/minecraft/client/resources/model/ModelBakery;Lorg/spongepowered/asm/mixin/injection/callback/CallbackInfoReturnable;)V won't be passed a CallbackInfoReturnable as a result
[05May2026 00:44:06.920] [modloading-worker-0/DEBUG] [mixin/]: Mixing MixinLevelStorageAccess from xaeroworldmap.mixins.json into net.minecraft.world.level.storage.LevelStorageSource$LevelStorageAccess
[05May2026 00:44:06.920] [modloading-worker-0/DEBUG] [mixin/]: xaeroworldmap.mixins.json:MixinLevelStorageAccess from mod xaeroworldmap: Class version 65 required is higher than the class version supported by the current version of Mixin (JAVA_17 supports class version 61)
[05May2026 00:44:06.922] [modloading-worker-0/DEBUG] [mixin/]: Mixing MixinLevelStorageAccess from xaerohud.mixins.json into net.minecraft.world.level.storage.LevelStorageSource$LevelStorageAccess
[05May2026 00:44:06.922] [modloading-worker-0/DEBUG] [mixin/]: xaerohud.mixins.json:MixinLevelStorageAccess from mod xaerominimap: Class version 65 required is higher than the class version supported by the current version of Mixin (JAVA_17 supports class version 61)
[05May2026 00:44:06.922] [modloading-worker-0/DEBUG] [mixin/]: xaeroworldmap.mixins.json:MixinLevelStorageAccess from mod xaeroworldmap->@Inject::onDeleteLevel(Lorg/spongepowered/asm/mixin/injection/callback/CallbackInfo;)V doesn't use it's CallbackInfo
[05May2026 00:44:06.922] [modloading-worker-0/DEBUG] [mixin/]: xaeroworldmap.mixins.json:MixinLevelStorageAccess from mod xaeroworldmap->@Inject::onDeleteLevel(Lorg/spongepowered/asm/mixin/injection/callback/CallbackInfo;)V has 0 override(s) in child classes
[05May2026 00:44:06.922] [modloading-worker-0/DEBUG] [mixin/]: xaeroworldmap.mixins.json:MixinLevelStorageAccess from mod xaeroworldmap->@Inject::onDeleteLevel(Lorg/spongepowered/asm/mixin/injection/callback/CallbackInfo;)V won't be passed a CallbackInfo as a result
[05May2026 00:44:06.922] [modloading-worker-0/DEBUG] [mixin/]: xaerohud.mixins.json:MixinLevelStorageAccess from mod xaerominimap->@Inject::onDeleteLevel(Lorg/spongepowered/asm/mixin/injection/callback/CallbackInfo;)V doesn't use it's CallbackInfo
[05May2026 00:44:06.922] [modloading-worker-0/DEBUG] [mixin/]: xaerohud.mixins.json:MixinLevelStorageAccess from mod xaerominimap->@Inject::onDeleteLevel(Lorg/spongepowered/asm/mixin/injection/callback/CallbackInfo;)V has 0 override(s) in child classes
[05May2026 00:44:06.922] [modloading-worker-0/DEBUG] [mixin/]: xaerohud.mixins.json:MixinLevelStorageAccess from mod xaerominimap->@Inject::onDeleteLevel(Lorg/spongepowered/asm/mixin/injection/callback/CallbackInfo;)V won't be passed a CallbackInfo as a result
[05May2026 00:44:06.923] [modloading-worker-0/DEBUG] [mixin/]: Mixing feature.suppress_narrator_stacktrace.GameNarratorMixin from modernfix-modernfix.mixins.json into net.minecraft.client.GameNarrator
[05May2026 00:44:06.927] [modloading-worker-0/DEBUG] [mixin/]: Mixing MixinChatListener from xaeroworldmap.mixins.json into net.minecraft.client.multiplayer.chat.ChatListener
[05May2026 00:44:06.927] [modloading-worker-0/DEBUG] [mixin/]: xaeroworldmap.mixins.json:MixinChatListener from mod xaeroworldmap: Class version 65 required is higher than the class version supported by the current version of Mixin (JAVA_17 supports class version 61)
[05May2026 00:44:06.927] [modloading-worker-0/DEBUG] [mixin/]: Mixing client.MixinChatListener from mixins/common/nochatreports.mixins.json into net.minecraft.client.multiplayer.chat.ChatListener
[05May2026 00:44:06.938] [modloading-worker-0/DEBUG] [mixin/]: Mixing MixinChatListener from xaerohud.mixins.json into net.minecraft.client.multiplayer.chat.ChatListener
[05May2026 00:44:06.938] [modloading-worker-0/DEBUG] [mixin/]: xaerohud.mixins.json:MixinChatListener from mod xaerominimap: Class version 65 required is higher than the class version supported by the current version of Mixin (JAVA_17 supports class version 61)
[05May2026 00:44:06.941] [modloading-worker-0/DEBUG] [mixin/]: xaeroworldmap.mixins.json:MixinChatListener from mod xaeroworldmap->@Inject::onHandleDisguisedChatMessag(Lnet/minecraft/network/chat/Component;Lnet/minecraft/network/chat/ChatType$Bound;Lorg/spongepowered/asm/mixin/injection/callback/CallbackInfo;)V does use it's CallbackInfo
[05May2026 00:44:06.941] [modloading-worker-0/DEBUG] [mixin/]: xaeroworldmap.mixins.json:MixinChatListener from mod xaeroworldmap->@Inject::onHandleSystemChat(Lnet/minecraft/network/chat/Component;ZLorg/spongepowered/asm/mixin/injection/callback/CallbackInfo;)V does use it's CallbackInfo
[05May2026 00:44:06.941] [modloading-worker-0/DEBUG] [mixin/]: mixins/common/nochatreports.mixins.json:client.MixinChatListener from mod nochatreports->@Inject::onHandleSystemMessage(Lnet/minecraft/network/chat/Component;ZLorg/spongepowered/asm/mixin/injection/callback/CallbackInfo;)V does use it's CallbackInfo
[05May2026 00:44:06.941] [modloading-worker-0/DEBUG] [mixin/]: mixins/common/nochatreports.mixins.json:client.MixinChatListener from mod nochatreports->@Inject::onEvaluateTrustLevel(Lnet/minecraft/network/chat/PlayerChatMessage;Lnet/minecraft/network/chat/Component;Ljava/time/Instant;Lorg/spongepowered/asm/mixin/injection/callback/CallbackInfoReturnable;)V does use it's CallbackInfoReturnable
[05May2026 00:44:06.941] [modloading-worker-0/DEBUG] [mixin/]: xaerohud.mixins.json:MixinChatListener from mod xaerominimap->@Inject::onHandleDisguisedChatMessag(Lnet/minecraft/network/chat/Component;Lnet/minecraft/network/chat/ChatType$Bound;Lorg/spongepowered/asm/mixin/injection/callback/CallbackInfo;)V does use it's CallbackInfo
[05May2026 00:44:06.941] [modloading-worker-0/DEBUG] [mixin/]: xaerohud.mixins.json:MixinChatListener from mod xaerominimap->@Inject::onHandleSystemChat(Lnet/minecraft/network/chat/Component;ZLorg/spongepowered/asm/mixin/injection/callback/CallbackInfo;)V does use it's CallbackInfo
[05May2026 00:44:06.943] [modloading-worker-0/DEBUG] [mixin/]: Mixing safety.BlockColorsMixin from modernfix-modernfix.mixins.json into net.minecraft.client.color.block.BlockColors
[05May2026 00:44:06.944] [modloading-worker-0/DEBUG] [mixin/]: modernfix-modernfix.mixins.json:safety.BlockColorsMixin from mod modernfix->@Inject::lockMapBeforeAccess(Lorg/spongepowered/asm/mixin/injection/callback/CallbackInfo;)V doesn't use it's CallbackInfo
[05May2026 00:44:06.944] [modloading-worker-0/DEBUG] [mixin/]: modernfix-modernfix.mixins.json:safety.BlockColorsMixin from mod modernfix->@Inject::lockMapBeforeAccess(Lorg/spongepowered/asm/mixin/injection/callback/CallbackInfo;)V has 0 override(s) in child classes
[05May2026 00:44:06.944] [modloading-worker-0/DEBUG] [mixin/]: modernfix-modernfix.mixins.json:safety.BlockColorsMixin from mod modernfix->@Inject::lockMapBeforeAccess(Lorg/spongepowered/asm/mixin/injection/callback/CallbackInfo;)V won't be passed a CallbackInfo as a result
[05May2026 00:44:06.944] [modloading-worker-0/DEBUG] [mixin/]: modernfix-modernfix.mixins.json:safety.BlockColorsMixin from mod modernfix->@Inject::unlockMap(Lorg/spongepowered/asm/mixin/injection/callback/CallbackInfo;)V doesn't use it's CallbackInfo
[05May2026 00:44:06.944] [modloading-worker-0/DEBUG] [mixin/]: modernfix-modernfix.mixins.json:safety.BlockColorsMixin from mod modernfix->@Inject::unlockMap(Lorg/spongepowered/asm/mixin/injection/callback/CallbackInfo;)V has 0 override(s) in child classes
[05May2026 00:44:06.944] [modloading-worker-0/DEBUG] [mixin/]: modernfix-modernfix.mixins.json:safety.BlockColorsMixin from mod modernfix->@Inject::unlockMap(Lorg/spongepowered/asm/mixin/injection/callback/CallbackInfo;)V won't be passed a CallbackInfo as a result
[05May2026 00:44:06.946] [modloading-worker-0/DEBUG] [mixin/]: Mixing safety.ItemColorsMixin from modernfix-modernfix.mixins.json into net.minecraft.client.color.item.ItemColors
[05May2026 00:44:06.946] [modloading-worker-0/DEBUG] [mixin/]: modernfix-modernfix.mixins.json:safety.ItemColorsMixin from mod modernfix->@Inject::lockMapBeforeAccess(Lorg/spongepowered/asm/mixin/injection/callback/CallbackInfo;)V doesn't use it's CallbackInfo
[05May2026 00:44:06.946] [modloading-worker-0/DEBUG] [mixin/]: modernfix-modernfix.mixins.json:safety.ItemColorsMixin from mod modernfix->@Inject::lockMapBeforeAccess(Lorg/spongepowered/asm/mixin/injection/callback/CallbackInfo;)V has 0 override(s) in child classes
[05May2026 00:44:06.946] [modloading-worker-0/DEBUG] [mixin/]: modernfix-modernfix.mixins.json:safety.ItemColorsMixin from mod modernfix->@Inject::lockMapBeforeAccess(Lorg/spongepowered/asm/mixin/injection/callback/CallbackInfo;)V won't be passed a CallbackInfo as a result
[05May2026 00:44:06.946] [modloading-worker-0/DEBUG] [mixin/]: modernfix-modernfix.mixins.json:safety.ItemColorsMixin from mod modernfix->@Inject::unlockMap(Lorg/spongepowered/asm/mixin/injection/callback/CallbackInfo;)V doesn't use it's CallbackInfo
[05May2026 00:44:06.946] [modloading-worker-0/DEBUG] [mixin/]: modernfix-modernfix.mixins.json:safety.ItemColorsMixin from mod modernfix->@Inject::unlockMap(Lorg/spongepowered/asm/mixin/injection/callback/CallbackInfo;)V has 0 override(s) in child classes
[05May2026 00:44:06.946] [modloading-worker-0/DEBUG] [mixin/]: modernfix-modernfix.mixins.json:safety.ItemColorsMixin from mod modernfix->@Inject::unlockMap(Lorg/spongepowered/asm/mixin/injection/callback/CallbackInfo;)V won't be passed a CallbackInfo as a result
[05May2026 00:44:06.948] [modloading-worker-0/DEBUG] [mixin/]: Mixing EntityModelSetMixin from fusion.mixins.json into net.minecraft.client.model.geom.EntityModelSet
[05May2026 00:44:06.948] [modloading-worker-0/DEBUG] [mixin/]: fusion.mixins.json:EntityModelSetMixin from mod fusion: Class version 65 required is higher than the class version supported by the current version of Mixin (JAVA_17 supports class version 61)
[05May2026 00:44:06.951] [modloading-worker-0/DEBUG] [mixin/]: fusion.mixins.json:EntityModelSetMixin from mod fusion->@Inject::loadFusionEntityModels(Lnet/minecraft/server/packs/resources/ResourceManager;Lorg/spongepowered/asm/mixin/injection/callback/CallbackInfo;)V doesn't use it's CallbackInfo
[05May2026 00:44:06.951] [modloading-worker-0/DEBUG] [mixin/]: fusion.mixins.json:EntityModelSetMixin from mod fusion->@Inject::loadFusionEntityModels(Lnet/minecraft/server/packs/resources/ResourceManager;Lorg/spongepowered/asm/mixin/injection/callback/CallbackInfo;)V has 0 override(s) in child classes
[05May2026 00:44:06.951] [modloading-worker-0/DEBUG] [mixin/]: fusion.mixins.json:EntityModelSetMixin from mod fusion->@Inject::loadFusionEntityModels(Lnet/minecraft/server/packs/resources/ResourceManager;Lorg/spongepowered/asm/mixin/injection/callback/CallbackInfo;)V won't be passed a CallbackInfo as a result
[05May2026 00:44:06.955] [modloading-worker-0/DEBUG] [mixin/]: Mixing core.MixinTextureManager from immediatelyfast-common.mixins.json into net.minecraft.client.renderer.texture.TextureManager
[05May2026 00:44:06.955] [modloading-worker-0/DEBUG] [mixin/]: immediatelyfast-common.mixins.json:core.MixinTextureManager from mod immediatelyfast: Class version 65 required is higher than the class version supported by the current version of Mixin (JAVA_17 supports class version 61)
[05May2026 00:44:06.955] [modloading-worker-0/DEBUG] [mixin/]: Mixing client.TextureManagerMixin from geckolib.mixins.json into net.minecraft.client.renderer.texture.TextureManager
[05May2026 00:44:06.955] [modloading-worker-0/DEBUG] [mixin/]: geckolib.mixins.json:client.TextureManagerMixin from mod geckolib: Class version 65 required is higher than the class version supported by the current version of Mixin (JAVA_17 supports class version 61)
[05May2026 00:44:06.957] [modloading-worker-0/DEBUG] [mixin/]: immediatelyfast-common.mixins.json:core.MixinTextureManager from mod immediatelyfast->@Inject::removeDestroyedTexture(Lnet/minecraft/resources/ResourceLocation;Lorg/spongepowered/asm/mixin/injection/callback/CallbackInfo;)V doesn't use it's CallbackInfo
[05May2026 00:44:06.957] [modloading-worker-0/DEBUG] [mixin/]: immediatelyfast-common.mixins.json:core.MixinTextureManager from mod immediatelyfast->@Inject::removeDestroyedTexture(Lnet/minecraft/resources/ResourceLocation;Lorg/spongepowered/asm/mixin/injection/callback/CallbackInfo;)V has 0 override(s) in child classes
[05May2026 00:44:06.957] [modloading-worker-0/DEBUG] [mixin/]: immediatelyfast-common.mixins.json:core.MixinTextureManager from mod immediatelyfast->@Inject::removeDestroyedTexture(Lnet/minecraft/resources/ResourceLocation;Lorg/spongepowered/asm/mixin/injection/callback/CallbackInfo;)V won't be passed a CallbackInfo as a result
[05May2026 00:44:06.959] [modloading-worker-0/DEBUG] [mixin/]: Mixing client.MixinServerData from mixins/common/nochatreports.mixins.json into net.minecraft.client.multiplayer.ServerData
[05May2026 00:44:06.960] [modloading-worker-0/DEBUG] [mixin/]: mixins/common/nochatreports.mixins.json:client.MixinServerData from mod nochatreports->@Inject::onWrite(Lorg/spongepowered/asm/mixin/injection/callback/CallbackInfoReturnable;)V does use it's CallbackInfoReturnable
[05May2026 00:44:06.960] [modloading-worker-0/DEBUG] [mixin/]: mixins/common/nochatreports.mixins.json:client.MixinServerData from mod nochatreports->@Inject::onRead(Lnet/minecraft/nbt/CompoundTag;Lorg/spongepowered/asm/mixin/injection/callback/CallbackInfoReturnable;Lnet/minecraft/client/multiplayer/ServerData;)V doesn't use it's CallbackInfoReturnable
[05May2026 00:44:06.963] [modloading-worker-0/DEBUG] [mixin/]: Mixing EntityRenderDispatcherMixin from fusion.mixins.json into net.minecraft.client.renderer.entity.EntityRenderDispatcher
[05May2026 00:44:06.963] [modloading-worker-0/DEBUG] [mixin/]: fusion.mixins.json:EntityRenderDispatcherMixin from mod fusion: Class version 65 required is higher than the class version supported by the current version of Mixin (JAVA_17 supports class version 61)
[05May2026 00:44:06.963] [modloading-worker-0/DEBUG] [mixin/]: Mixing EntityRenderDispatcherMixin from tenshilib.mixins.json into net.minecraft.client.renderer.entity.EntityRenderDispatcher
[05May2026 00:44:06.963] [modloading-worker-0/DEBUG] [mixin/]: tenshilib.mixins.json:EntityRenderDispatcherMixin from mod tenshilib: Class version 65 required is higher than the class version supported by the current version of Mixin (JAVA_16 supports class version 60)
[05May2026 00:44:06.967] [modloading-worker-0/DEBUG] [mixin/]: fusion.mixins.json:EntityRenderDispatcherMixin from mod fusion->@Inject::renderHead(Lnet/minecraft/world/entity/Entity;DDDFFLcom/mojang/blaze3d/vertex/PoseStack;Lnet/minecraft/client/renderer/MultiBufferSource;ILorg/spongepowered/asm/mixin/injection/callback/CallbackInfo;Lnet/minecraft/client/renderer/entity/EntityRenderer;)V doesn't use it's CallbackInfo
[05May2026 00:44:06.967] [modloading-worker-0/DEBUG] [mixin/]: fusion.mixins.json:EntityRenderDispatcherMixin from mod fusion->@Inject::renderHead(Lnet/minecraft/world/entity/Entity;DDDFFLcom/mojang/blaze3d/vertex/PoseStack;Lnet/minecraft/client/renderer/MultiBufferSource;ILorg/spongepowered/asm/mixin/injection/callback/CallbackInfo;Lnet/minecraft/client/renderer/entity/EntityRenderer;)V has 0 override(s) in child classes
[05May2026 00:44:06.967] [modloading-worker-0/DEBUG] [mixin/]: fusion.mixins.json:EntityRenderDispatcherMixin from mod fusion->@Inject::renderHead(Lnet/minecraft/world/entity/Entity;DDDFFLcom/mojang/blaze3d/vertex/PoseStack;Lnet/minecraft/client/renderer/MultiBufferSource;ILorg/spongepowered/asm/mixin/injection/callback/CallbackInfo;Lnet/minecraft/client/renderer/entity/EntityRenderer;)V won't be passed a CallbackInfo as a result
[05May2026 00:44:06.967] [modloading-worker-0/DEBUG] [mixin/]: fusion.mixins.json:EntityRenderDispatcherMixin from mod fusion->@Inject::renderTail(Lnet/minecraft/world/entity/Entity;DDDFFLcom/mojang/blaze3d/vertex/PoseStack;Lnet/minecraft/client/renderer/MultiBufferSource;ILorg/spongepowered/asm/mixin/injection/callback/CallbackInfo;Lnet/minecraft/client/renderer/entity/EntityRenderer;)V doesn't use it's CallbackInfo
[05May2026 00:44:06.967] [modloading-worker-0/DEBUG] [mixin/]: fusion.mixins.json:EntityRenderDispatcherMixin from mod fusion->@Inject::renderTail(Lnet/minecraft/world/entity/Entity;DDDFFLcom/mojang/blaze3d/vertex/PoseStack;Lnet/minecraft/client/renderer/MultiBufferSource;ILorg/spongepowered/asm/mixin/injection/callback/CallbackInfo;Lnet/minecraft/client/renderer/entity/EntityRenderer;)V has 0 override(s) in child classes
[05May2026 00:44:06.967] [modloading-worker-0/DEBUG] [mixin/]: fusion.mixins.json:EntityRenderDispatcherMixin from mod fusion->@Inject::renderTail(Lnet/minecraft/world/entity/Entity;DDDFFLcom/mojang/blaze3d/vertex/PoseStack;Lnet/minecraft/client/renderer/MultiBufferSource;ILorg/spongepowered/asm/mixin/injection/callback/CallbackInfo;Lnet/minecraft/client/renderer/entity/EntityRenderer;)V won't be passed a CallbackInfo as a result
[05May2026 00:44:06.967] [modloading-worker-0/DEBUG] [mixin/]: tenshilib.mixins.json:EntityRenderDispatcherMixin from mod tenshilib->@Inject::cacheStack(Lnet/minecraft/world/entity/Entity;DDDFFLcom/mojang/blaze3d/vertex/PoseStack;Lnet/minecraft/client/renderer/MultiBufferSource;ILorg/spongepowered/asm/mixin/injection/callback/CallbackInfo;)V doesn't use it's CallbackInfo
[05May2026 00:44:06.967] [modloading-worker-0/DEBUG] [mixin/]: tenshilib.mixins.json:EntityRenderDispatcherMixin from mod tenshilib->@Inject::cacheStack(Lnet/minecraft/world/entity/Entity;DDDFFLcom/mojang/blaze3d/vertex/PoseStack;Lnet/minecraft/client/renderer/MultiBufferSource;ILorg/spongepowered/asm/mixin/injection/callback/CallbackInfo;)V has 0 override(s) in child classes
[05May2026 00:44:06.967] [modloading-worker-0/DEBUG] [mixin/]: tenshilib.mixins.json:EntityRenderDispatcherMixin from mod tenshilib->@Inject::cacheStack(Lnet/minecraft/world/entity/Entity;DDDFFLcom/mojang/blaze3d/vertex/PoseStack;Lnet/minecraft/client/renderer/MultiBufferSource;ILorg/spongepowered/asm/mixin/injection/callback/CallbackInfo;)V won't be passed a CallbackInfo as a result
[05May2026 00:44:06.967] [modloading-worker-0/DEBUG] [mixin/]: tenshilib.mixins.json:EntityRenderDispatcherMixin from mod tenshilib->@Inject::cacheStackClear(Lnet/minecraft/world/entity/Entity;DDDFFLcom/mojang/blaze3d/vertex/PoseStack;Lnet/minecraft/client/renderer/MultiBufferSource;ILorg/spongepowered/asm/mixin/injection/callback/CallbackInfo;)V doesn't use it's CallbackInfo
[05May2026 00:44:06.967] [modloading-worker-0/DEBUG] [mixin/]: tenshilib.mixins.json:EntityRenderDispatcherMixin from mod tenshilib->@Inject::cacheStackClear(Lnet/minecraft/world/entity/Entity;DDDFFLcom/mojang/blaze3d/vertex/PoseStack;Lnet/minecraft/client/renderer/MultiBufferSource;ILorg/spongepowered/asm/mixin/injection/callback/CallbackInfo;)V has 0 override(s) in child classes
[05May2026 00:44:06.967] [modloading-worker-0/DEBUG] [mixin/]: tenshilib.mixins.json:EntityRenderDispatcherMixin from mod tenshilib->@Inject::cacheStackClear(Lnet/minecraft/world/entity/Entity;DDDFFLcom/mojang/blaze3d/vertex/PoseStack;Lnet/minecraft/client/renderer/MultiBufferSource;ILorg/spongepowered/asm/mixin/injection/callback/CallbackInfo;)V won't be passed a CallbackInfo as a result
[05May2026 00:44:06.969] [modloading-worker-0/DEBUG] [mixin/]: Mixing feature.remove_telemetry.ClientTelemetryManagerMixin from modernfix-modernfix.mixins.json into net.minecraft.client.telemetry.ClientTelemetryManager
[05May2026 00:44:06.970] [modloading-worker-0/DEBUG] [mixin/]: modernfix-modernfix.mixins.json:feature.remove_telemetry.ClientTelemetryManagerMixin from mod modernfix->@Inject::disableTelemetrySender(Lorg/spongepowered/asm/mixin/injection/callback/CallbackInfoReturnable;)V does use it's CallbackInfoReturnable
[05May2026 00:44:06.972] [modloading-worker-0/DEBUG] [mixin/]: Mixing perf.thread_priorities.IntegratedServerMixin from modernfix-modernfix.mixins.json into net.minecraft.client.server.IntegratedServer
[05May2026 00:44:06.972] [modloading-worker-0/DEBUG] [mixin/]: Mixing perf.suspend_integrated_server_during_load.IntegratedServerMixin from modernfix-modernfix.mixins.json into net.minecraft.client.server.IntegratedServer
[05May2026 00:44:06.976] [modloading-worker-0/DEBUG] [mixin/]: modernfix-modernfix.mixins.json:perf.thread_priorities.IntegratedServerMixin from mod modernfix->@Inject::adjustServerPriority(Ljava/lang/Thread;Lnet/minecraft/client/Minecraft;Lnet/minecraft/world/level/storage/LevelStorageSource$LevelStorageAccess;Lnet/minecraft/server/packs/repository/PackRepository;Lnet/minecraft/server/WorldStem;Lnet/minecraft/server/Services;Lnet/minecraft/server/level/progress/ChunkProgressListenerFactory;Lorg/spongepowered/asm/mixin/injection/callback/CallbackInfo;)V doesn't use it's CallbackInfo
[05May2026 00:44:06.976] [modloading-worker-0/DEBUG] [mixin/]: modernfix-modernfix.mixins.json:perf.thread_priorities.IntegratedServerMixin from mod modernfix->@Inject::adjustServerPriority(Ljava/lang/Thread;Lnet/minecraft/client/Minecraft;Lnet/minecraft/world/level/storage/LevelStorageSource$LevelStorageAccess;Lnet/minecraft/server/packs/repository/PackRepository;Lnet/minecraft/server/WorldStem;Lnet/minecraft/server/Services;Lnet/minecraft/server/level/progress/ChunkProgressListenerFactory;Lorg/spongepowered/asm/mixin/injection/callback/CallbackInfo;)V has 0 override(s) in child classes
[05May2026 00:44:06.976] [modloading-worker-0/DEBUG] [mixin/]: modernfix-modernfix.mixins.json:perf.thread_priorities.IntegratedServerMixin from mod modernfix->@Inject::adjustServerPriority(Ljava/lang/Thread;Lnet/minecraft/client/Minecraft;Lnet/minecraft/world/level/storage/LevelStorageSource$LevelStorageAccess;Lnet/minecraft/server/packs/repository/PackRepository;Lnet/minecraft/server/WorldStem;Lnet/minecraft/server/Services;Lnet/minecraft/server/level/progress/ChunkProgressListenerFactory;Lorg/spongepowered/asm/mixin/injection/callback/CallbackInfo;)V won't be passed a CallbackInfo as a result
[05May2026 00:44:06.976] [modloading-worker-0/DEBUG] [mixin/]: modernfix-modernfix.mixins.json:perf.suspend_integrated_server_during_load.IntegratedServerMixin from mod modernfix->@Inject::mfix$countTicks(Lorg/spongepowered/asm/mixin/injection/callback/CallbackInfo;)V doesn't use it's CallbackInfo
[05May2026 00:44:06.976] [modloading-worker-0/DEBUG] [mixin/]: modernfix-modernfix.mixins.json:perf.suspend_integrated_server_during_load.IntegratedServerMixin from mod modernfix->@Inject::mfix$countTicks(Lorg/spongepowered/asm/mixin/injection/callback/CallbackInfo;)V has 0 override(s) in child classes
[05May2026 00:44:06.976] [modloading-worker-0/DEBUG] [mixin/]: modernfix-modernfix.mixins.json:perf.suspend_integrated_server_during_load.IntegratedServerMixin from mod modernfix->@Inject::mfix$countTicks(Lorg/spongepowered/asm/mixin/injection/callback/CallbackInfo;)V won't be passed a CallbackInfo as a result
[05May2026 00:44:06.979] [modloading-worker-0/DEBUG] [mixin/]: Mixing perf.dedicated_reload_executor.WorldOpenFlowsMixin from modernfix-modernfix.mixins.json into net.minecraft.client.gui.screens.worldselection.WorldOpenFlows
[05May2026 00:44:06.979] [modloading-worker-0/DEBUG] [mixin/]: Mixing WorldOpenFlowsMixin from kubejs.mixins.json into net.minecraft.client.gui.screens.worldselection.WorldOpenFlows
[05May2026 00:44:06.981] [modloading-worker-0/DEBUG] [mixin/]: kubejs.mixins.json:WorldOpenFlowsMixin from mod kubejs->@Inject::printServerLogWarning(Lorg/spongepowered/asm/mixin/injection/callback/CallbackInfo;)V doesn't use it's CallbackInfo
[05May2026 00:44:06.982] [modloading-worker-0/DEBUG] [mixin/]: kubejs.mixins.json:WorldOpenFlowsMixin from mod kubejs->@Inject::printServerLogWarning(Lorg/spongepowered/asm/mixin/injection/callback/CallbackInfo;)V has 0 override(s) in child classes
[05May2026 00:44:06.982] [modloading-worker-0/DEBUG] [mixin/]: kubejs.mixins.json:WorldOpenFlowsMixin from mod kubejs->@Inject::printServerLogWarning(Lorg/spongepowered/asm/mixin/injection/callback/CallbackInfo;)V won't be passed a CallbackInfo as a result
[05May2026 00:44:06.984] [modloading-worker-0/INFO] [fzzy_config/]: Loaded config fzzy_config:keybinds in 1000ms
[05May2026 00:44:06.992] [modloading-worker-0/DEBUG] [mixin/]: Mixing ParticleEngineMixin from relics.mixins.json into net.minecraft.client.particle.ParticleEngine
[05May2026 00:44:06.994] [modloading-worker-0/DEBUG] [mixin/]: Mixing ParticleEngineAccessor from tenshilib.mixins.json into net.minecraft.client.particle.ParticleEngine
[05May2026 00:44:06.994] [modloading-worker-0/DEBUG] [mixin/]: tenshilib.mixins.json:ParticleEngineAccessor from mod tenshilib: Class version 65 required is higher than the class version supported by the current version of Mixin (JAVA_16 supports class version 60)
[05May2026 00:44:06.994] [modloading-worker-0/DEBUG] [mixin/]: Mixing NeoForgeParticleEngineMixin from tenshilib.neoforge.mixins.json into net.minecraft.client.particle.ParticleEngine
[05May2026 00:44:06.994] [modloading-worker-0/DEBUG] [mixin/]: tenshilib.neoforge.mixins.json:NeoForgeParticleEngineMixin from mod tenshilib: Class version 65 required is higher than the class version supported by the current version of Mixin (JAVA_16 supports class version 60)
[05May2026 00:44:06.996] [modloading-worker-0/DEBUG] [mixin/]: relics.mixins.json:ParticleEngineMixin from mod relics->@Inject::modifyRenderOrder(Lorg/spongepowered/asm/mixin/injection/callback/CallbackInfo;)V doesn't use it's CallbackInfo
[05May2026 00:44:06.996] [modloading-worker-0/DEBUG] [mixin/]: tenshilib.neoforge.mixins.json:NeoForgeParticleEngineMixin from mod tenshilib->@Inject::onEnd(Lnet/minecraft/client/renderer/LightTexture;Lnet/minecraft/client/Camera;FLnet/minecraft/client/renderer/culling/Frustum;Ljava/util/function/Predicate;Lorg/spongepowered/asm/mixin/injection/callback/CallbackInfo;)V doesn't use it's CallbackInfo
[05May2026 00:44:06.996] [modloading-worker-0/DEBUG] [mixin/]: tenshilib.neoforge.mixins.json:NeoForgeParticleEngineMixin from mod tenshilib->@Inject::onEnd(Lnet/minecraft/client/renderer/LightTexture;Lnet/minecraft/client/Camera;FLnet/minecraft/client/renderer/culling/Frustum;Ljava/util/function/Predicate;Lorg/spongepowered/asm/mixin/injection/callback/CallbackInfo;)V has 0 override(s) in child classes
[05May2026 00:44:06.996] [modloading-worker-0/DEBUG] [mixin/]: tenshilib.neoforge.mixins.json:NeoForgeParticleEngineMixin from mod tenshilib->@Inject::onEnd(Lnet/minecraft/client/renderer/LightTexture;Lnet/minecraft/client/Camera;FLnet/minecraft/client/renderer/culling/Frustum;Ljava/util/function/Predicate;Lorg/spongepowered/asm/mixin/injection/callback/CallbackInfo;)V won't be passed a CallbackInfo as a result
[05May2026 00:44:07.000] [modloading-worker-0/DEBUG] [mixin/]: Mixing DebugRendererMixin from moonlight-common.mixins.json into net.minecraft.client.renderer.debug.DebugRenderer
[05May2026 00:44:07.000] [modloading-worker-0/DEBUG] [mixin/]: moonlight-common.mixins.json:DebugRendererMixin from mod moonlight: Class version 65 required is higher than the class version supported by the current version of Mixin (JAVA_17 supports class version 61)
[05May2026 00:44:07.005] [modloading-worker-0/DEBUG] [mixin/]: moonlight-common.mixins.json:DebugRendererMixin from mod moonlight->@Inject::supp$renderVanillaDebug(Lcom/mojang/blaze3d/vertex/PoseStack;Lnet/minecraft/client/renderer/MultiBufferSource$BufferSource;DDDLorg/spongepowered/asm/mixin/injection/callback/CallbackInfo;)V doesn't use it's CallbackInfo
[05May2026 00:44:07.005] [modloading-worker-0/DEBUG] [mixin/]: moonlight-common.mixins.json:DebugRendererMixin from mod moonlight->@Inject::supp$renderVanillaDebug(Lcom/mojang/blaze3d/vertex/PoseStack;Lnet/minecraft/client/renderer/MultiBufferSource$BufferSource;DDDLorg/spongepowered/asm/mixin/injection/callback/CallbackInfo;)V has 0 override(s) in child classes
[05May2026 00:44:07.005] [modloading-worker-0/DEBUG] [mixin/]: moonlight-common.mixins.json:DebugRendererMixin from mod moonlight->@Inject::supp$renderVanillaDebug(Lcom/mojang/blaze3d/vertex/PoseStack;Lnet/minecraft/client/renderer/MultiBufferSource$BufferSource;DDDLorg/spongepowered/asm/mixin/injection/callback/CallbackInfo;)V won't be passed a CallbackInfo as a result
[05May2026 00:44:07.009] [modloading-worker-0/DEBUG] [mixin/]: Mixing GuiMixin from iceberg.mixins.json into net.minecraft.client.gui.Gui
[05May2026 00:44:07.010] [modloading-worker-0/DEBUG] [mixin/]: iceberg.mixins.json:GuiMixin from mod iceberg: Class version 65 required is higher than the class version supported by the current version of Mixin (JAVA_17 supports class version 61)
[05May2026 00:44:07.010] [modloading-worker-0/DEBUG] [mixin/]: Mixing GuiMixin from highlighter.mixins.json into net.minecraft.client.gui.Gui
[05May2026 00:44:07.010] [modloading-worker-0/DEBUG] [mixin/]: highlighter.mixins.json:GuiMixin from mod highlighter: Class version 65 required is higher than the class version supported by the current version of Mixin (JAVA_17 supports class version 61)
[05May2026 00:44:07.011] [modloading-worker-0/DEBUG] [mixin/]: Mixing MixinInGameHud from mixins.ipnext.json into net.minecraft.client.gui.Gui
[05May2026 00:44:07.012] [modloading-worker-0/DEBUG] [mixin/]: Mixing GuiMixin from octolib-common.mixins.json into net.minecraft.client.gui.Gui
[05May2026 00:44:07.012] [modloading-worker-0/DEBUG] [mixin/]: Mixing GuiMixin from ftbchunks-common.mixins.json into net.minecraft.client.gui.Gui
[05May2026 00:44:07.012] [modloading-worker-0/DEBUG] [mixin/]: ftbchunks-common.mixins.json:GuiMixin from mod ftbchunks: Class version 65 required is higher than the class version supported by the current version of Mixin (JAVA_17 supports class version 61)
[05May2026 00:44:07.012] [modloading-worker-0/DEBUG] [mixin/]: Mixing client.GuiMixin from apotheosis.mixins.json into net.minecraft.client.gui.Gui
[05May2026 00:44:07.013] [modloading-worker-0/INFO] [mixin/]: BeforeConstant is searching for constants in method with descriptor (Lnet/minecraft/network/chat/Component;Z)V
[05May2026 00:44:07.014] [modloading-worker-0/INFO] [mixin/]:   BeforeConstant found INTEGER constant: value = 0, intValue = null
[05May2026 00:44:07.014] [modloading-worker-0/INFO] [mixin/]:     BeforeConstant found a matching constant TYPE at ordinal 0
[05May2026 00:44:07.014] [modloading-worker-0/INFO] [mixin/]:       BeforeConstant found Insn [ICONST_0] 
[05May2026 00:44:07.014] [modloading-worker-0/INFO] [mixin/]:   BeforeConstant found INTEGER constant: value = 60, intValue = null
[05May2026 00:44:07.014] [modloading-worker-0/INFO] [mixin/]:     BeforeConstant found a matching constant TYPE at ordinal 1
[05May2026 00:44:07.014] [modloading-worker-0/INFO] [mixin/]:       BeforeConstant found IntInsn 60
[05May2026 00:44:07.015] [modloading-worker-0/DEBUG] [mixin/]: iceberg.mixins.json:GuiMixin from mod iceberg->@Inject::resetTooltipsVisible(Lnet/minecraft/client/gui/GuiGraphics;Lnet/minecraft/client/DeltaTracker;Lorg/spongepowered/asm/mixin/injection/callback/CallbackInfo;)V doesn't use it's CallbackInfo
[05May2026 00:44:07.015] [modloading-worker-0/DEBUG] [mixin/]: iceberg.mixins.json:GuiMixin from mod iceberg->@Inject::resetTooltipsVisible(Lnet/minecraft/client/gui/GuiGraphics;Lnet/minecraft/client/DeltaTracker;Lorg/spongepowered/asm/mixin/injection/callback/CallbackInfo;)V has 0 override(s) in child classes
[05May2026 00:44:07.015] [modloading-worker-0/DEBUG] [mixin/]: iceberg.mixins.json:GuiMixin from mod iceberg->@Inject::resetTooltipsVisible(Lnet/minecraft/client/gui/GuiGraphics;Lnet/minecraft/client/DeltaTracker;Lorg/spongepowered/asm/mixin/injection/callback/CallbackInfo;)V won't be passed a CallbackInfo as a result
[05May2026 00:44:07.015] [modloading-worker-0/DEBUG] [mixin/]: highlighter.mixins.json:GuiMixin from mod highlighter->@Inject::renderSlot(Lnet/minecraft/client/gui/GuiGraphics;IILnet/minecraft/client/DeltaTracker;Lnet/minecraft/world/entity/player/Player;Lnet/minecraft/world/item/ItemStack;ILorg/spongepowered/asm/mixin/injection/callback/CallbackInfo;)V doesn't use it's CallbackInfo
[05May2026 00:44:07.015] [modloading-worker-0/DEBUG] [mixin/]: highlighter.mixins.json:GuiMixin from mod highlighter->@Inject::renderSlot(Lnet/minecraft/client/gui/GuiGraphics;IILnet/minecraft/client/DeltaTracker;Lnet/minecraft/world/entity/player/Player;Lnet/minecraft/world/item/ItemStack;ILorg/spongepowered/asm/mixin/injection/callback/CallbackInfo;)V has 0 override(s) in child classes
[05May2026 00:44:07.015] [modloading-worker-0/DEBUG] [mixin/]: highlighter.mixins.json:GuiMixin from mod highlighter->@Inject::renderSlot(Lnet/minecraft/client/gui/GuiGraphics;IILnet/minecraft/client/DeltaTracker;Lnet/minecraft/world/entity/player/Player;Lnet/minecraft/world/item/ItemStack;ILorg/spongepowered/asm/mixin/injection/callback/CallbackInfo;)V won't be passed a CallbackInfo as a result
[05May2026 00:44:07.015] [modloading-worker-0/DEBUG] [mixin/]: mixins.ipnext.json:MixinInGameHud from mod inventoryprofilesnext->@Inject::preRenderHotbar(Lnet/minecraft/client/gui/GuiGraphics;Lnet/minecraft/client/DeltaTracker;Lorg/spongepowered/asm/mixin/injection/callback/CallbackInfo;)V doesn't use it's CallbackInfo
[05May2026 00:44:07.015] [modloading-worker-0/DEBUG] [mixin/]: mixins.ipnext.json:MixinInGameHud from mod inventoryprofilesnext->@Inject::preRenderHotbar(Lnet/minecraft/client/gui/GuiGraphics;Lnet/minecraft/client/DeltaTracker;Lorg/spongepowered/asm/mixin/injection/callback/CallbackInfo;)V has 0 override(s) in child classes
[05May2026 00:44:07.015] [modloading-worker-0/DEBUG] [mixin/]: mixins.ipnext.json:MixinInGameHud from mod inventoryprofilesnext->@Inject::preRenderHotbar(Lnet/minecraft/client/gui/GuiGraphics;Lnet/minecraft/client/DeltaTracker;Lorg/spongepowered/asm/mixin/injection/callback/CallbackInfo;)V won't be passed a CallbackInfo as a result
[05May2026 00:44:07.015] [modloading-worker-0/DEBUG] [mixin/]: mixins.ipnext.json:MixinInGameHud from mod inventoryprofilesnext->@Inject::postRenderHotbar(Lnet/minecraft/client/gui/GuiGraphics;Lnet/minecraft/client/DeltaTracker;Lorg/spongepowered/asm/mixin/injection/callback/CallbackInfo;)V doesn't use it's CallbackInfo
[05May2026 00:44:07.015] [modloading-worker-0/DEBUG] [mixin/]: mixins.ipnext.json:MixinInGameHud from mod inventoryprofilesnext->@Inject::postRenderHotbar(Lnet/minecraft/client/gui/GuiGraphics;Lnet/minecraft/client/DeltaTracker;Lorg/spongepowered/asm/mixin/injection/callback/CallbackInfo;)V has 0 override(s) in child classes
[05May2026 00:44:07.015] [modloading-worker-0/DEBUG] [mixin/]: mixins.ipnext.json:MixinInGameHud from mod inventoryprofilesnext->@Inject::postRenderHotbar(Lnet/minecraft/client/gui/GuiGraphics;Lnet/minecraft/client/DeltaTracker;Lorg/spongepowered/asm/mixin/injection/callback/CallbackInfo;)V won't be passed a CallbackInfo as a result
[05May2026 00:44:07.015] [modloading-worker-0/DEBUG] [mixin/]: octolib-common.mixins.json:GuiMixin from mod octolib->@Inject::renderGuiParticles(Lnet/minecraft/client/gui/GuiGraphics;Lnet/minecraft/client/DeltaTracker;Lorg/spongepowered/asm/mixin/injection/callback/CallbackInfo;)V doesn't use it's CallbackInfo
[05May2026 00:44:07.015] [modloading-worker-0/DEBUG] [mixin/]: octolib-common.mixins.json:GuiMixin from mod octolib->@Inject::renderGuiParticles(Lnet/minecraft/client/gui/GuiGraphics;Lnet/minecraft/client/DeltaTracker;Lorg/spongepowered/asm/mixin/injection/callback/CallbackInfo;)V has 0 override(s) in child classes
[05May2026 00:44:07.015] [modloading-worker-0/DEBUG] [mixin/]: octolib-common.mixins.json:GuiMixin from mod octolib->@Inject::renderGuiParticles(Lnet/minecraft/client/gui/GuiGraphics;Lnet/minecraft/client/DeltaTracker;Lorg/spongepowered/asm/mixin/injection/callback/CallbackInfo;)V won't be passed a CallbackInfo as a result
[05May2026 00:44:07.015] [modloading-worker-0/DEBUG] [mixin/]: ftbchunks-common.mixins.json:GuiMixin from mod ftbchunks->@Inject::onRenderEffectsEnter(Lnet/minecraft/client/gui/GuiGraphics;Lnet/minecraft/client/DeltaTracker;Lorg/spongepowered/asm/mixin/injection/callback/CallbackInfo;)V doesn't use it's CallbackInfo
[05May2026 00:44:07.015] [modloading-worker-0/DEBUG] [mixin/]: ftbchunks-common.mixins.json:GuiMixin from mod ftbchunks->@Inject::onRenderEffectsEnter(Lnet/minecraft/client/gui/GuiGraphics;Lnet/minecraft/client/DeltaTracker;Lorg/spongepowered/asm/mixin/injection/callback/CallbackInfo;)V has 0 override(s) in child classes
[05May2026 00:44:07.015] [modloading-worker-0/DEBUG] [mixin/]: ftbchunks-common.mixins.json:GuiMixin from mod ftbchunks->@Inject::onRenderEffectsEnter(Lnet/minecraft/client/gui/GuiGraphics;Lnet/minecraft/client/DeltaTracker;Lorg/spongepowered/asm/mixin/injection/callback/CallbackInfo;)V won't be passed a CallbackInfo as a result
[05May2026 00:44:07.015] [modloading-worker-0/DEBUG] [mixin/]: ftbchunks-common.mixins.json:GuiMixin from mod ftbchunks->@Inject::onRenderEffectsReturn(Lnet/minecraft/client/gui/GuiGraphics;Lnet/minecraft/client/DeltaTracker;Lorg/spongepowered/asm/mixin/injection/callback/CallbackInfo;)V doesn't use it's CallbackInfo
[05May2026 00:44:07.015] [modloading-worker-0/DEBUG] [mixin/]: ftbchunks-common.mixins.json:GuiMixin from mod ftbchunks->@Inject::onRenderEffectsReturn(Lnet/minecraft/client/gui/GuiGraphics;Lnet/minecraft/client/DeltaTracker;Lorg/spongepowered/asm/mixin/injection/callback/CallbackInfo;)V has 0 override(s) in child classes
[05May2026 00:44:07.015] [modloading-worker-0/DEBUG] [mixin/]: ftbchunks-common.mixins.json:GuiMixin from mod ftbchunks->@Inject::onRenderEffectsReturn(Lnet/minecraft/client/gui/GuiGraphics;Lnet/minecraft/client/DeltaTracker;Lorg/spongepowered/asm/mixin/injection/callback/CallbackInfo;)V won't be passed a CallbackInfo as a result
[05May2026 00:44:07.015] [modloading-worker-0/DEBUG] [mixin/]: ftbchunks-common.mixins.json:GuiMixin from mod ftbchunks->@Inject::onRenderEffectsReturn(Lnet/minecraft/client/gui/GuiGraphics;Lnet/minecraft/client/DeltaTracker;Lorg/spongepowered/asm/mixin/injection/callback/CallbackInfo;)V doesn't use it's CallbackInfo
[05May2026 00:44:07.015] [modloading-worker-0/DEBUG] [mixin/]: ftbchunks-common.mixins.json:GuiMixin from mod ftbchunks->@Inject::onRenderEffectsReturn(Lnet/minecraft/client/gui/GuiGraphics;Lnet/minecraft/client/DeltaTracker;Lorg/spongepowered/asm/mixin/injection/callback/CallbackInfo;)V has 0 override(s) in child classes
[05May2026 00:44:07.015] [modloading-worker-0/DEBUG] [mixin/]: ftbchunks-common.mixins.json:GuiMixin from mod ftbchunks->@Inject::onRenderEffectsReturn(Lnet/minecraft/client/gui/GuiGraphics;Lnet/minecraft/client/DeltaTracker;Lorg/spongepowered/asm/mixin/injection/callback/CallbackInfo;)V won't be passed a CallbackInfo as a result
[05May2026 00:44:07.020] [modloading-worker-0/DEBUG] [mixin/]: Mixing MultiPlayerGameModeMixin from relics.mixins.json into net.minecraft.client.multiplayer.MultiPlayerGameMode
[05May2026 00:44:07.021] [modloading-worker-0/DEBUG] [mixin/]: Mixing MixinMultiPlayerGameMode from mixins.ipnext.json into net.minecraft.client.multiplayer.MultiPlayerGameMode
[05May2026 00:44:07.021] [modloading-worker-0/DEBUG] [mixin/]: Mixing MixinPlayerController from mixins.ipnext.json into net.minecraft.client.multiplayer.MultiPlayerGameMode
[05May2026 00:44:07.021] [modloading-worker-0/DEBUG] [mixin/]: Mixing MixinScreenHandler from mixins.ipnext.json into net.minecraft.client.multiplayer.MultiPlayerGameMode
[05May2026 00:44:07.022] [modloading-worker-0/DEBUG] [mixin/]: Mixing client.MultiPlayerGameModeMixin from apotheosis.mixins.json into net.minecraft.client.multiplayer.MultiPlayerGameMode
[05May2026 00:44:07.025] [modloading-worker-0/DEBUG] [mixin/]: relics.mixins.json:MultiPlayerGameModeMixin from mod relics->@Inject::relics$onInventoryClick(IIILnet/minecraft/world/inventory/ClickType;Lnet/minecraft/world/entity/player/Player;Lorg/spongepowered/asm/mixin/injection/callback/CallbackInfo;)V does use it's CallbackInfo
[05May2026 00:44:07.025] [modloading-worker-0/DEBUG] [mixin/]: mixins.ipnext.json:MixinMultiPlayerGameMode from mod inventoryprofilesnext->@Inject::clickSlotPre(IIILnet/minecraft/world/inventory/ClickType;Lnet/minecraft/world/entity/player/Player;Lorg/spongepowered/asm/mixin/injection/callback/CallbackInfo;)V does use it's CallbackInfo
[05May2026 00:44:07.025] [modloading-worker-0/DEBUG] [mixin/]: mixins.ipnext.json:MixinMultiPlayerGameMode from mod inventoryprofilesnext->@Inject::clickSlot(IIILnet/minecraft/world/inventory/ClickType;Lnet/minecraft/world/entity/player/Player;Lorg/spongepowered/asm/mixin/injection/callback/CallbackInfo;)V doesn't use it's CallbackInfo
[05May2026 00:44:07.025] [modloading-worker-0/DEBUG] [mixin/]: mixins.ipnext.json:MixinMultiPlayerGameMode from mod inventoryprofilesnext->@Inject::clickSlot(IIILnet/minecraft/world/inventory/ClickType;Lnet/minecraft/world/entity/player/Player;Lorg/spongepowered/asm/mixin/injection/callback/CallbackInfo;)V has 0 override(s) in child classes
[05May2026 00:44:07.025] [modloading-worker-0/DEBUG] [mixin/]: mixins.ipnext.json:MixinMultiPlayerGameMode from mod inventoryprofilesnext->@Inject::clickSlot(IIILnet/minecraft/world/inventory/ClickType;Lnet/minecraft/world/entity/player/Player;Lorg/spongepowered/asm/mixin/injection/callback/CallbackInfo;)V won't be passed a CallbackInfo as a result
[05May2026 00:44:07.025] [modloading-worker-0/DEBUG] [mixin/]: mixins.ipnext.json:MixinPlayerController from mod inventoryprofilesnext->@Inject::clickCreativeStack(Lnet/minecraft/world/item/ItemStack;ILorg/spongepowered/asm/mixin/injection/callback/CallbackInfo;)V doesn't use it's CallbackInfo
[05May2026 00:44:07.025] [modloading-worker-0/DEBUG] [mixin/]: mixins.ipnext.json:MixinPlayerController from mod inventoryprofilesnext->@Inject::clickCreativeStack(Lnet/minecraft/world/item/ItemStack;ILorg/spongepowered/asm/mixin/injection/callback/CallbackInfo;)V has 0 override(s) in child classes
[05May2026 00:44:07.025] [modloading-worker-0/DEBUG] [mixin/]: mixins.ipnext.json:MixinPlayerController from mod inventoryprofilesnext->@Inject::clickCreativeStack(Lnet/minecraft/world/item/ItemStack;ILorg/spongepowered/asm/mixin/injection/callback/CallbackInfo;)V won't be passed a CallbackInfo as a result
[05May2026 00:44:07.025] [modloading-worker-0/DEBUG] [mixin/]: mixins.ipnext.json:MixinPlayerController from mod inventoryprofilesnext->@Inject::pickItem(ILorg/spongepowered/asm/mixin/injection/callback/CallbackInfo;)V doesn't use it's CallbackInfo
[05May2026 00:44:07.025] [modloading-worker-0/DEBUG] [mixin/]: mixins.ipnext.json:MixinPlayerController from mod inventoryprofilesnext->@Inject::pickItem(ILorg/spongepowered/asm/mixin/injection/callback/CallbackInfo;)V has 0 override(s) in child classes
[05May2026 00:44:07.025] [modloading-worker-0/DEBUG] [mixin/]: mixins.ipnext.json:MixinPlayerController from mod inventoryprofilesnext->@Inject::pickItem(ILorg/spongepowered/asm/mixin/injection/callback/CallbackInfo;)V won't be passed a CallbackInfo as a result
[05May2026 00:44:07.025] [modloading-worker-0/DEBUG] [mixin/]: mixins.ipnext.json:MixinScreenHandler from mod inventoryprofilesnext->@Inject::internalOnSlotClickBegin(IIILnet/minecraft/world/inventory/ClickType;Lnet/minecraft/world/entity/player/Player;Lorg/spongepowered/asm/mixin/injection/callback/CallbackInfo;)V does use it's CallbackInfo
[05May2026 00:44:07.025] [modloading-worker-0/DEBUG] [mixin/]: mixins.ipnext.json:MixinScreenHandler from mod inventoryprofilesnext->@Inject::postInternalOnSlotClickBegin(IIILnet/minecraft/world/inventory/ClickType;Lnet/minecraft/world/entity/player/Player;Lorg/spongepowered/asm/mixin/injection/callback/CallbackInfo;)V doesn't use it's CallbackInfo
[05May2026 00:44:07.025] [modloading-worker-0/DEBUG] [mixin/]: mixins.ipnext.json:MixinScreenHandler from mod inventoryprofilesnext->@Inject::postInternalOnSlotClickBegin(IIILnet/minecraft/world/inventory/ClickType;Lnet/minecraft/world/entity/player/Player;Lorg/spongepowered/asm/mixin/injection/callback/CallbackInfo;)V has 0 override(s) in child classes
[05May2026 00:44:07.025] [modloading-worker-0/DEBUG] [mixin/]: mixins.ipnext.json:MixinScreenHandler from mod inventoryprofilesnext->@Inject::postInternalOnSlotClickBegin(IIILnet/minecraft/world/inventory/ClickType;Lnet/minecraft/world/entity/player/Player;Lorg/spongepowered/asm/mixin/injection/callback/CallbackInfo;)V won't be passed a CallbackInfo as a result
[05May2026 00:44:07.025] [modloading-worker-0/DEBUG] [mixin/]: apotheosis.mixins.json:client.MultiPlayerGameModeMixin from mod apotheosis->@Inject::apoth_onDestroyBlock(Lnet/minecraft/core/BlockPos;Lorg/spongepowered/asm/mixin/injection/callback/CallbackInfoReturnable;)V does use it's CallbackInfoReturnable
[05May2026 00:44:07.025] [modloading-worker-0/DEBUG] [mixin/]: apotheosis.mixins.json:client.MultiPlayerGameModeMixin from mod apotheosis->@Inject::apoth_onDestroyBlock(Lnet/minecraft/core/BlockPos;Lorg/spongepowered/asm/mixin/injection/callback/CallbackInfoReturnable;)V does use it's CallbackInfoReturnable
[05May2026 00:44:07.025] [modloading-worker-0/DEBUG] [mixin/]: apotheosis.mixins.json:client.MultiPlayerGameModeMixin from mod apotheosis->@Inject::apoth_onDestroyBlock(Lnet/minecraft/core/BlockPos;Lorg/spongepowered/asm/mixin/injection/callback/CallbackInfoReturnable;)V does use it's CallbackInfoReturnable
[05May2026 00:44:07.025] [modloading-worker-0/DEBUG] [mixin/]: apotheosis.mixins.json:client.MultiPlayerGameModeMixin from mod apotheosis->@Inject::apoth_onDestroyBlock(Lnet/minecraft/core/BlockPos;Lorg/spongepowered/asm/mixin/injection/callback/CallbackInfoReturnable;)V does use it's CallbackInfoReturnable
[05May2026 00:44:07.025] [modloading-worker-0/DEBUG] [mixin/]: apotheosis.mixins.json:client.MultiPlayerGameModeMixin from mod apotheosis->@Inject::apoth_onDestroyBlock(Lnet/minecraft/core/BlockPos;Lorg/spongepowered/asm/mixin/injection/callback/CallbackInfoReturnable;)V does use it's CallbackInfoReturnable
[05May2026 00:44:07.027] [modloading-worker-0/DEBUG] [net.neoforged.fml.javafmlmod.AutomaticEventSubscriber/LOADING]: Attempting to inject @EventBusSubscriber classes into the eventbus for fzzy_config
[05May2026 00:44:07.087] [modloading-worker-0/INFO] [KubeJS Startup/]: startup_scripts:main.js#2: Hello, World! (Loaded startup example script)
[05May2026 00:44:07.089] [modloading-worker-0/INFO] [KubeJS Startup/]: Loaded script startup_scripts:main.js in 0.043 s
[05May2026 00:44:07.091] [modloading-worker-0/INFO] [KubeJS Startup/]: Loaded 1/1 KubeJS startup scripts in 0.772 s with 0 errors and 0 warnings
[05May2026 00:44:07.105] [modloading-worker-0/INFO] [KubeJS Client/]: client_scripts:main.js#2: Hello, World! (Loaded client example script)
[05May2026 00:44:07.106] [modloading-worker-0/INFO] [KubeJS Client/]: Loaded script client_scripts:main.js in 0.001 s
[05May2026 00:44:07.106] [modloading-worker-0/INFO] [KubeJS Client/]: Loaded 1/1 KubeJS client scripts in 0.014 s with 0 errors and 0 warnings
[05May2026 00:44:07.112] [modloading-worker-0/INFO] [KubeJS Startup/]: Validated 2 files in kubejs/assets/ in 2ms
[05May2026 00:44:07.113] [modloading-worker-0/INFO] [KubeJS Startup/]: Validated 0 files in kubejs/data/ in 1ms
[05May2026 00:44:07.126] [modloading-worker-0/DEBUG] [net.neoforged.fml.javafmlmod.AutomaticEventSubscriber/LOADING]: Attempting to inject @EventBusSubscriber classes into the eventbus for kubejs
[05May2026 00:44:07.126] [modloading-worker-0/DEBUG] [net.neoforged.fml.javafmlmod.AutomaticEventSubscriber/LOADING]: Scanning class dev.latvian.mods.kubejs.server.KubeJSServerEventHandler for @SubscribeEvent-annotated methods
[05May2026 00:44:07.128] [modloading-worker-0/DEBUG] [net.neoforged.fml.javafmlmod.AutomaticEventSubscriber/]: Subscribing @EventBusSubscriber class Ldev/latvian/mods/kubejs/server/KubeJSServerEventHandler; to the game event bus
[05May2026 00:44:07.130] [modloading-worker-0/DEBUG] [net.neoforged.fml.javafmlmod.AutomaticEventSubscriber/LOADING]: Scanning class dev.latvian.mods.kubejs.registry.RegistryEventHandler for @SubscribeEvent-annotated methods
[05May2026 00:44:07.131] [modloading-worker-0/DEBUG] [net.neoforged.fml.javafmlmod.AutomaticEventSubscriber/]: Subscribing @EventBusSubscriber class Ldev/latvian/mods/kubejs/registry/RegistryEventHandler; to the mod event bus of mod kubejs
[05May2026 00:44:07.131] [modloading-worker-0/DEBUG] [net.neoforged.fml.javafmlmod.AutomaticEventSubscriber/LOADING]: Scanning class dev.latvian.mods.kubejs.player.KubeJSPlayerEventHandler for @SubscribeEvent-annotated methods
[05May2026 00:44:07.133] [modloading-worker-0/DEBUG] [net.neoforged.fml.javafmlmod.AutomaticEventSubscriber/]: Subscribing @EventBusSubscriber class Ldev/latvian/mods/kubejs/player/KubeJSPlayerEventHandler; to the game event bus
[05May2026 00:44:07.134] [modloading-worker-0/DEBUG] [net.neoforged.fml.javafmlmod.AutomaticEventSubscriber/LOADING]: Scanning class dev.latvian.mods.kubejs.net.KubeJSNet for @SubscribeEvent-annotated methods
[05May2026 00:44:07.136] [modloading-worker-0/DEBUG] [net.neoforged.fml.javafmlmod.AutomaticEventSubscriber/]: Subscribing @EventBusSubscriber class Ldev/latvian/mods/kubejs/net/KubeJSNet; to the mod event bus of mod kubejs
[05May2026 00:44:07.136] [modloading-worker-0/DEBUG] [net.neoforged.fml.javafmlmod.AutomaticEventSubscriber/LOADING]: Scanning class dev.latvian.mods.kubejs.level.KubeJSWorldEventHandler for @SubscribeEvent-annotated methods
[05May2026 00:44:07.138] [modloading-worker-0/DEBUG] [net.neoforged.fml.javafmlmod.AutomaticEventSubscriber/]: Subscribing @EventBusSubscriber class Ldev/latvian/mods/kubejs/level/KubeJSWorldEventHandler; to the game event bus
[05May2026 00:44:07.141] [modloading-worker-0/DEBUG] [net.neoforged.fml.javafmlmod.AutomaticEventSubscriber/LOADING]: Scanning class dev.latvian.mods.kubejs.item.KubeJSItemEventHandler for @SubscribeEvent-annotated methods
[05May2026 00:44:07.143] [modloading-worker-0/DEBUG] [net.neoforged.fml.javafmlmod.AutomaticEventSubscriber/]: Subscribing @EventBusSubscriber class Ldev/latvian/mods/kubejs/item/KubeJSItemEventHandler; to the game event bus
[05May2026 00:44:07.144] [modloading-worker-0/DEBUG] [net.neoforged.fml.javafmlmod.AutomaticEventSubscriber/LOADING]: Scanning class dev.latvian.mods.kubejs.entity.KubeJSEntityEventHandler for @SubscribeEvent-annotated methods
[05May2026 00:44:07.144] [modloading-worker-0/DEBUG] [net.neoforged.fml.javafmlmod.AutomaticEventSubscriber/]: Subscribing @EventBusSubscriber class Ldev/latvian/mods/kubejs/entity/KubeJSEntityEventHandler; to the game event bus
[05May2026 00:44:07.146] [modloading-worker-0/DEBUG] [net.neoforged.fml.javafmlmod.AutomaticEventSubscriber/LOADING]: Scanning class dev.latvian.mods.kubejs.client.KubeJSClientEventHandler for @SubscribeEvent-annotated methods
[05May2026 00:44:07.152] [modloading-worker-0/DEBUG] [net.neoforged.fml.javafmlmod.AutomaticEventSubscriber/LOADING]: Found mix of game bus and mod bus listeners in @EventBusSubscriber class Ldev/latvian/mods/kubejs/client/KubeJSClientEventHandler;, registering them separately
[05May2026 00:44:07.152] [modloading-worker-0/DEBUG] [net.neoforged.fml.javafmlmod.AutomaticEventSubscriber/LOADING]: Subscribing method public static void dev.latvian.mods.kubejs.client.KubeJSClientEventHandler.registerKeyMappings(net.neoforged.neoforge.client.event.RegisterKeyMappingsEvent) to the event bus of mod kubejs
[05May2026 00:44:07.152] [modloading-worker-0/DEBUG] [net.neoforged.fml.javafmlmod.AutomaticEventSubscriber/LOADING]: Subscribing method public static void dev.latvian.mods.kubejs.client.KubeJSClientEventHandler.registerMenuScreens(net.neoforged.neoforge.client.event.RegisterMenuScreensEvent) to the event bus of mod kubejs
[05May2026 00:44:07.155] [modloading-worker-0/DEBUG] [net.neoforged.fml.javafmlmod.AutomaticEventSubscriber/LOADING]: Subscribing method public static void dev.latvian.mods.kubejs.client.KubeJSClientEventHandler.blockColors(net.neoforged.neoforge.client.event.RegisterColorHandlersEvent$Block) to the event bus of mod kubejs
[05May2026 00:44:07.155] [modloading-worker-0/DEBUG] [net.neoforged.fml.javafmlmod.AutomaticEventSubscriber/LOADING]: Subscribing method public static void dev.latvian.mods.kubejs.client.KubeJSClientEventHandler.registerCoreShaders(net.neoforged.neoforge.client.event.RegisterShadersEvent) throws java.io.IOException to the event bus of mod kubejs
[05May2026 00:44:07.155] [modloading-worker-0/DEBUG] [net.neoforged.fml.javafmlmod.AutomaticEventSubscriber/LOADING]: Subscribing method public static void dev.latvian.mods.kubejs.client.KubeJSClientEventHandler.addClientPacks(net.neoforged.neoforge.event.AddPackFindersEvent) to the event bus of mod kubejs
[05May2026 00:44:07.155] [modloading-worker-0/DEBUG] [net.neoforged.fml.javafmlmod.AutomaticEventSubscriber/LOADING]: Subscribing method public static void dev.latvian.mods.kubejs.client.KubeJSClientEventHandler.registerRenderers(net.neoforged.neoforge.client.event.EntityRenderersEvent$RegisterRenderers) to the event bus of mod kubejs
[05May2026 00:44:07.156] [modloading-worker-0/DEBUG] [net.neoforged.fml.javafmlmod.AutomaticEventSubscriber/LOADING]: Subscribing method public static void dev.latvian.mods.kubejs.client.KubeJSClientEventHandler.setupClient(net.neoforged.fml.event.lifecycle.FMLClientSetupEvent) to the event bus of mod kubejs
[05May2026 00:44:07.156] [modloading-worker-0/DEBUG] [net.neoforged.fml.javafmlmod.AutomaticEventSubscriber/LOADING]: Subscribing method public static void dev.latvian.mods.kubejs.client.KubeJSClientEventHandler.registerParticleProviders(net.neoforged.neoforge.client.event.RegisterParticleProvidersEvent) to the event bus of mod kubejs
[05May2026 00:44:07.156] [modloading-worker-0/DEBUG] [net.neoforged.fml.javafmlmod.AutomaticEventSubscriber/LOADING]: Subscribing method public static void dev.latvian.mods.kubejs.client.KubeJSClientEventHandler.registerClientExtensions(net.neoforged.neoforge.client.extensions.common.RegisterClientExtensionsEvent) to the event bus of mod kubejs
[05May2026 00:44:07.156] [modloading-worker-0/DEBUG] [net.neoforged.fml.javafmlmod.AutomaticEventSubscriber/LOADING]: Subscribing method public static void dev.latvian.mods.kubejs.client.KubeJSClientEventHandler.itemColors(net.neoforged.neoforge.client.event.RegisterColorHandlersEvent$Item) to the event bus of mod kubejs
[05May2026 00:44:07.156] [modloading-worker-0/DEBUG] [net.neoforged.fml.javafmlmod.AutomaticEventSubscriber/LOADING]: Subscribing method public static void dev.latvian.mods.kubejs.client.KubeJSClientEventHandler.onItemTooltip(net.neoforged.neoforge.event.entity.player.ItemTooltipEvent) to the game event bus
[05May2026 00:44:07.156] [modloading-worker-0/DEBUG] [net.neoforged.fml.javafmlmod.AutomaticEventSubscriber/LOADING]: Subscribing method public static void dev.latvian.mods.kubejs.client.KubeJSClientEventHandler.tagsUpdated(net.neoforged.neoforge.event.TagsUpdatedEvent) to the game event bus
[05May2026 00:44:07.158] [modloading-worker-0/DEBUG] [net.neoforged.fml.javafmlmod.AutomaticEventSubscriber/LOADING]: Subscribing method public static void dev.latvian.mods.kubejs.client.KubeJSClientEventHandler.hudPostDraw(net.neoforged.neoforge.client.event.RenderGuiEvent$Post) to the game event bus
[05May2026 00:44:07.158] [modloading-worker-0/DEBUG] [net.neoforged.fml.javafmlmod.AutomaticEventSubscriber/LOADING]: Subscribing method public static void dev.latvian.mods.kubejs.client.KubeJSClientEventHandler.screenPostDraw(net.neoforged.neoforge.client.event.ScreenEvent$Render$Post) to the game event bus
[05May2026 00:44:07.158] [modloading-worker-0/DEBUG] [net.neoforged.fml.javafmlmod.AutomaticEventSubscriber/LOADING]: Subscribing method public static void dev.latvian.mods.kubejs.client.KubeJSClientEventHandler.worldRender(net.neoforged.neoforge.client.event.RenderLevelStageEvent) to the game event bus
[05May2026 00:44:07.158] [modloading-worker-0/DEBUG] [net.neoforged.fml.javafmlmod.AutomaticEventSubscriber/LOADING]: Subscribing method public static void dev.latvian.mods.kubejs.client.KubeJSClientEventHandler.guiPostInit(net.neoforged.neoforge.client.event.ScreenEvent$Init$Post) to the game event bus
[05May2026 00:44:07.159] [modloading-worker-0/DEBUG] [net.neoforged.fml.javafmlmod.AutomaticEventSubscriber/LOADING]: Subscribing method public static void dev.latvian.mods.kubejs.client.KubeJSClientEventHandler.openScreenEvent(net.neoforged.neoforge.client.event.ScreenEvent$Opening) to the game event bus
[05May2026 00:44:07.159] [modloading-worker-0/DEBUG] [net.neoforged.fml.javafmlmod.AutomaticEventSubscriber/LOADING]: Subscribing method public static void dev.latvian.mods.kubejs.client.KubeJSClientEventHandler.debugInfo(net.neoforged.neoforge.client.event.CustomizeGuiOverlayEvent$DebugText) to the game event bus
[05May2026 00:44:07.159] [modloading-worker-0/DEBUG] [net.neoforged.fml.javafmlmod.AutomaticEventSubscriber/LOADING]: Subscribing method public static void dev.latvian.mods.kubejs.client.KubeJSClientEventHandler.clientTick(net.neoforged.neoforge.client.event.ClientTickEvent$Pre) to the game event bus
[05May2026 00:44:07.160] [modloading-worker-0/DEBUG] [net.neoforged.fml.javafmlmod.AutomaticEventSubscriber/LOADING]: Subscribing method public static void dev.latvian.mods.kubejs.client.KubeJSClientEventHandler.onRegisterClientCommands(net.neoforged.neoforge.client.event.RegisterClientCommandsEvent) to the game event bus
[05May2026 00:44:07.160] [modloading-worker-0/DEBUG] [net.neoforged.fml.javafmlmod.AutomaticEventSubscriber/LOADING]: Subscribing method public static void dev.latvian.mods.kubejs.client.KubeJSClientEventHandler.loggingIn(net.neoforged.neoforge.client.event.ClientPlayerNetworkEvent$LoggingIn) to the game event bus
[05May2026 00:44:07.160] [modloading-worker-0/DEBUG] [net.neoforged.fml.javafmlmod.AutomaticEventSubscriber/LOADING]: Subscribing method public static void dev.latvian.mods.kubejs.client.KubeJSClientEventHandler.loggingOut(net.neoforged.neoforge.client.event.ClientPlayerNetworkEvent$LoggingOut) to the game event bus
[05May2026 00:44:07.161] [modloading-worker-0/DEBUG] [net.neoforged.fml.javafmlmod.AutomaticEventSubscriber/LOADING]: Scanning class dev.latvian.mods.kubejs.block.KubeJSBlockEventHandler for @SubscribeEvent-annotated methods
[05May2026 00:44:07.163] [modloading-worker-0/DEBUG] [net.neoforged.fml.javafmlmod.AutomaticEventSubscriber/]: Subscribing @EventBusSubscriber class Ldev/latvian/mods/kubejs/block/KubeJSBlockEventHandler; to the game event bus
[05May2026 00:44:07.164] [modloading-worker-0/DEBUG] [net.neoforged.fml.javafmlmod.AutomaticEventSubscriber/LOADING]: Scanning class dev.latvian.mods.kubejs.KubeJSModEventHandler for @SubscribeEvent-annotated methods
[05May2026 00:44:07.168] [modloading-worker-0/DEBUG] [net.neoforged.fml.javafmlmod.AutomaticEventSubscriber/]: Subscribing @EventBusSubscriber class Ldev/latvian/mods/kubejs/KubeJSModEventHandler; to the mod event bus of mod kubejs
[05May2026 00:44:07.171] [modloading-worker-0/DEBUG] [net.neoforged.fml.config.ConfigTracker/CONFIG]: Config file better-advanced-tooltips-client.toml for betteradvancedtooltips tracking
[05May2026 00:44:07.171] [modloading-worker-0/DEBUG] [net.neoforged.fml.javafmlmod.AutomaticEventSubscriber/LOADING]: Attempting to inject @EventBusSubscriber classes into the eventbus for betteradvancedtooltips
[05May2026 00:44:07.172] [modloading-worker-0/DEBUG] [net.neoforged.fml.javafmlmod.AutomaticEventSubscriber/LOADING]: Scanning class dev.latvian.mods.betteradvancedtooltips.BATClientEventHandler for @SubscribeEvent-annotated methods
[05May2026 00:44:07.174] [modloading-worker-0/DEBUG] [net.neoforged.fml.javafmlmod.AutomaticEventSubscriber/]: Subscribing @EventBusSubscriber class Ldev/latvian/mods/betteradvancedtooltips/BATClientEventHandler; to the game event bus
[05May2026 00:44:07.249] [modloading-worker-0/INFO] [fzzy_config/]: Loaded config :emi_loot_config in 179ms
[05May2026 00:44:07.261] [modloading-worker-0/DEBUG] [net.neoforged.fml.javafmlmod.AutomaticEventSubscriber/LOADING]: Attempting to inject @EventBusSubscriber classes into the eventbus for emi_loot
[05May2026 00:44:07.261] [modloading-worker-0/DEBUG] [net.neoforged.fml.javafmlmod.AutomaticEventSubscriber/LOADING]: Scanning class fzzyhmstrs.emi_loot.neoforge.events.EMILootGameEvents for @SubscribeEvent-annotated methods
[05May2026 00:44:07.261] [modloading-worker-0/DEBUG] [net.neoforged.fml.javafmlmod.AutomaticEventSubscriber/]: Subscribing @EventBusSubscriber class Lfzzyhmstrs/emi_loot/neoforge/events/EMILootGameEvents; to the game event bus
[05May2026 00:44:07.261] [modloading-worker-0/DEBUG] [net.neoforged.fml.javafmlmod.AutomaticEventSubscriber/LOADING]: Scanning class fzzyhmstrs.emi_loot.neoforge.events.EMILootClientModEvents for @SubscribeEvent-annotated methods
[05May2026 00:44:07.261] [modloading-worker-0/DEBUG] [net.neoforged.fml.javafmlmod.AutomaticEventSubscriber/]: Subscribing @EventBusSubscriber class Lfzzyhmstrs/emi_loot/neoforge/events/EMILootClientModEvents; to the mod event bus of mod emi_loot
[05May2026 00:44:07.263] [modloading-worker-0/DEBUG] [net.neoforged.fml.javafmlmod.AutomaticEventSubscriber/LOADING]: Scanning class fzzyhmstrs.emi_loot.neoforge.events.EMILootClientGameEvents for @SubscribeEvent-annotated methods
[05May2026 00:44:07.263] [modloading-worker-0/DEBUG] [net.neoforged.fml.javafmlmod.AutomaticEventSubscriber/]: Subscribing @EventBusSubscriber class Lfzzyhmstrs/emi_loot/neoforge/events/EMILootClientGameEvents; to the game event bus
[05May2026 00:44:07.264] [modloading-sync-worker/DEBUG] [net.neoforged.fml.DeferredWorkQueue/LOADING]: Dispatching synchronous work for work queue Mod Construction: 1 jobs
[05May2026 00:44:07.277] [modloading-sync-worker/DEBUG] [net.neoforged.fml.DeferredWorkQueue/LOADING]: Synchronous work queue completed in 12.58 ms
[05May2026 00:44:07.569] [modloading-sync-worker/DEBUG] [mixin/]: Mixing self.MixinLootrBarrelBlockEntity from lootr-neoforge.mixins.json into noobanidus.mods.lootr.common.block.entity.LootrBarrelBlockEntity
[05May2026 00:44:07.581] [modloading-sync-worker/DEBUG] [mixin/]: Mixing self.MixinLootrBrushableBlockEntity from lootr-neoforge.mixins.json into noobanidus.mods.lootr.common.block.entity.LootrBrushableBlockEntity
[05May2026 00:44:07.721] [Timer-0/DEBUG] [net.creeperhost.ftbbackups.repack.org.quartz.utils.UpdateChecker/]: Checking for available updated version of Quartz...
[05May2026 00:44:07.837] [modloading-sync-worker/INFO] [Moonlight/]: Initialized block sets in 8ms
[05May2026 00:44:07.921] [modloading-sync-worker/DEBUG] [mixin/]: Mixing CanItemPerformAbilityAccess from jade.mixins.json into net.neoforged.neoforge.common.loot.CanItemPerformAbility
[05May2026 00:44:07.921] [modloading-sync-worker/DEBUG] [mixin/]: jade.mixins.json:CanItemPerformAbilityAccess from mod jade: Class version 65 required is higher than the class version supported by the current version of Mixin (JAVA_16 supports class version 60)
[05May2026 00:44:07.975] [modloading-sync-worker/DEBUG] [mixin/]: Mixing TagEmptyConditionMixin from kubejs.mixins.json into net.neoforged.neoforge.common.conditions.TagEmptyCondition
[05May2026 00:44:07.976] [modloading-sync-worker/DEBUG] [mixin/]: kubejs.mixins.json:TagEmptyConditionMixin from mod kubejs->@Inject::kjs$test(Lnet/neoforged/neoforge/common/conditions/ICondition$IContext;Lorg/spongepowered/asm/mixin/injection/callback/CallbackInfoReturnable;)V does use it's CallbackInfoReturnable
[05May2026 00:44:07.987] [modloading-sync-worker/DEBUG] [mixin/]: Mixing GLMProviderMixin from apotheosis.mixins.json into net.neoforged.neoforge.common.data.GlobalLootModifierProvider
[05May2026 00:44:07.990] [modloading-sync-worker/DEBUG] [mixin/]: Mixing CompoundIngredientMixin from kubejs.mixins.json into net.neoforged.neoforge.common.crafting.CompoundIngredient
[05May2026 00:44:07.993] [modloading-sync-worker/DEBUG] [mixin/]: Mixing DifferenceIngredientMixin from kubejs.mixins.json into net.neoforged.neoforge.common.crafting.DifferenceIngredient
[05May2026 00:44:07.995] [modloading-sync-worker/DEBUG] [mixin/]: Mixing IntersectionIngredientMixin from kubejs.mixins.json into net.neoforged.neoforge.common.crafting.IntersectionIngredient
[05May2026 00:44:08.065] [modloading-sync-worker/DEBUG] [mixin/]: Mixing item.umbrella.client.HumanoidModelMixin from mixins.artifacts.common.json into net.minecraft.client.model.HumanoidModel
[05May2026 00:44:08.067] [modloading-sync-worker/DEBUG] [mixin/]: Mixing render.HumanoidModelMixin from reliquified_artifacts.mixins.json into net.minecraft.client.model.HumanoidModel
[05May2026 00:44:08.067] [modloading-sync-worker/DEBUG] [mixin/]: reliquified_artifacts.mixins.json:render.HumanoidModelMixin from mod reliquified_artifacts: Class version 65 required is higher than the class version supported by the current version of Mixin (JAVA_8 supports class version 52)
[05May2026 00:44:08.067] [modloading-sync-worker/DEBUG] [mixin/]: Mixing dual.HumanoidModelMixin from tenshilib.mixins.json into net.minecraft.client.model.HumanoidModel
[05May2026 00:44:08.067] [modloading-sync-worker/DEBUG] [mixin/]: tenshilib.mixins.json:dual.HumanoidModelMixin from mod tenshilib: Class version 65 required is higher than the class version supported by the current version of Mixin (JAVA_16 supports class version 60)
[05May2026 00:44:08.067] [modloading-sync-worker/DEBUG] [mixin/]: Mixing ThirdPersonRendererMixin from moonlight-common.mixins.json into net.minecraft.client.model.HumanoidModel
[05May2026 00:44:08.067] [modloading-sync-worker/DEBUG] [mixin/]: moonlight-common.mixins.json:ThirdPersonRendererMixin from mod moonlight: Class version 65 required is higher than the class version supported by the current version of Mixin (JAVA_17 supports class version 61)
[05May2026 00:44:08.069] [modloading-sync-worker/DEBUG] [mixin/]: mixins.artifacts.common.json:item.umbrella.client.HumanoidModelMixin from mod artifacts->@Inject::reduceHandSwing(Lnet/minecraft/world/entity/LivingEntity;FFFFFLorg/spongepowered/asm/mixin/injection/callback/CallbackInfo;)V doesn't use it's CallbackInfo
[05May2026 00:44:08.069] [modloading-sync-worker/DEBUG] [mixin/]: mixins.artifacts.common.json:item.umbrella.client.HumanoidModelMixin from mod artifacts->@Inject::reduceHandSwing(Lnet/minecraft/world/entity/LivingEntity;FFFFFLorg/spongepowered/asm/mixin/injection/callback/CallbackInfo;)V has 0 override(s) in child classes
[05May2026 00:44:08.069] [modloading-sync-worker/DEBUG] [mixin/]: mixins.artifacts.common.json:item.umbrella.client.HumanoidModelMixin from mod artifacts->@Inject::reduceHandSwing(Lnet/minecraft/world/entity/LivingEntity;FFFFFLorg/spongepowered/asm/mixin/injection/callback/CallbackInfo;)V won't be passed a CallbackInfo as a result
[05May2026 00:44:08.070] [modloading-sync-worker/DEBUG] [mixin/]: reliquified_artifacts.mixins.json:render.HumanoidModelMixin from mod reliquified_artifacts->@Inject::reduceHandSwing(Lnet/minecraft/world/entity/LivingEntity;FFFFFLorg/spongepowered/asm/mixin/injection/callback/CallbackInfo;)V doesn't use it's CallbackInfo
[05May2026 00:44:08.070] [modloading-sync-worker/DEBUG] [mixin/]: reliquified_artifacts.mixins.json:render.HumanoidModelMixin from mod reliquified_artifacts->@Inject::reduceHandSwing(Lnet/minecraft/world/entity/LivingEntity;FFFFFLorg/spongepowered/asm/mixin/injection/callback/CallbackInfo;)V has 0 override(s) in child classes
[05May2026 00:44:08.070] [modloading-sync-worker/DEBUG] [mixin/]: reliquified_artifacts.mixins.json:render.HumanoidModelMixin from mod reliquified_artifacts->@Inject::reduceHandSwing(Lnet/minecraft/world/entity/LivingEntity;FFFFFLorg/spongepowered/asm/mixin/injection/callback/CallbackInfo;)V won't be passed a CallbackInfo as a result
[05May2026 00:44:08.070] [modloading-sync-worker/DEBUG] [mixin/]: tenshilib.mixins.json:dual.HumanoidModelMixin from mod tenshilib->@Inject::modifyArmPose(Lnet/minecraft/world/entity/LivingEntity;FFFFFLorg/spongepowered/asm/mixin/injection/callback/CallbackInfo;)V doesn't use it's CallbackInfo
[05May2026 00:44:08.070] [modloading-sync-worker/DEBUG] [mixin/]: tenshilib.mixins.json:dual.HumanoidModelMixin from mod tenshilib->@Inject::modifyArmPose(Lnet/minecraft/world/entity/LivingEntity;FFFFFLorg/spongepowered/asm/mixin/injection/callback/CallbackInfo;)V has 0 override(s) in child classes
[05May2026 00:44:08.070] [modloading-sync-worker/DEBUG] [mixin/]: tenshilib.mixins.json:dual.HumanoidModelMixin from mod tenshilib->@Inject::modifyArmPose(Lnet/minecraft/world/entity/LivingEntity;FFFFFLorg/spongepowered/asm/mixin/injection/callback/CallbackInfo;)V won't be passed a CallbackInfo as a result
[05May2026 00:44:08.070] [modloading-sync-worker/DEBUG] [mixin/]: tenshilib.mixins.json:dual.HumanoidModelMixin from mod tenshilib->@Inject::onRenderRightArm(Lnet/minecraft/world/entity/LivingEntity;Lorg/spongepowered/asm/mixin/injection/callback/CallbackInfo;)V doesn't use it's CallbackInfo
[05May2026 00:44:08.070] [modloading-sync-worker/DEBUG] [mixin/]: tenshilib.mixins.json:dual.HumanoidModelMixin from mod tenshilib->@Inject::onRenderRightArm(Lnet/minecraft/world/entity/LivingEntity;Lorg/spongepowered/asm/mixin/injection/callback/CallbackInfo;)V has 0 override(s) in child classes
[05May2026 00:44:08.070] [modloading-sync-worker/DEBUG] [mixin/]: tenshilib.mixins.json:dual.HumanoidModelMixin from mod tenshilib->@Inject::onRenderRightArm(Lnet/minecraft/world/entity/LivingEntity;Lorg/spongepowered/asm/mixin/injection/callback/CallbackInfo;)V won't be passed a CallbackInfo as a result
[05May2026 00:44:08.070] [modloading-sync-worker/DEBUG] [mixin/]: moonlight-common.mixins.json:ThirdPersonRendererMixin from mod moonlight->@Inject::poseRightArm(Lnet/minecraft/world/entity/LivingEntity;Lorg/spongepowered/asm/mixin/injection/callback/CallbackInfo;)V does use it's CallbackInfo
[05May2026 00:44:08.070] [modloading-sync-worker/DEBUG] [mixin/]: moonlight-common.mixins.json:ThirdPersonRendererMixin from mod moonlight->@Inject::poseLeftArm(Lnet/minecraft/world/entity/LivingEntity;Lorg/spongepowered/asm/mixin/injection/callback/CallbackInfo;)V does use it's CallbackInfo
[05May2026 00:44:08.070] [modloading-sync-worker/DEBUG] [mixin/]: moonlight-common.mixins.json:ThirdPersonRendererMixin from mod moonlight->@Inject::setupAnim(Lnet/minecraft/world/entity/LivingEntity;FFFFFLorg/spongepowered/asm/mixin/injection/callback/CallbackInfo;)V doesn't use it's CallbackInfo
[05May2026 00:44:08.070] [modloading-sync-worker/DEBUG] [mixin/]: moonlight-common.mixins.json:ThirdPersonRendererMixin from mod moonlight->@Inject::setupAnim(Lnet/minecraft/world/entity/LivingEntity;FFFFFLorg/spongepowered/asm/mixin/injection/callback/CallbackInfo;)V has 0 override(s) in child classes
[05May2026 00:44:08.070] [modloading-sync-worker/DEBUG] [mixin/]: moonlight-common.mixins.json:ThirdPersonRendererMixin from mod moonlight->@Inject::setupAnim(Lnet/minecraft/world/entity/LivingEntity;FFFFFLorg/spongepowered/asm/mixin/injection/callback/CallbackInfo;)V won't be passed a CallbackInfo as a result
[05May2026 00:44:08.070] [modloading-sync-worker/DEBUG] [mixin/]: moonlight-common.mixins.json:ThirdPersonRendererMixin from mod moonlight->@Inject::setupAnim(Lnet/minecraft/world/entity/LivingEntity;FFFFFLorg/spongepowered/asm/mixin/injection/callback/CallbackInfo;)V doesn't use it's CallbackInfo
[05May2026 00:44:08.070] [modloading-sync-worker/DEBUG] [mixin/]: moonlight-common.mixins.json:ThirdPersonRendererMixin from mod moonlight->@Inject::setupAnim(Lnet/minecraft/world/entity/LivingEntity;FFFFFLorg/spongepowered/asm/mixin/injection/callback/CallbackInfo;)V has 0 override(s) in child classes
[05May2026 00:44:08.070] [modloading-sync-worker/DEBUG] [mixin/]: moonlight-common.mixins.json:ThirdPersonRendererMixin from mod moonlight->@Inject::setupAnim(Lnet/minecraft/world/entity/LivingEntity;FFFFFLorg/spongepowered/asm/mixin/injection/callback/CallbackInfo;)V won't be passed a CallbackInfo as a result
[05May2026 00:44:08.072] [modloading-sync-worker/DEBUG] [mixin/]: Mixing MixinAnimalModel from xaerohud.mixins.json into net.minecraft.client.model.AgeableListModel
[05May2026 00:44:08.072] [modloading-sync-worker/DEBUG] [mixin/]: xaerohud.mixins.json:MixinAnimalModel from mod xaerominimap: Class version 65 required is higher than the class version supported by the current version of Mixin (JAVA_17 supports class version 61)
[05May2026 00:44:08.073] [modloading-sync-worker/DEBUG] [mixin/]: xaerohud.mixins.json:MixinAnimalModel from mod xaerominimap->@Inject::onRender(Lcom/mojang/blaze3d/vertex/PoseStack;Lcom/mojang/blaze3d/vertex/VertexConsumer;IIILorg/spongepowered/asm/mixin/injection/callback/CallbackInfo;)V doesn't use it's CallbackInfo
[05May2026 00:44:08.073] [modloading-sync-worker/DEBUG] [mixin/]: xaerohud.mixins.json:MixinAnimalModel from mod xaerominimap->@Inject::onRender(Lcom/mojang/blaze3d/vertex/PoseStack;Lcom/mojang/blaze3d/vertex/VertexConsumer;IIILorg/spongepowered/asm/mixin/injection/callback/CallbackInfo;)V has 0 override(s) in child classes
[05May2026 00:44:08.073] [modloading-sync-worker/DEBUG] [mixin/]: xaerohud.mixins.json:MixinAnimalModel from mod xaerominimap->@Inject::onRender(Lcom/mojang/blaze3d/vertex/PoseStack;Lcom/mojang/blaze3d/vertex/VertexConsumer;IIILorg/spongepowered/asm/mixin/injection/callback/CallbackInfo;)V won't be passed a CallbackInfo as a result
[05May2026 00:44:08.080] [modloading-sync-worker/DEBUG] [mixin/]: Generating mapped inner class net/minecraft/world/level/levelgen/DebugLevelSource$Anonymous$66cdcf947cab450f8d3520004b7e2046 (originally org/embeddedt/modernfix/common/mixin/perf/forge_registry_alloc/DebugLevelSourceMixin$1)
[05May2026 00:44:08.102] [modloading-sync-worker/DEBUG] [net.neoforged.fml.config.ConfigTracker/CONFIG]: Loading configs type CLIENT
[05May2026 00:44:08.102] [modloading-sync-worker/DEBUG] [net.neoforged.fml.config.ConfigTracker/CONFIG]: Loaded TOML config file C:\Users\mahat\Twitch\Minecraft\Instances\PBMC 2026\config\quickstack-client.toml
[05May2026 00:44:08.108] [modloading-sync-worker/DEBUG] [net.neoforged.fml.config.ConfigTracker/CONFIG]: Watching TOML config file C:\Users\mahat\Twitch\Minecraft\Instances\PBMC 2026\config\quickstack-client.toml for changes
[05May2026 00:44:08.109] [modloading-sync-worker/DEBUG] [net.neoforged.fml.config.ConfigTracker/CONFIG]: Loaded TOML config file C:\Users\mahat\Twitch\Minecraft\Instances\PBMC 2026\config\sophisticatedcore-client.toml
[05May2026 00:44:08.109] [modloading-sync-worker/DEBUG] [net.neoforged.fml.config.ConfigTracker/CONFIG]: Watching TOML config file C:\Users\mahat\Twitch\Minecraft\Instances\PBMC 2026\config\sophisticatedcore-client.toml for changes
[05May2026 00:44:08.109] [modloading-sync-worker/DEBUG] [net.neoforged.neoforge.common.NeoForgeConfig/FORGEMOD]: Loaded NeoForge config file neoforge-client.toml
[05May2026 00:44:08.109] [modloading-sync-worker/DEBUG] [net.neoforged.fml.config.ConfigTracker/CONFIG]: Loaded TOML config file C:\Users\mahat\Twitch\Minecraft\Instances\PBMC 2026\config\neoforge-client.toml
[05May2026 00:44:08.109] [modloading-sync-worker/DEBUG] [net.neoforged.fml.config.ConfigTracker/CONFIG]: Watching TOML config file C:\Users\mahat\Twitch\Minecraft\Instances\PBMC 2026\config\neoforge-client.toml for changes
[05May2026 00:44:08.111] [modloading-sync-worker/DEBUG] [net.neoforged.fml.config.ConfigTracker/CONFIG]: Loaded TOML config file C:\Users\mahat\Twitch\Minecraft\Instances\PBMC 2026\config\sophisticatedstorage-client.toml
[05May2026 00:44:08.111] [modloading-sync-worker/DEBUG] [net.neoforged.fml.config.ConfigTracker/CONFIG]: Watching TOML config file C:\Users\mahat\Twitch\Minecraft\Instances\PBMC 2026\config\sophisticatedstorage-client.toml for changes
[05May2026 00:44:08.111] [modloading-sync-worker/DEBUG] [net.neoforged.fml.config.ConfigTracker/CONFIG]: Loaded TOML config file C:\Users\mahat\Twitch\Minecraft\Instances\PBMC 2026\config\dummmmmmy-client.toml
[05May2026 00:44:08.112] [modloading-sync-worker/DEBUG] [net.neoforged.fml.config.ConfigTracker/CONFIG]: Watching TOML config file C:\Users\mahat\Twitch\Minecraft\Instances\PBMC 2026\config\dummmmmmy-client.toml for changes
[05May2026 00:44:08.112] [modloading-sync-worker/DEBUG] [net.neoforged.fml.config.ConfigTracker/CONFIG]: Loaded TOML config file C:\Users\mahat\Twitch\Minecraft\Instances\PBMC 2026\config\patchouli-client.toml
[05May2026 00:44:08.114] [modloading-sync-worker/DEBUG] [net.neoforged.fml.config.ConfigTracker/CONFIG]: Watching TOML config file C:\Users\mahat\Twitch\Minecraft\Instances\PBMC 2026\config\patchouli-client.toml for changes
[05May2026 00:44:08.114] [modloading-sync-worker/DEBUG] [net.neoforged.fml.config.ConfigTracker/CONFIG]: Loaded TOML config file C:\Users\mahat\Twitch\Minecraft\Instances\PBMC 2026\config\curios-client.toml
[05May2026 00:44:08.115] [modloading-sync-worker/DEBUG] [net.neoforged.fml.config.ConfigTracker/CONFIG]: Watching TOML config file C:\Users\mahat\Twitch\Minecraft\Instances\PBMC 2026\config\curios-client.toml for changes
[05May2026 00:44:08.116] [modloading-sync-worker/DEBUG] [net.neoforged.fml.config.ConfigTracker/CONFIG]: Loaded TOML config file C:\Users\mahat\Twitch\Minecraft\Instances\PBMC 2026\config\appleskin-client.toml
[05May2026 00:44:08.116] [modloading-sync-worker/DEBUG] [net.neoforged.fml.config.ConfigTracker/CONFIG]: Watching TOML config file C:\Users\mahat\Twitch\Minecraft\Instances\PBMC 2026\config\appleskin-client.toml for changes
[05May2026 00:44:08.116] [modloading-sync-worker/DEBUG] [net.neoforged.fml.config.ConfigTracker/CONFIG]: Loaded TOML config file C:\Users\mahat\Twitch\Minecraft\Instances\PBMC 2026\config\moonlight-client.toml
[05May2026 00:44:08.117] [modloading-sync-worker/DEBUG] [net.neoforged.fml.config.ConfigTracker/CONFIG]: Watching TOML config file C:\Users\mahat\Twitch\Minecraft\Instances\PBMC 2026\config\moonlight-client.toml for changes
[05May2026 00:44:08.118] [modloading-sync-worker/DEBUG] [net.neoforged.fml.config.ConfigTracker/CONFIG]: Loaded TOML config file C:\Users\mahat\Twitch\Minecraft\Instances\PBMC 2026\config\lootr-client.toml
[05May2026 00:44:08.119] [modloading-sync-worker/DEBUG] [net.neoforged.fml.config.ConfigTracker/CONFIG]: Watching TOML config file C:\Users\mahat\Twitch\Minecraft\Instances\PBMC 2026\config\lootr-client.toml for changes
[05May2026 00:44:08.125] [modloading-sync-worker/DEBUG] [net.neoforged.fml.config.ConfigTracker/CONFIG]: Loaded TOML config file C:\Users\mahat\Twitch\Minecraft\Instances\PBMC 2026\config\ultimine_addition\client-config.toml
[05May2026 00:44:08.126] [modloading-sync-worker/DEBUG] [net.neoforged.fml.config.ConfigTracker/CONFIG]: Watching TOML config file C:\Users\mahat\Twitch\Minecraft\Instances\PBMC 2026\config\ultimine_addition\client-config.toml for changes
[05May2026 00:44:08.127] [modloading-sync-worker/DEBUG] [net.neoforged.fml.config.ConfigTracker/CONFIG]: Loaded TOML config file C:\Users\mahat\Twitch\Minecraft\Instances\PBMC 2026\config\improvedmobs\client.toml
[05May2026 00:44:08.128] [modloading-sync-worker/DEBUG] [net.neoforged.fml.config.ConfigTracker/CONFIG]: Watching TOML config file C:\Users\mahat\Twitch\Minecraft\Instances\PBMC 2026\config\improvedmobs\client.toml for changes
[05May2026 00:44:08.129] [modloading-sync-worker/DEBUG] [net.neoforged.fml.config.ConfigTracker/CONFIG]: Loaded TOML config file C:\Users\mahat\Twitch\Minecraft\Instances\PBMC 2026\config\better-advanced-tooltips-client.toml
[05May2026 00:44:08.129] [modloading-sync-worker/DEBUG] [net.neoforged.fml.config.ConfigTracker/CONFIG]: Watching TOML config file C:\Users\mahat\Twitch\Minecraft\Instances\PBMC 2026\config\better-advanced-tooltips-client.toml for changes
[05May2026 00:44:08.129] [modloading-sync-worker/DEBUG] [net.neoforged.fml.config.ConfigTracker/CONFIG]: Loading configs type COMMON
[05May2026 00:44:08.131] [modloading-sync-worker/DEBUG] [net.neoforged.fml.config.ConfigTracker/CONFIG]: Loaded TOML config file C:\Users\mahat\Twitch\Minecraft\Instances\PBMC 2026\config\sophisticatedcore-common.toml
[05May2026 00:44:08.132] [modloading-sync-worker/DEBUG] [net.neoforged.fml.config.ConfigTracker/CONFIG]: Watching TOML config file C:\Users\mahat\Twitch\Minecraft\Instances\PBMC 2026\config\sophisticatedcore-common.toml for changes
[05May2026 00:44:08.132] [modloading-sync-worker/INFO] [tfar.quickstack.DropOff/]: Loaded 2 block entities to blacklist
[05May2026 00:44:08.133] [modloading-sync-worker/DEBUG] [net.neoforged.fml.config.ConfigTracker/CONFIG]: Loaded TOML config file C:\Users\mahat\Twitch\Minecraft\Instances\PBMC 2026\config\quickstack-common.toml
[05May2026 00:44:08.134] [modloading-sync-worker/DEBUG] [net.neoforged.fml.config.ConfigTracker/CONFIG]: Watching TOML config file C:\Users\mahat\Twitch\Minecraft\Instances\PBMC 2026\config\quickstack-common.toml for changes
[05May2026 00:44:08.134] [modloading-sync-worker/DEBUG] [net.neoforged.fml.config.ConfigTracker/CONFIG]: Loaded TOML config file C:\Users\mahat\Twitch\Minecraft\Instances\PBMC 2026\config\modernfix-common.toml
[05May2026 00:44:08.135] [modloading-sync-worker/DEBUG] [net.neoforged.fml.config.ConfigTracker/CONFIG]: Watching TOML config file C:\Users\mahat\Twitch\Minecraft\Instances\PBMC 2026\config\modernfix-common.toml for changes
[05May2026 00:44:08.135] [modloading-sync-worker/DEBUG] [net.neoforged.neoforge.common.NeoForgeConfig/FORGEMOD]: Loaded NeoForge config file neoforge-common.toml
[05May2026 00:44:08.135] [modloading-sync-worker/DEBUG] [net.neoforged.fml.config.ConfigTracker/CONFIG]: Loaded TOML config file C:\Users\mahat\Twitch\Minecraft\Instances\PBMC 2026\config\neoforge-common.toml
[05May2026 00:44:08.135] [modloading-sync-worker/DEBUG] [net.neoforged.fml.config.ConfigTracker/CONFIG]: Watching TOML config file C:\Users\mahat\Twitch\Minecraft\Instances\PBMC 2026\config\neoforge-common.toml for changes
[05May2026 00:44:08.135] [modloading-sync-worker/DEBUG] [net.neoforged.fml.config.ConfigTracker/CONFIG]: Loaded TOML config file C:\Users\mahat\Twitch\Minecraft\Instances\PBMC 2026\config\sophisticatedbackpacks-common.toml
[05May2026 00:44:08.135] [modloading-sync-worker/DEBUG] [net.neoforged.fml.config.ConfigTracker/CONFIG]: Watching TOML config file C:\Users\mahat\Twitch\Minecraft\Instances\PBMC 2026\config\sophisticatedbackpacks-common.toml for changes
[05May2026 00:44:08.135] [modloading-sync-worker/DEBUG] [net.neoforged.fml.config.ConfigTracker/CONFIG]: Loaded TOML config file C:\Users\mahat\Twitch\Minecraft\Instances\PBMC 2026\config\sophisticatedstorage-common.toml
[05May2026 00:44:08.136] [modloading-sync-worker/DEBUG] [net.neoforged.fml.config.ConfigTracker/CONFIG]: Watching TOML config file C:\Users\mahat\Twitch\Minecraft\Instances\PBMC 2026\config\sophisticatedstorage-common.toml for changes
[05May2026 00:44:08.136] [modloading-sync-worker/DEBUG] [net.neoforged.fml.config.ConfigTracker/CONFIG]: Loaded TOML config file C:\Users\mahat\Twitch\Minecraft\Instances\PBMC 2026\config\moonlight-common.toml
[05May2026 00:44:08.136] [modloading-sync-worker/DEBUG] [net.neoforged.fml.config.ConfigTracker/CONFIG]: Watching TOML config file C:\Users\mahat\Twitch\Minecraft\Instances\PBMC 2026\config\moonlight-common.toml for changes
[05May2026 00:44:08.137] [modloading-sync-worker/DEBUG] [net.neoforged.fml.config.ConfigTracker/CONFIG]: Loaded TOML config file C:\Users\mahat\Twitch\Minecraft\Instances\PBMC 2026\config\trashslot-common.toml
[05May2026 00:44:08.138] [modloading-sync-worker/DEBUG] [net.neoforged.fml.config.ConfigTracker/CONFIG]: Watching TOML config file C:\Users\mahat\Twitch\Minecraft\Instances\PBMC 2026\config\trashslot-common.toml for changes
[05May2026 00:44:08.138] [modloading-sync-worker/DEBUG] [net.neoforged.fml.config.ConfigTracker/CONFIG]: Loaded TOML config file C:\Users\mahat\Twitch\Minecraft\Instances\PBMC 2026\config\dummmmmmy-common.toml
[05May2026 00:44:08.139] [modloading-sync-worker/DEBUG] [net.neoforged.fml.config.ConfigTracker/CONFIG]: Watching TOML config file C:\Users\mahat\Twitch\Minecraft\Instances\PBMC 2026\config\dummmmmmy-common.toml for changes
[05May2026 00:44:08.139] [modloading-sync-worker/DEBUG] [net.neoforged.fml.config.ConfigTracker/CONFIG]: Loaded TOML config file C:\Users\mahat\Twitch\Minecraft\Instances\PBMC 2026\config\curios-common.toml
[05May2026 00:44:08.141] [modloading-sync-worker/DEBUG] [net.neoforged.fml.config.ConfigTracker/CONFIG]: Watching TOML config file C:\Users\mahat\Twitch\Minecraft\Instances\PBMC 2026\config\curios-common.toml for changes
[05May2026 00:44:08.142] [modloading-sync-worker/DEBUG] [net.neoforged.fml.config.ConfigTracker/CONFIG]: Loaded TOML config file C:\Users\mahat\Twitch\Minecraft\Instances\PBMC 2026\config\highlighter.toml
[05May2026 00:44:08.144] [modloading-sync-worker/DEBUG] [net.neoforged.fml.config.ConfigTracker/CONFIG]: Watching TOML config file C:\Users\mahat\Twitch\Minecraft\Instances\PBMC 2026\config\highlighter.toml for changes
[05May2026 00:44:08.144] [modloading-sync-worker/INFO] [com.tom.storagemod.StorageMod/]: Loaded Tom's Simple Storage config file toms_storage-common.toml
[05May2026 00:44:08.145] [modloading-sync-worker/DEBUG] [net.neoforged.fml.config.ConfigTracker/CONFIG]: Loaded TOML config file C:\Users\mahat\Twitch\Minecraft\Instances\PBMC 2026\config\toms_storage-common.toml
[05May2026 00:44:08.145] [modloading-sync-worker/DEBUG] [net.neoforged.fml.config.ConfigTracker/CONFIG]: Watching TOML config file C:\Users\mahat\Twitch\Minecraft\Instances\PBMC 2026\config\toms_storage-common.toml for changes
[05May2026 00:44:08.165] [modloading-sync-worker/DEBUG] [net.neoforged.fml.config.ConfigTracker/CONFIG]: Loaded TOML config file C:\Users\mahat\Twitch\Minecraft\Instances\PBMC 2026\config\lootr-common.toml
[05May2026 00:44:08.165] [modloading-sync-worker/DEBUG] [net.neoforged.fml.config.ConfigTracker/CONFIG]: Watching TOML config file C:\Users\mahat\Twitch\Minecraft\Instances\PBMC 2026\config\lootr-common.toml for changes
[05May2026 00:44:08.169] [modloading-sync-worker/DEBUG] [net.neoforged.fml.config.ConfigTracker/CONFIG]: Loaded TOML config file C:\Users\mahat\Twitch\Minecraft\Instances\PBMC 2026\config\improvedmobs\common.toml
[05May2026 00:44:08.169] [modloading-sync-worker/DEBUG] [net.neoforged.fml.config.ConfigTracker/CONFIG]: Watching TOML config file C:\Users\mahat\Twitch\Minecraft\Instances\PBMC 2026\config\improvedmobs\common.toml for changes
[05May2026 00:44:08.171] [modloading-sync-worker/DEBUG] [net.neoforged.fml.config.ConfigTracker/CONFIG]: Loaded TOML config file C:\Users\mahat\Twitch\Minecraft\Instances\PBMC 2026\config\ultimine_addition\common-config.toml
[05May2026 00:44:08.171] [modloading-sync-worker/DEBUG] [net.neoforged.fml.config.ConfigTracker/CONFIG]: Watching TOML config file C:\Users\mahat\Twitch\Minecraft\Instances\PBMC 2026\config\ultimine_addition\common-config.toml for changes
[05May2026 00:44:08.200] [Render thread/DEBUG] [mixin/]: Mixing FilePackResourcesMixin from fusion.mixins.json into net.minecraft.server.packs.FilePackResources
[05May2026 00:44:08.200] [Render thread/DEBUG] [mixin/]: fusion.mixins.json:FilePackResourcesMixin from mod fusion: Class version 65 required is higher than the class version supported by the current version of Mixin (JAVA_17 supports class version 61)
[05May2026 00:44:08.200] [Render thread/DEBUG] [mixin/]: Renaming synthetic method lambda$modifyListResources$0(Ljava/util/Set;Lnet/minecraft/server/packs/PackResources$ResourceOutput;Lnet/minecraft/resources/ResourceLocation;Lnet/minecraft/server/packs/resources/IoSupplier;)V to md9b8020$fusion$lambda$modifyListResources$0$0 in fusion.mixins.json:FilePackResourcesMixin from mod fusion
[05May2026 00:44:08.205] [Render thread/DEBUG] [mixin/]: fusion.mixins.json:FilePackResourcesMixin from mod fusion->@Inject::getResource(Ljava/lang/String;Lorg/spongepowered/asm/mixin/injection/callback/CallbackInfoReturnable;)V does use it's CallbackInfoReturnable
[05May2026 00:44:08.261] [Render thread/INFO] [Moonlight/]: Merging 1 images using mode MIN_AREA_NO_UPSCALE
[05May2026 00:44:08.433] [Render thread/DEBUG] [mixin/]: Mixing DynamicTextureMixin from moonlight-common.mixins.json into net.minecraft.client.renderer.texture.DynamicTexture
[05May2026 00:44:08.434] [Render thread/DEBUG] [mixin/]: moonlight-common.mixins.json:DynamicTextureMixin from mod moonlight: Class version 65 required is higher than the class version supported by the current version of Mixin (JAVA_17 supports class version 61)
[05May2026 00:44:08.438] [Render thread/DEBUG] [mixin/]: Mixing perf.cache_profile_texture_url.SkinManagerMixin from modernfix-modernfix.mixins.json into net.minecraft.client.resources.SkinManager$TextureCache
[05May2026 00:44:08.477] [Render thread/DEBUG] [mixin/]: Mixing font_atlas_resizing.MixinGlyphAtlasTexture from immediatelyfast-common.mixins.json into net.minecraft.client.gui.font.FontTexture
[05May2026 00:44:08.477] [Render thread/DEBUG] [mixin/]: immediatelyfast-common.mixins.json:font_atlas_resizing.MixinGlyphAtlasTexture from mod immediatelyfast: Class version 65 required is higher than the class version supported by the current version of Mixin (JAVA_17 supports class version 61)
[05May2026 00:44:08.479] [Render thread/DEBUG] [mixin/]: immediatelyfast-common.mixins.json:font_atlas_resizing.MixinGlyphAtlasTexture from mod immediatelyfast->@Inject::checkFontAtlasResizing(Lorg/spongepowered/asm/mixin/injection/callback/CallbackInfo;)V doesn't use it's CallbackInfo
[05May2026 00:44:08.479] [Render thread/DEBUG] [mixin/]: immediatelyfast-common.mixins.json:font_atlas_resizing.MixinGlyphAtlasTexture from mod immediatelyfast->@Inject::checkFontAtlasResizing(Lorg/spongepowered/asm/mixin/injection/callback/CallbackInfo;)V has 0 override(s) in child classes
[05May2026 00:44:08.479] [Render thread/DEBUG] [mixin/]: immediatelyfast-common.mixins.json:font_atlas_resizing.MixinGlyphAtlasTexture from mod immediatelyfast->@Inject::checkFontAtlasResizing(Lorg/spongepowered/asm/mixin/injection/callback/CallbackInfo;)V won't be passed a CallbackInfo as a result
[05May2026 00:44:08.482] [Render thread/DEBUG] [mixin/]: Mixing core.MixinNeoForgeRenderTypes from immediatelyfast-neoforge.mixins.json into net.neoforged.neoforge.client.NeoForgeRenderTypes$Internal
[05May2026 00:44:08.491] [Render thread/DEBUG] [mixin/]: Mixing ClientHooksMixin from moonlight.mixins.json into net.neoforged.neoforge.client.ClientHooks
[05May2026 00:44:08.491] [Render thread/DEBUG] [mixin/]: moonlight.mixins.json:ClientHooksMixin from mod moonlight: Class version 65 required is higher than the class version supported by the current version of Mixin (JAVA_17 supports class version 61)
[05May2026 00:44:08.491] [Render thread/DEBUG] [mixin/]: Mixing ClientHooksMixin from iceberg.neoforge.mixins.json into net.neoforged.neoforge.client.ClientHooks
[05May2026 00:44:08.491] [Render thread/DEBUG] [mixin/]: iceberg.neoforge.mixins.json:ClientHooksMixin from mod iceberg: Class version 65 required is higher than the class version supported by the current version of Mixin (JAVA_17 supports class version 61)
[05May2026 00:44:08.506] [Render thread/DEBUG] [mixin/]: Mixing ModelPartAccessor from tenshilib.mixins.json into net.minecraft.client.model.geom.ModelPart
[05May2026 00:44:08.506] [Render thread/DEBUG] [mixin/]: tenshilib.mixins.json:ModelPartAccessor from mod tenshilib: Class version 65 required is higher than the class version supported by the current version of Mixin (JAVA_16 supports class version 60)
[05May2026 00:44:08.506] [Render thread/DEBUG] [mixin/]: Mixing MixinModelPart from xaerohud.mixins.json into net.minecraft.client.model.geom.ModelPart
[05May2026 00:44:08.506] [Render thread/DEBUG] [mixin/]: xaerohud.mixins.json:MixinModelPart from mod xaerominimap: Class version 65 required is higher than the class version supported by the current version of Mixin (JAVA_17 supports class version 61)
[05May2026 00:44:08.506] [Render thread/DEBUG] [mixin/]: xaerohud.mixins.json:MixinModelPart from mod xaerominimap->@Inject::onRender(Lcom/mojang/blaze3d/vertex/PoseStack$Pose;Lcom/mojang/blaze3d/vertex/VertexConsumer;IIILorg/spongepowered/asm/mixin/injection/callback/CallbackInfo;)V doesn't use it's CallbackInfo
[05May2026 00:44:08.506] [Render thread/DEBUG] [mixin/]: xaerohud.mixins.json:MixinModelPart from mod xaerominimap->@Inject::onRender(Lcom/mojang/blaze3d/vertex/PoseStack$Pose;Lcom/mojang/blaze3d/vertex/VertexConsumer;IIILorg/spongepowered/asm/mixin/injection/callback/CallbackInfo;)V has 0 override(s) in child classes
[05May2026 00:44:08.506] [Render thread/DEBUG] [mixin/]: xaerohud.mixins.json:MixinModelPart from mod xaerominimap->@Inject::onRender(Lcom/mojang/blaze3d/vertex/PoseStack$Pose;Lcom/mojang/blaze3d/vertex/VertexConsumer;IIILorg/spongepowered/asm/mixin/injection/callback/CallbackInfo;)V won't be passed a CallbackInfo as a result
[05May2026 00:44:08.508] [Render thread/DEBUG] [mixin/]: Mixing client.BlockEntityWithoutLevelRendererMixin from geckolib.mixins.json into net.minecraft.client.renderer.BlockEntityWithoutLevelRenderer
[05May2026 00:44:08.508] [Render thread/DEBUG] [mixin/]: geckolib.mixins.json:client.BlockEntityWithoutLevelRendererMixin from mod geckolib: Class version 65 required is higher than the class version supported by the current version of Mixin (JAVA_17 supports class version 61)
[05May2026 00:44:08.509] [Render thread/DEBUG] [mixin/]: Mixing client.BlockEntityWithoutLevelRendererMixin from ultimine_addition.common.mixins.json into net.minecraft.client.renderer.BlockEntityWithoutLevelRenderer
[05May2026 00:44:08.509] [Render thread/DEBUG] [mixin/]: ultimine_addition.common.mixins.json:client.BlockEntityWithoutLevelRendererMixin from mod ultimine_addition: Class version 65 required is higher than the class version supported by the current version of Mixin (JAVA_17 supports class version 61)
[05May2026 00:44:08.509] [Render thread/DEBUG] [mixin/]: geckolib.mixins.json:client.BlockEntityWithoutLevelRendererMixin from mod geckolib->@Inject::geckolib$renderGeckolibItem(Lnet/minecraft/world/item/ItemStack;Lnet/minecraft/world/item/ItemDisplayContext;Lcom/mojang/blaze3d/vertex/PoseStack;Lnet/minecraft/client/renderer/MultiBufferSource;IILorg/spongepowered/asm/mixin/injection/callback/CallbackInfo;)V does use it's CallbackInfo
[05May2026 00:44:08.509] [Render thread/DEBUG] [mixin/]: ultimine_addition.common.mixins.json:client.BlockEntityWithoutLevelRendererMixin from mod ultimine_addition->@Inject::UA$Inject$renderByItem(Lnet/minecraft/world/item/ItemStack;Lnet/minecraft/world/item/ItemDisplayContext;Lcom/mojang/blaze3d/vertex/PoseStack;Lnet/minecraft/client/renderer/MultiBufferSource;IILorg/spongepowered/asm/mixin/injection/callback/CallbackInfo;)V doesn't use it's CallbackInfo
[05May2026 00:44:08.509] [Render thread/DEBUG] [mixin/]: ultimine_addition.common.mixins.json:client.BlockEntityWithoutLevelRendererMixin from mod ultimine_addition->@Inject::UA$Inject$renderByItem(Lnet/minecraft/world/item/ItemStack;Lnet/minecraft/world/item/ItemDisplayContext;Lcom/mojang/blaze3d/vertex/PoseStack;Lnet/minecraft/client/renderer/MultiBufferSource;IILorg/spongepowered/asm/mixin/injection/callback/CallbackInfo;)V has 0 override(s) in child classes
[05May2026 00:44:08.509] [Render thread/DEBUG] [mixin/]: ultimine_addition.common.mixins.json:client.BlockEntityWithoutLevelRendererMixin from mod ultimine_addition->@Inject::UA$Inject$renderByItem(Lnet/minecraft/world/item/ItemStack;Lnet/minecraft/world/item/ItemDisplayContext;Lcom/mojang/blaze3d/vertex/PoseStack;Lnet/minecraft/client/renderer/MultiBufferSource;IILorg/spongepowered/asm/mixin/injection/callback/CallbackInfo;)V won't be passed a CallbackInfo as a result
[05May2026 00:44:08.514] [Render thread/DEBUG] [mixin/]: Mixing ModelBakeryAccessor from balm.mixins.json into net.minecraft.client.resources.model.ModelBakery
[05May2026 00:44:08.514] [Render thread/DEBUG] [mixin/]: balm.mixins.json:ModelBakeryAccessor from mod balm: Class version 65 required is higher than the class version supported by the current version of Mixin (JAVA_17 supports class version 61)
[05May2026 00:44:08.514] [Render thread/DEBUG] [mixin/]: Mixing ModelBakeryMixin from balm.neoforge.mixins.json into net.minecraft.client.resources.model.ModelBakery
[05May2026 00:44:08.514] [Render thread/DEBUG] [mixin/]: balm.neoforge.mixins.json:ModelBakeryMixin from mod balm->@Inject::apply(Lnet/minecraft/client/resources/model/ModelBakery$TextureGetter;Lorg/spongepowered/asm/mixin/injection/callback/CallbackInfo;)V doesn't use it's CallbackInfo
[05May2026 00:44:08.514] [Render thread/DEBUG] [mixin/]: balm.neoforge.mixins.json:ModelBakeryMixin from mod balm->@Inject::apply(Lnet/minecraft/client/resources/model/ModelBakery$TextureGetter;Lorg/spongepowered/asm/mixin/injection/callback/CallbackInfo;)V has 0 override(s) in child classes
[05May2026 00:44:08.514] [Render thread/DEBUG] [mixin/]: balm.neoforge.mixins.json:ModelBakeryMixin from mod balm->@Inject::apply(Lnet/minecraft/client/resources/model/ModelBakery$TextureGetter;Lorg/spongepowered/asm/mixin/injection/callback/CallbackInfo;)V won't be passed a CallbackInfo as a result
[05May2026 00:44:08.517] [Render thread/DEBUG] [mixin/]: Mixing BlockModelMixin from fusion.mixins.json into net.minecraft.client.renderer.block.model.BlockModel
[05May2026 00:44:08.517] [Render thread/DEBUG] [mixin/]: fusion.mixins.json:BlockModelMixin from mod fusion: Class version 65 required is higher than the class version supported by the current version of Mixin (JAVA_17 supports class version 61)
[05May2026 00:44:08.517] [Render thread/DEBUG] [mixin/]: Renaming synthetic method lambda$adjustModelGetter$0(Ljava/util/function/Function;Lnet/minecraft/resources/ResourceLocation;)Lnet/minecraft/client/resources/model/UnbakedModel; to md9b8020$fusion$lambda$adjustModelGetter$0$0 in fusion.mixins.json:BlockModelMixin from mod fusion
[05May2026 00:44:08.523] [Render thread/DEBUG] [mixin/]: Mixing BlockModelDeserializerMixin from fusion.mixins.json into net.neoforged.neoforge.client.model.ExtendedBlockModelDeserializer
[05May2026 00:44:08.524] [Render thread/DEBUG] [mixin/]: fusion.mixins.json:BlockModelDeserializerMixin from mod fusion: Class version 65 required is higher than the class version supported by the current version of Mixin (JAVA_17 supports class version 61)
[05May2026 00:44:08.524] [Render thread/DEBUG] [mixin/]: Renaming synthetic method lambda$static$0()Ljava/lang/Boolean; to md9b8020$fusion$lambda$static$0$0 in fusion.mixins.json:BlockModelDeserializerMixin from mod fusion
[05May2026 00:44:08.525] [Render thread/DEBUG] [mixin/]: fusion.mixins.json:BlockModelDeserializerMixin from mod fusion->@Inject::deserialize(Lcom/google/gson/JsonElement;Ljava/lang/reflect/Type;Lcom/google/gson/JsonDeserializationContext;Lorg/spongepowered/asm/mixin/injection/callback/CallbackInfoReturnable;)V does use it's CallbackInfoReturnable
[05May2026 00:44:08.526] [Render thread/DEBUG] [mixin/]: Mixing perf.model_optimizations.TransformationMatrixMixin from modernfix-modernfix.mixins.json into com.mojang.math.Transformation
[05May2026 00:44:08.530] [Render thread/DEBUG] [mixin/]: Mixing BufferSourceMixin from fusion.mixins.json into net.minecraft.client.renderer.MultiBufferSource$BufferSource
[05May2026 00:44:08.530] [Render thread/DEBUG] [mixin/]: fusion.mixins.json:BufferSourceMixin from mod fusion: Class version 65 required is higher than the class version supported by the current version of Mixin (JAVA_17 supports class version 61)
[05May2026 00:44:08.530] [Render thread/DEBUG] [mixin/]: Mixing client.AccessorMultiBufferSource from patchouli_xplat.mixins.json into net.minecraft.client.renderer.MultiBufferSource$BufferSource
[05May2026 00:44:08.530] [Render thread/DEBUG] [mixin/]: Mixing MixinBufferSource from xaerohud.mixins.json into net.minecraft.client.renderer.MultiBufferSource$BufferSource
[05May2026 00:44:08.530] [Render thread/DEBUG] [mixin/]: xaerohud.mixins.json:MixinBufferSource from mod xaerominimap: Class version 65 required is higher than the class version supported by the current version of Mixin (JAVA_17 supports class version 61)
[05May2026 00:44:08.530] [Render thread/DEBUG] [mixin/]: fusion.mixins.json:BufferSourceMixin from mod fusion->@Inject::getBuffer(Lnet/minecraft/client/renderer/RenderType;Lorg/spongepowered/asm/mixin/injection/callback/CallbackInfoReturnable;)V doesn't use it's CallbackInfoReturnable
[05May2026 00:44:08.530] [Render thread/DEBUG] [mixin/]: fusion.mixins.json:BufferSourceMixin from mod fusion->@Inject::getBuffer(Lnet/minecraft/client/renderer/RenderType;Lorg/spongepowered/asm/mixin/injection/callback/CallbackInfoReturnable;)V has 0 override(s) in child classes
[05May2026 00:44:08.530] [Render thread/DEBUG] [mixin/]: fusion.mixins.json:BufferSourceMixin from mod fusion->@Inject::getBuffer(Lnet/minecraft/client/renderer/RenderType;Lorg/spongepowered/asm/mixin/injection/callback/CallbackInfoReturnable;)V won't be passed a CallbackInfoReturnable as a result
[05May2026 00:44:08.532] [Render thread/DEBUG] [mixin/]: Mixing MixinBatchableBufferSource from xaerohud.mixins.json into net.raphimc.immediatelyfast.feature.core.BatchableBufferSource
[05May2026 00:44:08.532] [Render thread/DEBUG] [mixin/]: xaerohud.mixins.json:MixinBatchableBufferSource from mod xaerominimap: Class version 65 required is higher than the class version supported by the current version of Mixin (JAVA_17 supports class version 61)
[05May2026 00:44:08.537] [Render thread/DEBUG] [mixin/]: Mixing OutlineBufferSourceMixin from fusion.mixins.json into net.minecraft.client.renderer.OutlineBufferSource
[05May2026 00:44:08.537] [Render thread/DEBUG] [mixin/]: fusion.mixins.json:OutlineBufferSourceMixin from mod fusion: Class version 65 required is higher than the class version supported by the current version of Mixin (JAVA_17 supports class version 61)
[05May2026 00:44:08.537] [Render thread/DEBUG] [mixin/]: fusion.mixins.json:OutlineBufferSourceMixin from mod fusion->@Inject::getBuffer(Lnet/minecraft/client/renderer/RenderType;Lorg/spongepowered/asm/mixin/injection/callback/CallbackInfoReturnable;)V doesn't use it's CallbackInfoReturnable
[05May2026 00:44:08.537] [Render thread/DEBUG] [mixin/]: fusion.mixins.json:OutlineBufferSourceMixin from mod fusion->@Inject::getBuffer(Lnet/minecraft/client/renderer/RenderType;Lorg/spongepowered/asm/mixin/injection/callback/CallbackInfoReturnable;)V has 0 override(s) in child classes
[05May2026 00:44:08.537] [Render thread/DEBUG] [mixin/]: fusion.mixins.json:OutlineBufferSourceMixin from mod fusion->@Inject::getBuffer(Lnet/minecraft/client/renderer/RenderType;Lorg/spongepowered/asm/mixin/injection/callback/CallbackInfoReturnable;)V won't be passed a CallbackInfoReturnable as a result
[05May2026 00:44:08.537] [Render thread/DEBUG] [mixin/]: Mixing ModelBlockRendererMixin from fusion.mixins.json into net.minecraft.client.renderer.block.ModelBlockRenderer
[05May2026 00:44:08.537] [Render thread/DEBUG] [mixin/]: fusion.mixins.json:ModelBlockRendererMixin from mod fusion: Class version 65 required is higher than the class version supported by the current version of Mixin (JAVA_17 supports class version 61)
[05May2026 00:44:08.540] [Render thread/DEBUG] [mixin/]: Mixing neoforge.QuadLighterMixin from fusion.mixins.json into net.neoforged.neoforge.client.model.lighting.QuadLighter
[05May2026 00:44:08.540] [Render thread/DEBUG] [mixin/]: fusion.mixins.json:neoforge.QuadLighterMixin from mod fusion: Class version 65 required is higher than the class version supported by the current version of Mixin (JAVA_17 supports class version 61)
[05May2026 00:44:08.545] [Render thread/DEBUG] [mixin/]: Mixing ItemInHandRendererMixin from relics.mixins.json into net.minecraft.client.renderer.ItemInHandRenderer
[05May2026 00:44:08.545] [Render thread/DEBUG] [mixin/]: Mixing dual.ItemInHandRendererMixin from tenshilib.mixins.json into net.minecraft.client.renderer.ItemInHandRenderer
[05May2026 00:44:08.545] [Render thread/DEBUG] [mixin/]: tenshilib.mixins.json:dual.ItemInHandRendererMixin from mod tenshilib: Class version 65 required is higher than the class version supported by the current version of Mixin (JAVA_16 supports class version 60)
[05May2026 00:44:08.545] [Render thread/DEBUG] [mixin/]: Mixing ItemInHandRendererMixin from moonlight-common.mixins.json into net.minecraft.client.renderer.ItemInHandRenderer
[05May2026 00:44:08.545] [Render thread/DEBUG] [mixin/]: moonlight-common.mixins.json:ItemInHandRendererMixin from mod moonlight: Class version 65 required is higher than the class version supported by the current version of Mixin (JAVA_17 supports class version 61)
[05May2026 00:44:08.546] [Render thread/DEBUG] [mixin/]: relics.mixins.json:ItemInHandRendererMixin from mod relics->@Inject::onRender(Lnet/minecraft/world/entity/LivingEntity;Lnet/minecraft/world/item/ItemStack;Lnet/minecraft/world/item/ItemDisplayContext;ZLcom/mojang/blaze3d/vertex/PoseStack;Lnet/minecraft/client/renderer/MultiBufferSource;ILorg/spongepowered/asm/mixin/injection/callback/CallbackInfo;)V doesn't use it's CallbackInfo
[05May2026 00:44:08.546] [Render thread/DEBUG] [mixin/]: relics.mixins.json:ItemInHandRendererMixin from mod relics->@Inject::onRender(Lnet/minecraft/world/entity/LivingEntity;Lnet/minecraft/world/item/ItemStack;Lnet/minecraft/world/item/ItemDisplayContext;ZLcom/mojang/blaze3d/vertex/PoseStack;Lnet/minecraft/client/renderer/MultiBufferSource;ILorg/spongepowered/asm/mixin/injection/callback/CallbackInfo;)V has 0 override(s) in child classes
[05May2026 00:44:08.546] [Render thread/DEBUG] [mixin/]: relics.mixins.json:ItemInHandRendererMixin from mod relics->@Inject::onRender(Lnet/minecraft/world/entity/LivingEntity;Lnet/minecraft/world/item/ItemStack;Lnet/minecraft/world/item/ItemDisplayContext;ZLcom/mojang/blaze3d/vertex/PoseStack;Lnet/minecraft/client/renderer/MultiBufferSource;ILorg/spongepowered/asm/mixin/injection/callback/CallbackInfo;)V won't be passed a CallbackInfo as a result
[05May2026 00:44:08.546] [Render thread/DEBUG] [mixin/]: tenshilib.mixins.json:dual.ItemInHandRendererMixin from mod tenshilib->@Inject::itemUsed(Lnet/minecraft/world/InteractionHand;Lorg/spongepowered/asm/mixin/injection/callback/CallbackInfo;)V doesn't use it's CallbackInfo
[05May2026 00:44:08.546] [Render thread/DEBUG] [mixin/]: tenshilib.mixins.json:dual.ItemInHandRendererMixin from mod tenshilib->@Inject::itemUsed(Lnet/minecraft/world/InteractionHand;Lorg/spongepowered/asm/mixin/injection/callback/CallbackInfo;)V has 0 override(s) in child classes
[05May2026 00:44:08.546] [Render thread/DEBUG] [mixin/]: tenshilib.mixins.json:dual.ItemInHandRendererMixin from mod tenshilib->@Inject::itemUsed(Lnet/minecraft/world/InteractionHand;Lorg/spongepowered/asm/mixin/injection/callback/CallbackInfo;)V won't be passed a CallbackInfo as a result
[05May2026 00:44:08.546] [Render thread/DEBUG] [mixin/]: moonlight-common.mixins.json:ItemInHandRendererMixin from mod moonlight->@Inject::moonlight$animateItem(Lnet/minecraft/client/player/AbstractClientPlayer;FFLnet/minecraft/world/InteractionHand;FLnet/minecraft/world/item/ItemStack;FLcom/mojang/blaze3d/vertex/PoseStack;Lnet/minecraft/client/renderer/MultiBufferSource;ILorg/spongepowered/asm/mixin/injection/callback/CallbackInfo;)V doesn't use it's CallbackInfo
[05May2026 00:44:08.546] [Render thread/DEBUG] [mixin/]: moonlight-common.mixins.json:ItemInHandRendererMixin from mod moonlight->@Inject::moonlight$animateItem(Lnet/minecraft/client/player/AbstractClientPlayer;FFLnet/minecraft/world/InteractionHand;FLnet/minecraft/world/item/ItemStack;FLcom/mojang/blaze3d/vertex/PoseStack;Lnet/minecraft/client/renderer/MultiBufferSource;ILorg/spongepowered/asm/mixin/injection/callback/CallbackInfo;)V has 0 override(s) in child classes
[05May2026 00:44:08.546] [Render thread/DEBUG] [mixin/]: moonlight-common.mixins.json:ItemInHandRendererMixin from mod moonlight->@Inject::moonlight$animateItem(Lnet/minecraft/client/player/AbstractClientPlayer;FFLnet/minecraft/world/InteractionHand;FLnet/minecraft/world/item/ItemStack;FLcom/mojang/blaze3d/vertex/PoseStack;Lnet/minecraft/client/renderer/MultiBufferSource;ILorg/spongepowered/asm/mixin/injection/callback/CallbackInfo;)V won't be passed a CallbackInfo as a result
[05May2026 00:44:08.546] [Render thread/DEBUG] [mixin/]: moonlight-common.mixins.json:ItemInHandRendererMixin from mod moonlight->@Inject::moonlight$renderSpecial(Lnet/minecraft/client/player/AbstractClientPlayer;FFLnet/minecraft/world/InteractionHand;FLnet/minecraft/world/item/ItemStack;FLcom/mojang/blaze3d/vertex/PoseStack;Lnet/minecraft/client/renderer/MultiBufferSource;ILorg/spongepowered/asm/mixin/injection/callback/CallbackInfo;)V does use it's CallbackInfo
[05May2026 00:44:08.550] [Render thread/DEBUG] [mixin/]: Mixing TerrainParticleMixin from fusion.mixins.json into net.minecraft.client.particle.TerrainParticle
[05May2026 00:44:08.550] [Render thread/DEBUG] [mixin/]: fusion.mixins.json:TerrainParticleMixin from mod fusion: Class version 65 required is higher than the class version supported by the current version of Mixin (JAVA_17 supports class version 61)
[05May2026 00:44:08.551] [Render thread/DEBUG] [mixin/]: fusion.mixins.json:TerrainParticleMixin from mod fusion->@Inject::tintQuad(Lnet/minecraft/client/multiplayer/ClientLevel;DDDDDDLnet/minecraft/world/level/block/state/BlockState;Lnet/minecraft/core/BlockPos;Lorg/spongepowered/asm/mixin/injection/callback/CallbackInfo;)V doesn't use it's CallbackInfo
[05May2026 00:44:08.551] [Render thread/DEBUG] [mixin/]: fusion.mixins.json:TerrainParticleMixin from mod fusion->@Inject::tintQuad(Lnet/minecraft/client/multiplayer/ClientLevel;DDDDDDLnet/minecraft/world/level/block/state/BlockState;Lnet/minecraft/core/BlockPos;Lorg/spongepowered/asm/mixin/injection/callback/CallbackInfo;)V has 0 override(s) in child classes
[05May2026 00:44:08.551] [Render thread/DEBUG] [mixin/]: fusion.mixins.json:TerrainParticleMixin from mod fusion->@Inject::tintQuad(Lnet/minecraft/client/multiplayer/ClientLevel;DDDDDDLnet/minecraft/world/level/block/state/BlockState;Lnet/minecraft/core/BlockPos;Lorg/spongepowered/asm/mixin/injection/callback/CallbackInfo;)V won't be passed a CallbackInfo as a result
[05May2026 00:44:08.604] [Render thread/DEBUG] [mixin/]: Mixing OverlayTextureMixin from tenshilib.mixins.json into net.minecraft.client.renderer.texture.OverlayTexture
[05May2026 00:44:08.604] [Render thread/DEBUG] [mixin/]: tenshilib.mixins.json:OverlayTextureMixin from mod tenshilib: Class version 65 required is higher than the class version supported by the current version of Mixin (JAVA_16 supports class version 60)
[05May2026 00:44:08.608] [Render thread/DEBUG] [mixin/]: Mixing CameraMixin from relics.mixins.json into net.minecraft.client.Camera
[05May2026 00:44:08.608] [Render thread/DEBUG] [mixin/]: Mixing shakes.CameraMixin from relics.mixins.json into net.minecraft.client.Camera
[05May2026 00:44:08.613] [Render thread/DEBUG] [mixin/]: relics.mixins.json:CameraMixin from mod relics->@Inject::onRotationUpdate(FFFLorg/spongepowered/asm/mixin/injection/callback/CallbackInfo;)V does use it's CallbackInfo
[05May2026 00:44:08.613] [Render thread/DEBUG] [mixin/]: relics.mixins.json:shakes.CameraMixin from mod relics->@Inject::onSetup(Lnet/minecraft/world/level/BlockGetter;Lnet/minecraft/world/entity/Entity;ZZFLorg/spongepowered/asm/mixin/injection/callback/CallbackInfo;)V doesn't use it's CallbackInfo
[05May2026 00:44:08.613] [Render thread/DEBUG] [mixin/]: relics.mixins.json:shakes.CameraMixin from mod relics->@Inject::onSetup(Lnet/minecraft/world/level/BlockGetter;Lnet/minecraft/world/entity/Entity;ZZFLorg/spongepowered/asm/mixin/injection/callback/CallbackInfo;)V has 0 override(s) in child classes
[05May2026 00:44:08.613] [Render thread/DEBUG] [mixin/]: relics.mixins.json:shakes.CameraMixin from mod relics->@Inject::onSetup(Lnet/minecraft/world/level/BlockGetter;Lnet/minecraft/world/entity/Entity;ZZFLorg/spongepowered/asm/mixin/injection/callback/CallbackInfo;)V won't be passed a CallbackInfo as a result
[05May2026 00:44:08.614] [Render thread/DEBUG] [mixin/]: Mixing MapRendererMixin from moonlight-common.mixins.json into net.minecraft.client.gui.MapRenderer
[05May2026 00:44:08.614] [Render thread/DEBUG] [mixin/]: moonlight-common.mixins.json:MapRendererMixin from mod moonlight: Class version 65 required is higher than the class version supported by the current version of Mixin (JAVA_17 supports class version 61)
[05May2026 00:44:08.616] [Render thread/DEBUG] [mixin/]: Mixing map_atlas_generation.MixinMapRenderer from immediatelyfast-common.mixins.json into net.minecraft.client.gui.MapRenderer
[05May2026 00:44:08.616] [Render thread/DEBUG] [mixin/]: immediatelyfast-common.mixins.json:map_atlas_generation.MixinMapRenderer from mod immediatelyfast: Class version 65 required is higher than the class version supported by the current version of Mixin (JAVA_17 supports class version 61)
[05May2026 00:44:08.616] [Render thread/DEBUG] [mixin/]: Renaming synthetic method lambda$createMapAtlasTexture$0(I)I to md9b8020$immediatelyfast$lambda$createMapAtlasTexture$0$0 in immediatelyfast-common.mixins.json:map_atlas_generation.MixinMapRenderer from mod immediatelyfast
[05May2026 00:44:08.624] [Render thread/DEBUG] [mixin/]: moonlight-common.mixins.json:MapRendererMixin from mod moonlight->@Inject::render(Lcom/mojang/blaze3d/vertex/PoseStack;Lnet/minecraft/client/renderer/MultiBufferSource;Lnet/minecraft/world/level/saveddata/maps/MapId;Lnet/minecraft/world/level/saveddata/maps/MapItemSavedData;ZILorg/spongepowered/asm/mixin/injection/callback/CallbackInfo;)V doesn't use it's CallbackInfo
[05May2026 00:44:08.624] [Render thread/DEBUG] [mixin/]: moonlight-common.mixins.json:MapRendererMixin from mod moonlight->@Inject::render(Lcom/mojang/blaze3d/vertex/PoseStack;Lnet/minecraft/client/renderer/MultiBufferSource;Lnet/minecraft/world/level/saveddata/maps/MapId;Lnet/minecraft/world/level/saveddata/maps/MapItemSavedData;ZILorg/spongepowered/asm/mixin/injection/callback/CallbackInfo;)V has 0 override(s) in child classes
[05May2026 00:44:08.624] [Render thread/DEBUG] [mixin/]: moonlight-common.mixins.json:MapRendererMixin from mod moonlight->@Inject::render(Lcom/mojang/blaze3d/vertex/PoseStack;Lnet/minecraft/client/renderer/MultiBufferSource;Lnet/minecraft/world/level/saveddata/maps/MapId;Lnet/minecraft/world/level/saveddata/maps/MapItemSavedData;ZILorg/spongepowered/asm/mixin/injection/callback/CallbackInfo;)V won't be passed a CallbackInfo as a result
[05May2026 00:44:08.624] [Render thread/DEBUG] [mixin/]: immediatelyfast-common.mixins.json:map_atlas_generation.MixinMapRenderer from mod immediatelyfast->@Inject::clearMapAtlasTextures(Lorg/spongepowered/asm/mixin/injection/callback/CallbackInfo;)V doesn't use it's CallbackInfo
[05May2026 00:44:08.624] [Render thread/DEBUG] [mixin/]: immediatelyfast-common.mixins.json:map_atlas_generation.MixinMapRenderer from mod immediatelyfast->@Inject::clearMapAtlasTextures(Lorg/spongepowered/asm/mixin/injection/callback/CallbackInfo;)V has 0 override(s) in child classes
[05May2026 00:44:08.624] [Render thread/DEBUG] [mixin/]: immediatelyfast-common.mixins.json:map_atlas_generation.MixinMapRenderer from mod immediatelyfast->@Inject::clearMapAtlasTextures(Lorg/spongepowered/asm/mixin/injection/callback/CallbackInfo;)V won't be passed a CallbackInfo as a result
[05May2026 00:44:08.624] [Render thread/DEBUG] [mixin/]: immediatelyfast-common.mixins.json:map_atlas_generation.MixinMapRenderer from mod immediatelyfast->@Inject::createMapAtlasTexture(Lnet/minecraft/world/level/saveddata/maps/MapId;Lnet/minecraft/world/level/saveddata/maps/MapItemSavedData;Lorg/spongepowered/asm/mixin/injection/callback/CallbackInfoReturnable;)V doesn't use it's CallbackInfoReturnable
[05May2026 00:44:08.624] [Render thread/DEBUG] [mixin/]: immediatelyfast-common.mixins.json:map_atlas_generation.MixinMapRenderer from mod immediatelyfast->@Inject::createMapAtlasTexture(Lnet/minecraft/world/level/saveddata/maps/MapId;Lnet/minecraft/world/level/saveddata/maps/MapItemSavedData;Lorg/spongepowered/asm/mixin/injection/callback/CallbackInfoReturnable;)V has 0 override(s) in child classes
[05May2026 00:44:08.624] [Render thread/DEBUG] [mixin/]: immediatelyfast-common.mixins.json:map_atlas_generation.MixinMapRenderer from mod immediatelyfast->@Inject::createMapAtlasTexture(Lnet/minecraft/world/level/saveddata/maps/MapId;Lnet/minecraft/world/level/saveddata/maps/MapItemSavedData;Lorg/spongepowered/asm/mixin/injection/callback/CallbackInfoReturnable;)V won't be passed a CallbackInfoReturnable as a result
[05May2026 00:44:08.627] [Render thread/DEBUG] [mixin/]: Mixing client.MixinLightTexture from DistantHorizons.neoforge.mixins.json into net.minecraft.client.renderer.LightTexture
[05May2026 00:44:08.629] [Render thread/DEBUG] [mixin/]: DistantHorizons.neoforge.mixins.json:client.MixinLightTexture from mod distanthorizons->@Inject::updateLightTexture(FLorg/spongepowered/asm/mixin/injection/callback/CallbackInfo;)V doesn't use it's CallbackInfo
[05May2026 00:44:08.629] [Render thread/DEBUG] [mixin/]: DistantHorizons.neoforge.mixins.json:client.MixinLightTexture from mod distanthorizons->@Inject::updateLightTexture(FLorg/spongepowered/asm/mixin/injection/callback/CallbackInfo;)V has 0 override(s) in child classes
[05May2026 00:44:08.629] [Render thread/DEBUG] [mixin/]: DistantHorizons.neoforge.mixins.json:client.MixinLightTexture from mod distanthorizons->@Inject::updateLightTexture(FLorg/spongepowered/asm/mixin/injection/callback/CallbackInfo;)V won't be passed a CallbackInfo as a result
[05May2026 00:44:08.634] [Render thread/DEBUG] [mixin/]: Mixing fast_buffer_upload.MixinVertexBuffer from immediatelyfast-common.mixins.json into com.mojang.blaze3d.vertex.VertexBuffer
[05May2026 00:44:08.634] [Render thread/DEBUG] [mixin/]: immediatelyfast-common.mixins.json:fast_buffer_upload.MixinVertexBuffer from mod immediatelyfast: Class version 65 required is higher than the class version supported by the current version of Mixin (JAVA_17 supports class version 61)
[05May2026 00:44:08.637] [Render thread/DEBUG] [mixin/]: Mixing hud_batching.compat.MixinBufferRenderer from immediatelyfast-common.mixins.json into com.mojang.blaze3d.vertex.BufferUploader
[05May2026 00:44:08.637] [Render thread/DEBUG] [mixin/]: immediatelyfast-common.mixins.json:hud_batching.compat.MixinBufferRenderer from mod immediatelyfast: Class version 65 required is higher than the class version supported by the current version of Mixin (JAVA_17 supports class version 61)
[05May2026 00:44:08.637] [Render thread/DEBUG] [mixin/]: immediatelyfast-common.mixins.json:hud_batching.compat.MixinBufferRenderer from mod immediatelyfast->@Inject::checkForDrawCallWhileBatching(Lorg/spongepowered/asm/mixin/injection/callback/CallbackInfo;)V doesn't use it's CallbackInfo
[05May2026 00:44:08.637] [Render thread/DEBUG] [mixin/]: immediatelyfast-common.mixins.json:hud_batching.compat.MixinBufferRenderer from mod immediatelyfast->@Inject::checkForDrawCallWhileBatching(Lorg/spongepowered/asm/mixin/injection/callback/CallbackInfo;)V doesn't use it's CallbackInfo
[05May2026 00:44:08.637] [Render thread/DEBUG] [mixin/]: Mixing BufferBuilderAccessor from tenshilib.mixins.json into com.mojang.blaze3d.vertex.BufferBuilder
[05May2026 00:44:08.637] [Render thread/DEBUG] [mixin/]: tenshilib.mixins.json:BufferBuilderAccessor from mod tenshilib: Class version 65 required is higher than the class version supported by the current version of Mixin (JAVA_16 supports class version 60)
[05May2026 00:44:08.653] [Render thread/DEBUG] [mixin/]: Mixing hud_batching.MixinLayeredDrawer from immediatelyfast-common.mixins.json into net.minecraft.client.gui.LayeredDraw
[05May2026 00:44:08.653] [Render thread/DEBUG] [mixin/]: immediatelyfast-common.mixins.json:hud_batching.MixinLayeredDrawer from mod immediatelyfast: Class version 65 required is higher than the class version supported by the current version of Mixin (JAVA_17 supports class version 61)
[05May2026 00:44:08.654] [Render thread/DEBUG] [mixin/]: immediatelyfast-common.mixins.json:hud_batching.MixinLayeredDrawer from mod immediatelyfast->@Inject::renderBatch(Lnet/minecraft/client/gui/GuiGraphics;Lnet/minecraft/client/DeltaTracker;Lorg/spongepowered/asm/mixin/injection/callback/CallbackInfo;)V doesn't use it's CallbackInfo
[05May2026 00:44:08.654] [Render thread/DEBUG] [mixin/]: immediatelyfast-common.mixins.json:hud_batching.MixinLayeredDrawer from mod immediatelyfast->@Inject::renderBatch(Lnet/minecraft/client/gui/GuiGraphics;Lnet/minecraft/client/DeltaTracker;Lorg/spongepowered/asm/mixin/injection/callback/CallbackInfo;)V has 0 override(s) in child classes
[05May2026 00:44:08.654] [Render thread/DEBUG] [mixin/]: immediatelyfast-common.mixins.json:hud_batching.MixinLayeredDrawer from mod immediatelyfast->@Inject::renderBatch(Lnet/minecraft/client/gui/GuiGraphics;Lnet/minecraft/client/DeltaTracker;Lorg/spongepowered/asm/mixin/injection/callback/CallbackInfo;)V won't be passed a CallbackInfo as a result
[05May2026 00:44:08.654] [Render thread/DEBUG] [mixin/]: Mixing hud_batching.MixinGuiLayerManager from immediatelyfast-neoforge.mixins.json into net.neoforged.neoforge.client.gui.GuiLayerManager
[05May2026 00:44:08.655] [Render thread/DEBUG] [mixin/]: immediatelyfast-neoforge.mixins.json:hud_batching.MixinGuiLayerManager from mod immediatelyfast->@Inject::renderBatch(Lnet/minecraft/client/gui/GuiGraphics;Lnet/minecraft/client/DeltaTracker;Lorg/spongepowered/asm/mixin/injection/callback/CallbackInfo;)V doesn't use it's CallbackInfo
[05May2026 00:44:08.655] [Render thread/DEBUG] [mixin/]: immediatelyfast-neoforge.mixins.json:hud_batching.MixinGuiLayerManager from mod immediatelyfast->@Inject::renderBatch(Lnet/minecraft/client/gui/GuiGraphics;Lnet/minecraft/client/DeltaTracker;Lorg/spongepowered/asm/mixin/injection/callback/CallbackInfo;)V has 0 override(s) in child classes
[05May2026 00:44:08.655] [Render thread/DEBUG] [mixin/]: immediatelyfast-neoforge.mixins.json:hud_batching.MixinGuiLayerManager from mod immediatelyfast->@Inject::renderBatch(Lnet/minecraft/client/gui/GuiGraphics;Lnet/minecraft/client/DeltaTracker;Lorg/spongepowered/asm/mixin/injection/callback/CallbackInfo;)V won't be passed a CallbackInfo as a result
[05May2026 00:44:08.696] [Render thread/DEBUG] [mixin/]: Mixing client.AnvilScreenMixin from apothic_enchanting.mixins.json into net.minecraft.client.gui.screens.inventory.AnvilScreen
[05May2026 00:44:08.700] [Render thread/DEBUG] [mixin/]: Mixing RecipeBookWidgetMixin from emi.mixins.json into net.minecraft.client.gui.screens.recipebook.RecipeBookComponent
[05May2026 00:44:08.700] [Render thread/DEBUG] [mixin/]: emi.mixins.json:RecipeBookWidgetMixin from mod emi: Class version 65 required is higher than the class version supported by the current version of Mixin (JAVA_17 supports class version 61)
[05May2026 00:44:08.702] [Render thread/DEBUG] [mixin/]: emi.mixins.json:RecipeBookWidgetMixin from mod emi->@Inject::toggleOpen(Lorg/spongepowered/asm/mixin/injection/callback/CallbackInfo;)V does use it's CallbackInfo
[05May2026 00:44:08.706] [Render thread/DEBUG] [mixin/]: Mixing client.EnchantmentScreenMixin from apothic_enchanting.mixins.json into net.minecraft.client.gui.screens.inventory.EnchantmentScreen
[05May2026 00:44:08.712] [Render thread/DEBUG] [mixin/]: Mixing MixinMerchantScreen from mixins.ipnext.json into net.minecraft.client.gui.screens.inventory.MerchantScreen
[05May2026 00:44:08.715] [Render thread/DEBUG] [mixin/]: mixins.ipnext.json:MixinMerchantScreen from mod inventoryprofilesnext->@Inject::render(Lnet/minecraft/client/gui/GuiGraphics;IIFLorg/spongepowered/asm/mixin/injection/callback/CallbackInfo;Lnet/minecraft/world/item/trading/MerchantOffers;IIIIILjava/util/Iterator;Lnet/minecraft/world/item/trading/MerchantOffer;Lnet/minecraft/world/item/ItemStack;Lnet/minecraft/world/item/ItemStack;Lnet/minecraft/world/item/ItemStack;Lnet/minecraft/world/item/ItemStack;)V doesn't use it's CallbackInfo
[05May2026 00:44:08.715] [Render thread/DEBUG] [mixin/]: mixins.ipnext.json:MixinMerchantScreen from mod inventoryprofilesnext->@Inject::render(Lnet/minecraft/client/gui/GuiGraphics;IIFLorg/spongepowered/asm/mixin/injection/callback/CallbackInfo;Lnet/minecraft/world/item/trading/MerchantOffers;IIIIILjava/util/Iterator;Lnet/minecraft/world/item/trading/MerchantOffer;Lnet/minecraft/world/item/ItemStack;Lnet/minecraft/world/item/ItemStack;Lnet/minecraft/world/item/ItemStack;Lnet/minecraft/world/item/ItemStack;)V has 0 override(s) in child classes
[05May2026 00:44:08.715] [Render thread/DEBUG] [mixin/]: mixins.ipnext.json:MixinMerchantScreen from mod inventoryprofilesnext->@Inject::render(Lnet/minecraft/client/gui/GuiGraphics;IIFLorg/spongepowered/asm/mixin/injection/callback/CallbackInfo;Lnet/minecraft/world/item/trading/MerchantOffers;IIIIILjava/util/Iterator;Lnet/minecraft/world/item/trading/MerchantOffer;Lnet/minecraft/world/item/ItemStack;Lnet/minecraft/world/item/ItemStack;Lnet/minecraft/world/item/ItemStack;Lnet/minecraft/world/item/ItemStack;)V won't be passed a CallbackInfo as a result
[05May2026 00:44:08.782] [Render thread/DEBUG] [mixin/]: Mixing render.BeltModelMixin from reliquified_artifacts.mixins.json into artifacts.client.item.model.BeltModel
[05May2026 00:44:08.782] [Render thread/DEBUG] [mixin/]: reliquified_artifacts.mixins.json:render.BeltModelMixin from mod reliquified_artifacts: Class version 65 required is higher than the class version supported by the current version of Mixin (JAVA_8 supports class version 52)
[05May2026 00:44:08.782] [Render thread/DEBUG] [mixin/]: reliquified_artifacts.mixins.json:render.BeltModelMixin from mod reliquified_artifacts->@Inject::createBelt(Lnet/minecraft/client/model/geom/builders/CubeListBuilder;Lorg/spongepowered/asm/mixin/injection/callback/CallbackInfoReturnable;)V does use it's CallbackInfoReturnable
[05May2026 00:44:08.799] [Render thread/DEBUG] [mixin/]: Mixing bugfix.entity_pose_stack.LivingEntityRendererMixin from modernfix-modernfix.mixins.json into net.minecraft.client.renderer.entity.LivingEntityRenderer
[05May2026 00:44:08.799] [Render thread/DEBUG] [mixin/]: Mixing safety.LivingEntityRendererMixin from modernfix-modernfix.mixins.json into net.minecraft.client.renderer.entity.LivingEntityRenderer
[05May2026 00:44:08.800] [Render thread/DEBUG] [mixin/]: Renaming synthetic method lambda$handleOffThreadLayerAdd$0(Lnet/minecraft/client/renderer/entity/layers/RenderLayer;)V to md9b8020$modernfix$lambda$handleOffThreadLayerAdd$0$0 in modernfix-modernfix.mixins.json:safety.LivingEntityRendererMixin from mod modernfix
[05May2026 00:44:08.800] [Render thread/DEBUG] [mixin/]: Mixing accessors.client.LivingEntityRendererAccessor from mixins.artifacts.common.json into net.minecraft.client.renderer.entity.LivingEntityRenderer
[05May2026 00:44:08.800] [Render thread/DEBUG] [mixin/]: Mixing LivingEntityRendererMixin from relics.mixins.json into net.minecraft.client.renderer.entity.LivingEntityRenderer
[05May2026 00:44:08.801] [Render thread/DEBUG] [mixin/]: Mixing LivingEntityRendererAccessor from tenshilib.mixins.json into net.minecraft.client.renderer.entity.LivingEntityRenderer
[05May2026 00:44:08.801] [Render thread/DEBUG] [mixin/]: tenshilib.mixins.json:LivingEntityRendererAccessor from mod tenshilib: Class version 65 required is higher than the class version supported by the current version of Mixin (JAVA_16 supports class version 60)
[05May2026 00:44:08.801] [Render thread/DEBUG] [mixin/]: Mixing LivingOverlayMixin from tenshilib.mixins.json into net.minecraft.client.renderer.entity.LivingEntityRenderer
[05May2026 00:44:08.801] [Render thread/DEBUG] [mixin/]: tenshilib.mixins.json:LivingOverlayMixin from mod tenshilib: Class version 65 required is higher than the class version supported by the current version of Mixin (JAVA_16 supports class version 60)
[05May2026 00:44:08.801] [Render thread/DEBUG] [mixin/]: Mixing LivingEntityRendererInvoker from creeperoverhaul-common.mixins.json into net.minecraft.client.renderer.entity.LivingEntityRenderer
[05May2026 00:44:08.801] [Render thread/DEBUG] [mixin/]: creeperoverhaul-common.mixins.json:LivingEntityRendererInvoker from mod creeperoverhaul: Class version 65 required is higher than the class version supported by the current version of Mixin (JAVA_17 supports class version 61)
[05May2026 00:44:08.802] [Render thread/DEBUG] [mixin/]: relics.mixins.json:LivingEntityRendererMixin from mod relics->@Inject::isShaking(Lnet/minecraft/world/entity/LivingEntity;Lorg/spongepowered/asm/mixin/injection/callback/CallbackInfoReturnable;)V does use it's CallbackInfoReturnable
[05May2026 00:44:08.802] [Render thread/DEBUG] [mixin/]: tenshilib.mixins.json:LivingOverlayMixin from mod tenshilib->@Inject::overlay(Lnet/minecraft/world/entity/LivingEntity;FLorg/spongepowered/asm/mixin/injection/callback/CallbackInfoReturnable;)V does use it's CallbackInfoReturnable
[05May2026 00:44:08.802] [Render thread/DEBUG] [mixin/]: Unexpected: Registered method getLayers()Ljava/util/List; in net.minecraft.client.renderer.entity.LivingEntityRenderer was not merged
[05May2026 00:44:08.804] [Render thread/DEBUG] [mixin/]: Mixing EntityRenderersMixin from fusion.mixins.json into net.minecraft.client.renderer.entity.EntityRenderers
[05May2026 00:44:08.804] [Render thread/DEBUG] [mixin/]: fusion.mixins.json:EntityRenderersMixin from mod fusion: Class version 65 required is higher than the class version supported by the current version of Mixin (JAVA_17 supports class version 61)
[05May2026 00:44:08.804] [Render thread/DEBUG] [mixin/]: Renaming synthetic method lambda$interceptRendererCreation$1(Lcom/google/common/collect/ImmutableMap$Builder;Lnet/minecraft/world/entity/EntityType;Lnet/minecraft/client/renderer/entity/EntityRendererProvider;)V to md9b8020$fusion$lambda$interceptRendererCreation$1$0 in fusion.mixins.json:EntityRenderersMixin from mod fusion
[05May2026 00:44:08.804] [Render thread/DEBUG] [mixin/]: Renaming synthetic method lambda$interceptRendererCreation$0(Lnet/minecraft/world/entity/EntityType;Lnet/minecraft/client/renderer/entity/EntityRendererProvider;Lnet/minecraft/client/renderer/entity/EntityRendererProvider$Context;)Lnet/minecraft/client/renderer/entity/EntityRenderer; to md9b8020$fusion$lambda$interceptRendererCreation$0$1 in fusion.mixins.json:EntityRenderersMixin from mod fusion
[05May2026 00:44:08.804] [Render thread/DEBUG] [mixin/]: fusion.mixins.json:EntityRenderersMixin from mod fusion->@Inject::interceptRendererCreation(Lnet/minecraft/client/renderer/entity/EntityRendererProvider$Context;Lorg/spongepowered/asm/mixin/injection/callback/CallbackInfoReturnable;)V doesn't use it's CallbackInfoReturnable
[05May2026 00:44:08.804] [Render thread/DEBUG] [mixin/]: fusion.mixins.json:EntityRenderersMixin from mod fusion->@Inject::resetProviderMap(Lnet/minecraft/client/renderer/entity/EntityRendererProvider$Context;Lorg/spongepowered/asm/mixin/injection/callback/CallbackInfoReturnable;)V doesn't use it's CallbackInfoReturnable
[05May2026 00:44:08.805] [Render thread/DEBUG] [mixin/]: Mixing bugfix.entity_pose_stack.PlayerRendererMixin from modernfix-modernfix.mixins.json into net.minecraft.client.renderer.entity.player.PlayerRenderer
[05May2026 00:44:08.805] [Render thread/DEBUG] [mixin/]: Mixing swimming.client.PlayerRendererMixin from expandability-common.mixins.json into net.minecraft.client.renderer.entity.player.PlayerRenderer
[05May2026 00:44:08.805] [Render thread/DEBUG] [mixin/]: expandability-common.mixins.json:swimming.client.PlayerRendererMixin from mod expandability: Class version 65 required is higher than the class version supported by the current version of Mixin (JAVA_17 supports class version 61)
[05May2026 00:44:08.807] [Render thread/DEBUG] [mixin/]: Mixing swimming.client.PlayerRendererMixin from expandability.mixins.json into net.minecraft.client.renderer.entity.player.PlayerRenderer
[05May2026 00:44:08.807] [Render thread/DEBUG] [mixin/]: expandability.mixins.json:swimming.client.PlayerRendererMixin from mod expandability: Class version 65 required is higher than the class version supported by the current version of Mixin (JAVA_17 supports class version 61)
[05May2026 00:44:08.811] [Render thread/DEBUG] [mixin/]: Mixing MixinSinglePartEntityModel from xaerohud.mixins.json into net.minecraft.client.model.HierarchicalModel
[05May2026 00:44:08.811] [Render thread/DEBUG] [mixin/]: xaerohud.mixins.json:MixinSinglePartEntityModel from mod xaerominimap: Class version 65 required is higher than the class version supported by the current version of Mixin (JAVA_17 supports class version 61)
[05May2026 00:44:08.811] [Render thread/DEBUG] [mixin/]: xaerohud.mixins.json:MixinSinglePartEntityModel from mod xaerominimap->@Inject::onRender(Lcom/mojang/blaze3d/vertex/PoseStack;Lcom/mojang/blaze3d/vertex/VertexConsumer;IIILorg/spongepowered/asm/mixin/injection/callback/CallbackInfo;)V doesn't use it's CallbackInfo
[05May2026 00:44:08.811] [Render thread/DEBUG] [mixin/]: xaerohud.mixins.json:MixinSinglePartEntityModel from mod xaerominimap->@Inject::onRender(Lcom/mojang/blaze3d/vertex/PoseStack;Lcom/mojang/blaze3d/vertex/VertexConsumer;IIILorg/spongepowered/asm/mixin/injection/callback/CallbackInfo;)V has 0 override(s) in child classes
[05May2026 00:44:08.811] [Render thread/DEBUG] [mixin/]: xaerohud.mixins.json:MixinSinglePartEntityModel from mod xaerominimap->@Inject::onRender(Lcom/mojang/blaze3d/vertex/PoseStack;Lcom/mojang/blaze3d/vertex/VertexConsumer;IIILorg/spongepowered/asm/mixin/injection/callback/CallbackInfo;)V won't be passed a CallbackInfo as a result
[05May2026 00:44:08.813] [Render thread/DEBUG] [mixin/]: Mixing client.HumanoidArmorLayerMixin from geckolib.mixins.json into net.minecraft.client.renderer.entity.layers.HumanoidArmorLayer
[05May2026 00:44:08.813] [Render thread/DEBUG] [mixin/]: geckolib.mixins.json:client.HumanoidArmorLayerMixin from mod geckolib: Class version 65 required is higher than the class version supported by the current version of Mixin (JAVA_17 supports class version 61)
[05May2026 00:44:08.813] [Render thread/DEBUG] [mixin/]: Mixing HumanoidArmorMixin from tenshilib.mixins.json into net.minecraft.client.renderer.entity.layers.HumanoidArmorLayer
[05May2026 00:44:08.813] [Render thread/DEBUG] [mixin/]: tenshilib.mixins.json:HumanoidArmorMixin from mod tenshilib: Class version 65 required is higher than the class version supported by the current version of Mixin (JAVA_16 supports class version 60)
[05May2026 00:44:08.814] [Render thread/DEBUG] [mixin/]: tenshilib.mixins.json:HumanoidArmorMixin from mod tenshilib->@Inject::armorPiece(Lcom/mojang/blaze3d/vertex/PoseStack;Lnet/minecraft/client/renderer/MultiBufferSource;Lnet/minecraft/world/entity/LivingEntity;Lnet/minecraft/world/entity/EquipmentSlot;ILnet/minecraft/client/model/HumanoidModel;Lorg/spongepowered/asm/mixin/injection/callback/CallbackInfo;)V does use it's CallbackInfo
[05May2026 00:44:08.817] [Render thread/DEBUG] [mixin/]: Mixing client.SkeletonModelMixin from apotheosis.mixins.json into net.minecraft.client.model.SkeletonModel
[05May2026 00:44:08.818] [Render thread/DEBUG] [mixin/]: apotheosis.mixins.json:client.SkeletonModelMixin from mod apotheosis->@Inject::apoth_setupCrossbowAnimations(Lnet/minecraft/world/entity/Mob;FFFFFLorg/spongepowered/asm/mixin/injection/callback/CallbackInfo;)V does use it's CallbackInfo
[05May2026 00:44:08.825] [Render thread/DEBUG] [mixin/]: Mixing bugfix.ender_dragon_leak.EnderDragonRendererMixin from modernfix-modernfix.mixins.json into net.minecraft.client.renderer.entity.EnderDragonRenderer
[05May2026 00:44:08.827] [Render thread/DEBUG] [mixin/]: modernfix-modernfix.mixins.json:bugfix.ender_dragon_leak.EnderDragonRendererMixin from mod modernfix->@Inject::clearDragonEntityReference(Lorg/spongepowered/asm/mixin/injection/callback/CallbackInfo;)V doesn't use it's CallbackInfo
[05May2026 00:44:08.827] [Render thread/DEBUG] [mixin/]: modernfix-modernfix.mixins.json:bugfix.ender_dragon_leak.EnderDragonRendererMixin from mod modernfix->@Inject::clearDragonEntityReference(Lorg/spongepowered/asm/mixin/injection/callback/CallbackInfo;)V has 0 override(s) in child classes
[05May2026 00:44:08.827] [Render thread/DEBUG] [mixin/]: modernfix-modernfix.mixins.json:bugfix.ender_dragon_leak.EnderDragonRendererMixin from mod modernfix->@Inject::clearDragonEntityReference(Lorg/spongepowered/asm/mixin/injection/callback/CallbackInfo;)V won't be passed a CallbackInfo as a result
[05May2026 00:44:08.840] [Render thread/DEBUG] [mixin/]: Mixing MixinRabbitEntityModel from xaerohud.mixins.json into net.minecraft.client.model.RabbitModel
[05May2026 00:44:08.840] [Render thread/DEBUG] [mixin/]: xaerohud.mixins.json:MixinRabbitEntityModel from mod xaerominimap: Class version 65 required is higher than the class version supported by the current version of Mixin (JAVA_17 supports class version 61)
[05May2026 00:44:08.842] [Render thread/DEBUG] [mixin/]: xaerohud.mixins.json:MixinRabbitEntityModel from mod xaerominimap->@Inject::onRender(Lcom/mojang/blaze3d/vertex/PoseStack;Lcom/mojang/blaze3d/vertex/VertexConsumer;IIILorg/spongepowered/asm/mixin/injection/callback/CallbackInfo;)V doesn't use it's CallbackInfo
[05May2026 00:44:08.842] [Render thread/DEBUG] [mixin/]: xaerohud.mixins.json:MixinRabbitEntityModel from mod xaerominimap->@Inject::onRender(Lcom/mojang/blaze3d/vertex/PoseStack;Lcom/mojang/blaze3d/vertex/VertexConsumer;IIILorg/spongepowered/asm/mixin/injection/callback/CallbackInfo;)V has 0 override(s) in child classes
[05May2026 00:44:08.842] [Render thread/DEBUG] [mixin/]: xaerohud.mixins.json:MixinRabbitEntityModel from mod xaerominimap->@Inject::onRender(Lcom/mojang/blaze3d/vertex/PoseStack;Lcom/mojang/blaze3d/vertex/VertexConsumer;IIILorg/spongepowered/asm/mixin/injection/callback/CallbackInfo;)V won't be passed a CallbackInfo as a result
[05May2026 00:44:08.844] [Render thread/DEBUG] [mixin/]: Mixing MixinCompositeEntityModel from xaerohud.mixins.json into net.minecraft.client.model.ListModel
[05May2026 00:44:08.844] [Render thread/DEBUG] [mixin/]: xaerohud.mixins.json:MixinCompositeEntityModel from mod xaerominimap: Class version 65 required is higher than the class version supported by the current version of Mixin (JAVA_17 supports class version 61)
[05May2026 00:44:08.844] [Render thread/DEBUG] [mixin/]: xaerohud.mixins.json:MixinCompositeEntityModel from mod xaerominimap->@Inject::onRender(Lcom/mojang/blaze3d/vertex/PoseStack;Lcom/mojang/blaze3d/vertex/VertexConsumer;IIILorg/spongepowered/asm/mixin/injection/callback/CallbackInfo;)V doesn't use it's CallbackInfo
[05May2026 00:44:08.844] [Render thread/DEBUG] [mixin/]: xaerohud.mixins.json:MixinCompositeEntityModel from mod xaerominimap->@Inject::onRender(Lcom/mojang/blaze3d/vertex/PoseStack;Lcom/mojang/blaze3d/vertex/VertexConsumer;IIILorg/spongepowered/asm/mixin/injection/callback/CallbackInfo;)V has 0 override(s) in child classes
[05May2026 00:44:08.844] [Render thread/DEBUG] [mixin/]: xaerohud.mixins.json:MixinCompositeEntityModel from mod xaerominimap->@Inject::onRender(Lcom/mojang/blaze3d/vertex/PoseStack;Lcom/mojang/blaze3d/vertex/VertexConsumer;IIILorg/spongepowered/asm/mixin/injection/callback/CallbackInfo;)V won't be passed a CallbackInfo as a result
[05May2026 00:44:08.848] [Render thread/DEBUG] [mixin/]: Mixing core.compat.MixinTextDisplayEntityRenderer from immediatelyfast-common.mixins.json into net.minecraft.client.renderer.entity.DisplayRenderer$TextDisplayRenderer
[05May2026 00:44:08.848] [Render thread/DEBUG] [mixin/]: immediatelyfast-common.mixins.json:core.compat.MixinTextDisplayEntityRenderer from mod immediatelyfast: Class version 65 required is higher than the class version supported by the current version of Mixin (JAVA_17 supports class version 61)
[05May2026 00:44:08.848] [Render thread/DEBUG] [mixin/]: immediatelyfast-common.mixins.json:core.compat.MixinTextDisplayEntityRenderer from mod immediatelyfast->@Inject::drawBackgroundImmediately(Lnet/minecraft/world/entity/Display$TextDisplay;Lnet/minecraft/world/entity/Display$TextDisplay$TextRenderState;Lcom/mojang/blaze3d/vertex/PoseStack;Lnet/minecraft/client/renderer/MultiBufferSource;IFLorg/spongepowered/asm/mixin/injection/callback/CallbackInfo;)V doesn't use it's CallbackInfo
[05May2026 00:44:08.848] [Render thread/DEBUG] [mixin/]: immediatelyfast-common.mixins.json:core.compat.MixinTextDisplayEntityRenderer from mod immediatelyfast->@Inject::drawBackgroundImmediately(Lnet/minecraft/world/entity/Display$TextDisplay;Lnet/minecraft/world/entity/Display$TextDisplay$TextRenderState;Lcom/mojang/blaze3d/vertex/PoseStack;Lnet/minecraft/client/renderer/MultiBufferSource;IFLorg/spongepowered/asm/mixin/injection/callback/CallbackInfo;)V has 0 override(s) in child classes
[05May2026 00:44:08.848] [Render thread/DEBUG] [mixin/]: immediatelyfast-common.mixins.json:core.compat.MixinTextDisplayEntityRenderer from mod immediatelyfast->@Inject::drawBackgroundImmediately(Lnet/minecraft/world/entity/Display$TextDisplay;Lnet/minecraft/world/entity/Display$TextDisplay$TextRenderState;Lcom/mojang/blaze3d/vertex/PoseStack;Lnet/minecraft/client/renderer/MultiBufferSource;IFLorg/spongepowered/asm/mixin/injection/callback/CallbackInfo;)V won't be passed a CallbackInfo as a result
[05May2026 00:44:08.869] [Render thread/DEBUG] [mixin/]: Mixing accessor.OrderedTextTooltipComponentAccessor from emi.mixins.json into net.minecraft.client.gui.screens.inventory.tooltip.ClientTextTooltip
[05May2026 00:44:08.869] [Render thread/DEBUG] [mixin/]: emi.mixins.json:accessor.OrderedTextTooltipComponentAccessor from mod emi: Class version 65 required is higher than the class version supported by the current version of Mixin (JAVA_17 supports class version 61)
[05May2026 00:44:08.869] [Render thread/DEBUG] [mixin/]: Mixing ClientTextTooltipMixin from iceberg.mixins.json into net.minecraft.client.gui.screens.inventory.tooltip.ClientTextTooltip
[05May2026 00:44:08.869] [Render thread/DEBUG] [mixin/]: iceberg.mixins.json:ClientTextTooltipMixin from mod iceberg: Class version 65 required is higher than the class version supported by the current version of Mixin (JAVA_17 supports class version 61)
[05May2026 00:44:08.871] [Render thread/DEBUG] [mixin/]: iceberg.mixins.json:ClientTextTooltipMixin from mod iceberg->@Inject::adjustWidth(Lnet/minecraft/client/gui/Font;Lorg/spongepowered/asm/mixin/injection/callback/CallbackInfoReturnable;)V does use it's CallbackInfoReturnable
[05May2026 00:44:08.871] [Render thread/DEBUG] [mixin/]: iceberg.mixins.json:ClientTextTooltipMixin from mod iceberg->@Inject::adjustHeight(Lorg/spongepowered/asm/mixin/injection/callback/CallbackInfoReturnable;)V does use it's CallbackInfoReturnable
[05May2026 00:44:08.877] [Render thread/DEBUG] [iceberg/]: Registering tooltip component: com.mrcrayfish.configured.client.screen.TooltipScreen$ListMenuTooltipComponent
[05May2026 00:44:08.877] [Render thread/DEBUG] [iceberg/]: Registering tooltip component: net.ixdarklord.ultimine_addition.client.gui.tooltip.SkillsRecordTooltip
[05May2026 00:44:08.877] [Render thread/DEBUG] [iceberg/]: Registering tooltip component: net.p3pp3rf1y.sophisticatedstorage.item.StorageContentsTooltip
[05May2026 00:44:08.877] [Render thread/DEBUG] [iceberg/]: Registering tooltip component: it.hurts.sskirillss.relics.items.relics.feet.CutGlassBootItem$CutGlassBootTooltip
[05May2026 00:44:08.877] [Render thread/DEBUG] [iceberg/]: Registering tooltip component: dev.shadowsoffire.apotheosis.client.SocketTooltipRenderer$SocketComponent
[05May2026 00:44:08.877] [Render thread/DEBUG] [iceberg/]: Registering tooltip component: net.ixdarklord.ultimine_addition.client.gui.tooltip.SkillsRecordTooltip$Option
[05May2026 00:44:08.877] [Render thread/DEBUG] [iceberg/]: Registering tooltip component: net.p3pp3rf1y.sophisticatedbackpacks.backpack.BackpackItem$BackpackContentsTooltip
[05May2026 00:44:08.877] [Render thread/DEBUG] [iceberg/]: Registering tooltip component: it.hurts.sskirillss.relics.items.relics.RiderFluteItem$RiderFluteTooltip
[05May2026 00:44:08.877] [Render thread/DEBUG] [iceberg/]: Registering tooltip component: com.anthonyhilyard.iceberg.component.TitleBreakComponent
[05May2026 00:44:08.877] [Render thread/DEBUG] [iceberg/]: Registering tooltip component: squeek.appleskin.client.TooltipOverlayHandler$FoodTooltip
[05May2026 00:44:08.877] [Render thread/DEBUG] [iceberg/]: Registering tooltip component: dev.shadowsoffire.apotheosis.client.StoneformingTooltipRenderer$StoneformingComponent
[05May2026 00:44:08.907] [Render thread/DEBUG] [mixin/]: Mixing hud_batching.compat.appleskin.MixinAppleSkin_HUDOverlayHandler from immediatelyfast-neoforge.mixins.json into squeek.appleskin.client.HUDOverlayHandler
[05May2026 00:44:08.907] [Render thread/DEBUG] [mixin/]: immediatelyfast-neoforge.mixins.json:hud_batching.compat.appleskin.MixinAppleSkin_HUDOverlayHandler from mod immediatelyfast->@Inject::forceDrawBatch(Lorg/spongepowered/asm/mixin/injection/callback/CallbackInfo;)V doesn't use it's CallbackInfo
[05May2026 00:44:08.921] [Render thread/DEBUG] [mixin/]: Mixing bugfix.extra_experimental_screen.CreateWorldScreenMixin from modernfix-modernfix.mixins.json into net.minecraft.client.gui.screens.worldselection.CreateWorldScreen
[05May2026 00:44:08.922] [Render thread/DEBUG] [mixin/]: Mixing perf.dedicated_reload_executor.CreateWorldScreenMixin from modernfix-modernfix.mixins.json into net.minecraft.client.gui.screens.worldselection.CreateWorldScreen
[05May2026 00:44:09.018] [Render thread/DEBUG] [mixin/]: Mixing CreativeModeInventoryScreenMixin from betteradvancedtooltips.mixins.json into net.minecraft.client.gui.screens.inventory.CreativeModeInventoryScreen
[05May2026 00:44:09.033] [Render thread/INFO] [net.minecraft.server.packs.resources.ReloadableResourceManager/]: Reloading ResourceManager: vanilla, KubeJS Virtual Resource Pack [Before Mods, assets], mod_resources, mod/elytraslot, mod/rhino, mod/kuma_api, mod/toomanyrecipeviewers,jei, mod/ftbessentials, mod/trashslot, mod/craftingstation, mod/geckolib, mod/sophisticatedstorage, mod/quickstack, mod/xaerolib, mod/incontrol, mod/connectivity, mod/caelus, mod/sophisticatedcore, mod/gpumemleakfix, mod/structureessentials, mod/xaeroworldmap, mod/controlling, mod/neoforge, mod/placebo, mod/modernfix, mod/artifacts, mod/reliquified_artifacts, mod/lootintegrations, mod/configured, mod/gateways, mod/sophisticatedbackpacks, mod/relics, mod/coolcatlib, mod/distanthorizons, mod/balm, mod/fusion, mod/cloth_config, mod/fzzy_config, mod/dummmmmmy, mod/toofast, mod/emi, mod/kubejs, mod/emi_loot, mod/tenshilib, mod/voicechat,voicechat_api, mod/libipn, mod/moonlight, mod/apothic_spawners, mod/mousetweaks, mod/nochatreports, mod/jade, mod/supermartijn642corelib, mod/apothic_attributes, mod/resourcefulconfig, mod/kotlinforforge, mod/iceberg, mod/highlighter, mod/curios, mod/patchouli, mod/xaerominimap, mod/fastbench, mod/searchables, mod/ftbultimine, mod/ultimine_addition, mod/resourcefullib, mod/immediatelyfast, mod/fastfurnace, mod/betteradvancedtooltips, mod/emi_enchanting, mod/lootjs, mod/inventoryprofilesnext, mod/creeperoverhaul, mod/appleskin, mod/architectury, mod/ftblibrary, mod/octolib, mod/ftbteams, mod/ftbchunks, mod/ftbquests, mod/lootr, mod/ferritecore, mod/connectedglass, mod/emiffect, mod/cupboard, mod/apothic_enchanting, mod/apotheosis, mod/emiprofessions, mod/toms_storage, mod/polylib, mod/ftbbackups2, mod/improvedmobs, mod/expandability, mod/t_and_t, mod/fastleafdecay, mod/cristellib, KubeJS Virtual Resource Pack [Internal, assets], KubeJS Virtual Resource Pack [After Mods, assets], KubeJS File Resource Pack [assets], moonlight:merged_pack, KubeJS Virtual Resource Pack [Last, assets]
[05May2026 00:44:09.048] [Render thread/INFO] [KubeJS Client/]: Client resource reload complete!
[05May2026 00:44:09.060] [Worker-ResourceReload-0/INFO] [Moonlight/]: Resource cache state for CLIENT_RESOURCES: up to date
[05May2026 00:44:09.061] [Worker-ResourceReload-0/INFO] [Moonlight/]: Starting runtime resource generation for pack type CLIENT_RESOURCES with generators [moonlight:dynamic_resources]
[05May2026 00:44:09.063] [Worker-ResourceReload-0/INFO] [Moonlight/]: Regenerating Dynamic CLIENT_RESOURCES Resources Provider [moonlight:dynamic_resources], requested by strategy REGEN_ON_EVERY_RELOAD
[05May2026 00:44:09.066] [Worker-ResourceReload-0/INFO] [Moonlight/]: Generated runtime CLIENT_RESOURCES for pack moonlight:dynamic_resources in 2.700 ms
[05May2026 00:44:09.066] [Worker-ResourceReload-0/INFO] [Moonlight/]: Finished runtime resources generation for 1 packs in a total of 5.754 ms 
[05May2026 00:44:09.197] [Render thread/DEBUG] [FTB Library/]: tracking config ftblibrary-client, loaded from C:\Users\mahat\Twitch\Minecraft\Instances\PBMC 2026\config\ftblibrary-client.snbt
[05May2026 00:44:09.199] [Render thread/DEBUG] [FTB Library/]: tracking config ftbquests-client, loaded from C:\Users\mahat\Twitch\Minecraft\Instances\PBMC 2026\config\ftbquests-client.snbt
[05May2026 00:44:09.201] [Render thread/DEBUG] [FTB Library/]: tracking config ftbchunks-client, loaded from C:\Users\mahat\Twitch\Minecraft\Instances\PBMC 2026\config\ftbchunks-client.snbt
[05May2026 00:44:09.205] [Render thread/DEBUG] [FTB Library/]: tracking config ftbultimine-client, loaded from C:\Users\mahat\Twitch\Minecraft\Instances\PBMC 2026\config\ftbultimine-client.snbt
[05May2026 00:44:09.205] [Render thread/DEBUG] [FTB Library/]: tracking config ftbultimine-server, loaded from null
[05May2026 00:44:09.205] [Render thread/DEBUG] [FTB Library/]: tracking config ftbchunks-world, loaded from null
[05May2026 00:44:09.207] [Render thread/DEBUG] [mixin/]: Mixing feature.measure_time.SimpleReloadInstanceMixin from modernfix-modernfix.mixins.json into net.minecraft.server.packs.resources.SimpleReloadInstance
[05May2026 00:44:09.211] [Render thread/DEBUG] [mixin/]: Mixing client.MixinOptionsScreen from DistantHorizons.neoforge.mixins.json into net.minecraft.client.gui.screens.options.OptionsScreen
[05May2026 00:44:09.211] [Render thread/DEBUG] [mixin/]: Renaming synthetic method lambda$getOptionsButton$0(Lnet/minecraft/client/gui/components/Button;)V to md9b8020$distanthorizons$lambda$getOptionsButton$0$0 in DistantHorizons.neoforge.mixins.json:client.MixinOptionsScreen from mod distanthorizons
[05May2026 00:44:09.211] [Render thread/DEBUG] [mixin/]: Renaming synthetic method lambda$dhConfig$init$1(Ljava/util/concurrent/atomic/AtomicInteger;Lnet/minecraft/client/gui/layouts/LayoutSettings;)V to md9b8020$distanthorizons$lambda$dhConfig$init$1$1 in DistantHorizons.neoforge.mixins.json:client.MixinOptionsScreen from mod distanthorizons
[05May2026 00:44:09.211] [Render thread/DEBUG] [mixin/]: Renaming synthetic method lambda$dhConfig$init$0(Ljava/util/concurrent/atomic/AtomicInteger;Lnet/minecraft/client/gui/layouts/LayoutElement;)V to md9b8020$distanthorizons$lambda$dhConfig$init$0$2 in DistantHorizons.neoforge.mixins.json:client.MixinOptionsScreen from mod distanthorizons
[05May2026 00:44:09.214] [Render thread/DEBUG] [mixin/]: Mixing OptionsScreenMixin from balm.neoforge.mixins.json into net.minecraft.client.gui.screens.options.OptionsScreen
[05May2026 00:44:09.214] [Worker-ResourceReload-7/INFO] [xaero.lib.XaeroLib/]: Loading XaeroLib common 1/2!
[05May2026 00:44:09.214] [Worker-ResourceReload-12/INFO] [com.gpumemleakfix.Gpumemleakfix/]: gpumemleakfix mod initialized
[05May2026 00:44:09.214] [Worker-ResourceReload-12/INFO] [com.structureessentials.StructureEssentials/]: structureessentials mod initialized
[05May2026 00:44:09.214] [Worker-ResourceReload-11/INFO] [com.connectivity.Connectivity/]: Connectivity initialized
[05May2026 00:44:09.215] [Render thread/DEBUG] [mixin/]: DistantHorizons.neoforge.mixins.json:client.MixinOptionsScreen from mod distanthorizons->@Inject::dhConfig$init(Lorg/spongepowered/asm/mixin/injection/callback/CallbackInfo;)V doesn't use it's CallbackInfo
[05May2026 00:44:09.215] [Render thread/DEBUG] [mixin/]: DistantHorizons.neoforge.mixins.json:client.MixinOptionsScreen from mod distanthorizons->@Inject::dhConfig$init(Lorg/spongepowered/asm/mixin/injection/callback/CallbackInfo;)V has 0 override(s) in child classes
[05May2026 00:44:09.215] [Render thread/DEBUG] [mixin/]: DistantHorizons.neoforge.mixins.json:client.MixinOptionsScreen from mod distanthorizons->@Inject::dhConfig$init(Lorg/spongepowered/asm/mixin/injection/callback/CallbackInfo;)V won't be passed a CallbackInfo as a result
[05May2026 00:44:09.215] [Worker-ResourceReload-6/INFO] [com.lootintegrations.LootintegrationsMod/]: lootintegrations mod initialized
[05May2026 00:44:09.215] [Render thread/DEBUG] [mixin/]: balm.neoforge.mixins.json:OptionsScreenMixin from mod balm->@Inject::repositionElements(Lorg/spongepowered/asm/mixin/injection/callback/CallbackInfo;)V doesn't use it's CallbackInfo
[05May2026 00:44:09.215] [Render thread/DEBUG] [mixin/]: balm.neoforge.mixins.json:OptionsScreenMixin from mod balm->@Inject::repositionElements(Lorg/spongepowered/asm/mixin/injection/callback/CallbackInfo;)V has 0 override(s) in child classes
[05May2026 00:44:09.215] [Render thread/DEBUG] [mixin/]: balm.neoforge.mixins.json:OptionsScreenMixin from mod balm->@Inject::repositionElements(Lorg/spongepowered/asm/mixin/injection/callback/CallbackInfo;)V won't be passed a CallbackInfo as a result
[05May2026 00:44:09.215] [Render thread/DEBUG] [mixin/]: balm.neoforge.mixins.json:OptionsScreenMixin from mod balm->@Inject::repositionElementsPost(Lorg/spongepowered/asm/mixin/injection/callback/CallbackInfo;)V doesn't use it's CallbackInfo
[05May2026 00:44:09.215] [Render thread/DEBUG] [mixin/]: balm.neoforge.mixins.json:OptionsScreenMixin from mod balm->@Inject::repositionElementsPost(Lorg/spongepowered/asm/mixin/injection/callback/CallbackInfo;)V has 0 override(s) in child classes
[05May2026 00:44:09.215] [Render thread/DEBUG] [mixin/]: balm.neoforge.mixins.json:OptionsScreenMixin from mod balm->@Inject::repositionElementsPost(Lorg/spongepowered/asm/mixin/injection/callback/CallbackInfo;)V won't be passed a CallbackInfo as a result
[05May2026 00:44:09.218] [Worker-ResourceReload-8/INFO] [voicechat/]: [voicechat] Compatibility version 20
[05May2026 00:44:09.223] [Worker-ResourceReload-1/DEBUG] [mixin/]: Mixing MixinCuriosApi from curios.neoforge.mixins.json into top.theillusivec4.curios.api.CuriosApi
[05May2026 00:44:09.224] [Worker-ResourceReload-1/DEBUG] [mixin/]: curios.neoforge.mixins.json:MixinCuriosApi from mod curios->@Inject::curios$registerCurio(Lnet/minecraft/world/item/Item;Ltop/theillusivec4/curios/api/type/capability/ICurioItem;Lorg/spongepowered/asm/mixin/injection/callback/CallbackInfo;)V does use it's CallbackInfo
[05May2026 00:44:09.224] [Worker-ResourceReload-1/DEBUG] [mixin/]: curios.neoforge.mixins.json:MixinCuriosApi from mod curios->@Inject::curios$getSlots(ZLorg/spongepowered/asm/mixin/injection/callback/CallbackInfoReturnable;)V does use it's CallbackInfoReturnable
[05May2026 00:44:09.224] [Worker-ResourceReload-1/DEBUG] [mixin/]: curios.neoforge.mixins.json:MixinCuriosApi from mod curios->@Inject::curios$getEntitySlots(Lnet/minecraft/world/entity/EntityType;ZLorg/spongepowered/asm/mixin/injection/callback/CallbackInfoReturnable;)V does use it's CallbackInfoReturnable
[05May2026 00:44:09.224] [Worker-ResourceReload-1/DEBUG] [mixin/]: curios.neoforge.mixins.json:MixinCuriosApi from mod curios->@Inject::curios$getItemStackSlots(Lnet/minecraft/world/item/ItemStack;ZLorg/spongepowered/asm/mixin/injection/callback/CallbackInfoReturnable;)V does use it's CallbackInfoReturnable
[05May2026 00:44:09.224] [Worker-ResourceReload-1/DEBUG] [mixin/]: curios.neoforge.mixins.json:MixinCuriosApi from mod curios->@Inject::curios$getItemStackSlots(Lnet/minecraft/world/item/ItemStack;Lnet/minecraft/world/entity/LivingEntity;Lorg/spongepowered/asm/mixin/injection/callback/CallbackInfoReturnable;)V does use it's CallbackInfoReturnable
[05May2026 00:44:09.224] [Worker-ResourceReload-1/DEBUG] [mixin/]: curios.neoforge.mixins.json:MixinCuriosApi from mod curios->@Inject::curios$getCurio(Lnet/minecraft/world/item/ItemStack;Lorg/spongepowered/asm/mixin/injection/callback/CallbackInfoReturnable;)V does use it's CallbackInfoReturnable
[05May2026 00:44:09.224] [Worker-ResourceReload-1/DEBUG] [mixin/]: curios.neoforge.mixins.json:MixinCuriosApi from mod curios->@Inject::curios$getCuriosInventory(Lnet/minecraft/world/entity/LivingEntity;Lorg/spongepowered/asm/mixin/injection/callback/CallbackInfoReturnable;)V does use it's CallbackInfoReturnable
[05May2026 00:44:09.226] [Worker-ResourceReload-1/DEBUG] [mixin/]: curios.neoforge.mixins.json:MixinCuriosApi from mod curios->@Inject::curios$isStackValid(Ltop/theillusivec4/curios/api/SlotContext;Lnet/minecraft/world/item/ItemStack;Lorg/spongepowered/asm/mixin/injection/callback/CallbackInfoReturnable;)V does use it's CallbackInfoReturnable
[05May2026 00:44:09.226] [Worker-ResourceReload-1/DEBUG] [mixin/]: curios.neoforge.mixins.json:MixinCuriosApi from mod curios->@Inject::curios$getAttributeModifiers(Ltop/theillusivec4/curios/api/SlotContext;Lnet/minecraft/resources/ResourceLocation;Lnet/minecraft/world/item/ItemStack;Lorg/spongepowered/asm/mixin/injection/callback/CallbackInfoReturnable;)V does use it's CallbackInfoReturnable
[05May2026 00:44:09.226] [Worker-ResourceReload-1/DEBUG] [mixin/]: curios.neoforge.mixins.json:MixinCuriosApi from mod curios->@Inject::curios$addSlotModifier(Lcom/google/common/collect/Multimap;Ljava/lang/String;Lnet/minecraft/resources/ResourceLocation;DLnet/minecraft/world/entity/ai/attributes/AttributeModifier$Operation;Lorg/spongepowered/asm/mixin/injection/callback/CallbackInfo;)V does use it's CallbackInfo
[05May2026 00:44:09.226] [Worker-ResourceReload-1/DEBUG] [mixin/]: curios.neoforge.mixins.json:MixinCuriosApi from mod curios->@Inject::curios$addSlotModifier(Lnet/minecraft/world/item/ItemStack;Ljava/lang/String;Lnet/minecraft/resources/ResourceLocation;DLnet/minecraft/world/entity/ai/attributes/AttributeModifier$Operation;Ljava/lang/String;Lorg/spongepowered/asm/mixin/injection/callback/CallbackInfo;)V does use it's CallbackInfo
[05May2026 00:44:09.226] [Worker-ResourceReload-1/DEBUG] [mixin/]: curios.neoforge.mixins.json:MixinCuriosApi from mod curios->@Inject::curios$addModifier(Lnet/minecraft/world/item/ItemStack;Lnet/minecraft/core/Holder;Lnet/minecraft/resources/ResourceLocation;DLnet/minecraft/world/entity/ai/attributes/AttributeModifier$Operation;Ljava/lang/String;Lorg/spongepowered/asm/mixin/injection/callback/CallbackInfo;)V does use it's CallbackInfo
[05May2026 00:44:09.226] [Worker-ResourceReload-1/DEBUG] [mixin/]: curios.neoforge.mixins.json:MixinCuriosApi from mod curios->@Inject::curios$registerCurioPredicate(Lnet/minecraft/resources/ResourceLocation;Ljava/util/function/Predicate;Lorg/spongepowered/asm/mixin/injection/callback/CallbackInfo;)V does use it's CallbackInfo
[05May2026 00:44:09.226] [Worker-ResourceReload-1/DEBUG] [mixin/]: curios.neoforge.mixins.json:MixinCuriosApi from mod curios->@Inject::curios$getCurioPredicate(Lnet/minecraft/resources/ResourceLocation;Lorg/spongepowered/asm/mixin/injection/callback/CallbackInfoReturnable;)V does use it's CallbackInfoReturnable
[05May2026 00:44:09.226] [Worker-ResourceReload-1/DEBUG] [mixin/]: curios.neoforge.mixins.json:MixinCuriosApi from mod curios->@Inject::curios$getCurioPredicates(Lorg/spongepowered/asm/mixin/injection/callback/CallbackInfoReturnable;)V does use it's CallbackInfoReturnable
[05May2026 00:44:09.226] [Worker-ResourceReload-1/DEBUG] [mixin/]: curios.neoforge.mixins.json:MixinCuriosApi from mod curios->@Inject::curios$testCurioPredicates(Ljava/util/Set;Ltop/theillusivec4/curios/api/SlotResult;Lorg/spongepowered/asm/mixin/injection/callback/CallbackInfoReturnable;)V does use it's CallbackInfoReturnable
[05May2026 00:44:09.226] [Worker-ResourceReload-1/DEBUG] [mixin/]: curios.neoforge.mixins.json:MixinCuriosApi from mod curios->@Inject::curios$getUuid(Ltop/theillusivec4/curios/api/SlotContext;Lorg/spongepowered/asm/mixin/injection/callback/CallbackInfoReturnable;)V does use it's CallbackInfoReturnable
[05May2026 00:44:09.226] [Worker-ResourceReload-1/DEBUG] [mixin/]: curios.neoforge.mixins.json:MixinCuriosApi from mod curios->@Inject::curios$broadcastCurioBreakEvent(Ltop/theillusivec4/curios/api/SlotContext;Lorg/spongepowered/asm/mixin/injection/callback/CallbackInfo;)V does use it's CallbackInfo
[05May2026 00:44:09.226] [Worker-ResourceReload-6/DEBUG] [patchouli/]: Instantiating xplat impl: vazkii.patchouli.neoforge.xplat.NeoForgeXplatImpl
[05May2026 00:44:09.232] [Worker-ResourceReload-11/DEBUG] [mixin/]: Mixing ShapeRegistryMixin from ultimine_addition.common.mixins.json into dev.ftb.mods.ftbultimine.shape.ShapeRegistry
[05May2026 00:44:09.232] [Worker-ResourceReload-11/DEBUG] [mixin/]: ultimine_addition.common.mixins.json:ShapeRegistryMixin from mod ultimine_addition: Class version 65 required is higher than the class version supported by the current version of Mixin (JAVA_17 supports class version 61)
[05May2026 00:44:09.232] [Worker-ResourceReload-11/DEBUG] [mixin/]: ultimine_addition.common.mixins.json:ShapeRegistryMixin from mod ultimine_addition->@Inject::UA$Inject$GetShape(ILorg/spongepowered/asm/mixin/injection/callback/CallbackInfoReturnable;)V does use it's CallbackInfoReturnable
[05May2026 00:44:09.242] [Worker-ResourceReload-3/ERROR] [dev.ftb.mods.ftblibrary.icon.EntityIconLoader/]: Entity artifacts:mimic is using legacy invisible texture, please update it to use the new system!
[05May2026 00:44:09.243] [Worker-ResourceReload-6/INFO] [com.tom.storagemod.StorageMod/]: Tom's Storage Setup starting
[05May2026 00:44:09.253] [Render thread/DEBUG] [mixin/]: Mixing SimpleBakedModelMixin from ferritecore.modelsides.mixin.json into net.minecraft.client.resources.model.SimpleBakedModel
[05May2026 00:44:09.253] [Render thread/DEBUG] [mixin/]: ferritecore.modelsides.mixin.json:SimpleBakedModelMixin from mod ferritecore: Class version 65 required is higher than the class version supported by the current version of Mixin (JAVA_17 supports class version 61)
[05May2026 00:44:09.256] [Render thread/DEBUG] [mixin/]: ferritecore.modelsides.mixin.json:SimpleBakedModelMixin from mod ferritecore->@Inject::minimizeFaceLists(Lorg/spongepowered/asm/mixin/injection/callback/CallbackInfo;)V doesn't use it's CallbackInfo
[05May2026 00:44:09.256] [Render thread/DEBUG] [mixin/]: ferritecore.modelsides.mixin.json:SimpleBakedModelMixin from mod ferritecore->@Inject::minimizeFaceLists(Lorg/spongepowered/asm/mixin/injection/callback/CallbackInfo;)V has 0 override(s) in child classes
[05May2026 00:44:09.256] [Render thread/DEBUG] [mixin/]: ferritecore.modelsides.mixin.json:SimpleBakedModelMixin from mod ferritecore->@Inject::minimizeFaceLists(Lorg/spongepowered/asm/mixin/injection/callback/CallbackInfo;)V won't be passed a CallbackInfo as a result
[05May2026 00:44:09.256] [Render thread/DEBUG] [mixin/]: ferritecore.modelsides.mixin.json:SimpleBakedModelMixin from mod ferritecore->@Inject::minimizeFaceLists(Lorg/spongepowered/asm/mixin/injection/callback/CallbackInfo;)V doesn't use it's CallbackInfo
[05May2026 00:44:09.256] [Render thread/DEBUG] [mixin/]: ferritecore.modelsides.mixin.json:SimpleBakedModelMixin from mod ferritecore->@Inject::minimizeFaceLists(Lorg/spongepowered/asm/mixin/injection/callback/CallbackInfo;)V has 0 override(s) in child classes
[05May2026 00:44:09.256] [Render thread/DEBUG] [mixin/]: ferritecore.modelsides.mixin.json:SimpleBakedModelMixin from mod ferritecore->@Inject::minimizeFaceLists(Lorg/spongepowered/asm/mixin/injection/callback/CallbackInfo;)V won't be passed a CallbackInfo as a result
[05May2026 00:44:09.278] [Worker-ResourceReload-3/DEBUG] [mixin/]: Mixing perf.compress_unihex_font.GlyphProviderTypeMixin from modernfix-modernfix.mixins.json into net.minecraft.client.gui.font.providers.GlyphProviderType
[05May2026 00:44:09.286] [Render thread/DEBUG] [mixin/]: Mixing SpriteResourceLoaderMixin from fusion.mixins.json into net.minecraft.client.renderer.texture.atlas.SpriteResourceLoader
[05May2026 00:44:09.287] [Render thread/DEBUG] [mixin/]: fusion.mixins.json:SpriteResourceLoaderMixin from mod fusion: Class version 65 required is higher than the class version supported by the current version of Mixin (JAVA_17 supports class version 61)
[05May2026 00:44:09.289] [Render thread/DEBUG] [mixin/]: fusion.mixins.json:SpriteResourceLoaderMixin from mod fusion->@Inject::modifyFrameSize(Ljava/util/Collection;Lnet/minecraft/resources/ResourceLocation;Lnet/minecraft/server/packs/resources/Resource;Lnet/neoforged/neoforge/client/textures/SpriteContentsConstructor;Lorg/spongepowered/asm/mixin/injection/callback/CallbackInfoReturnable;Lnet/minecraft/server/packs/resources/ResourceMetadata;Lcom/mojang/blaze3d/platform/NativeImage;Lnet/minecraft/client/resources/metadata/animation/AnimationMetadataSection;Lnet/minecraft/client/resources/metadata/animation/FrameSize;)V does use it's CallbackInfoReturnable
[05May2026 00:44:09.319] [NeoForge Version Check/INFO] [net.neoforged.fml.VersionChecker/]: [controlling] Starting version check at https://updates.blamejared.com/get?n=controlling&gv=1.21.1&ml=neoforge
[05May2026 00:44:09.344] [Worker-ResourceReload-8/INFO] [voicechat/]: [voicechat] Loading plugins
[05May2026 00:44:09.351] [Worker-ResourceReload-8/INFO] [voicechat/]: [voicechat] Loaded 0 plugin(s)
[05May2026 00:44:09.351] [Worker-ResourceReload-8/INFO] [voicechat/]: [voicechat] Initializing plugins
[05May2026 00:44:09.351] [Worker-ResourceReload-8/INFO] [voicechat/]: [voicechat] Initialized 0 plugin(s)
[05May2026 00:44:09.355] [Worker-ResourceReload-5/DEBUG] [mixin/]: Mixing SpriteSourceListMixin from supermartijn642corelib.mixins.json into net.minecraft.client.renderer.texture.atlas.SpriteSourceList
[05May2026 00:44:09.355] [Worker-ResourceReload-5/DEBUG] [mixin/]: supermartijn642corelib.mixins.json:SpriteSourceListMixin from mod supermartijn642corelib: Class version 65 required is higher than the class version supported by the current version of Mixin (JAVA_17 supports class version 61)
[05May2026 00:44:09.356] [Worker-ResourceReload-5/DEBUG] [mixin/]: Renaming synthetic method lambda$appendSprites$0(Ljava/util/List;Lnet/minecraft/resources/ResourceLocation;)V to md9b8020$supermartijn642corelib$lambda$appendSprites$0$0 in supermartijn642corelib.mixins.json:SpriteSourceListMixin from mod supermartijn642corelib
[05May2026 00:44:09.378] [Worker-ResourceReload-13/INFO] [net.minecraft.client.gui.font.providers.UnihexProvider/]: Found unifont_all_no_pua-15.1.05.hex, loading
[05May2026 00:44:09.398] [Worker-ResourceReload-13/DEBUG] [mixin/]: Mixing perf.compress_unihex_font.UnihexProviderShortContentsMixin from modernfix-modernfix.mixins.json into net.minecraft.client.gui.font.providers.UnihexProvider$ShortContents
[05May2026 00:44:09.399] [Worker-ResourceReload-13/DEBUG] [mixin/]: modernfix-modernfix.mixins.json:perf.compress_unihex_font.UnihexProviderShortContentsMixin from mod modernfix->@Inject::useCompactIfPossible(ILit/unimi/dsi/fastutil/bytes/ByteList;Lorg/spongepowered/asm/mixin/injection/callback/CallbackInfoReturnable;)V does use it's CallbackInfoReturnable
[05May2026 00:44:09.409] [Worker-ResourceReload-13/DEBUG] [mixin/]: Mixing perf.compress_unihex_font.UnihexProviderByteContentsMixin from modernfix-modernfix.mixins.json into net.minecraft.client.gui.font.providers.UnihexProvider$ByteContents
[05May2026 00:44:09.411] [Worker-ResourceReload-13/DEBUG] [mixin/]: modernfix-modernfix.mixins.json:perf.compress_unihex_font.UnihexProviderByteContentsMixin from mod modernfix->@Inject::useCompactIfPossible(ILit/unimi/dsi/fastutil/bytes/ByteList;Lorg/spongepowered/asm/mixin/injection/callback/CallbackInfoReturnable;)V does use it's CallbackInfoReturnable
[05May2026 00:44:09.422] [Worker-ResourceReload-14/DEBUG] [mixin/]: Mixing perf.faster_texture_stitching.StitcherMixin from modernfix-modernfix.mixins.json into net.minecraft.client.renderer.texture.Stitcher
[05May2026 00:44:09.423] [Worker-ResourceReload-14/DEBUG] [mixin/]: Renaming synthetic method lambda$stitchFast$0(Lnet/minecraft/client/renderer/texture/Stitcher$Holder;)Lnet/minecraft/client/renderer/texture/Stitcher$Entry; to md9b8020$modernfix$lambda$stitchFast$0$0 in modernfix-modernfix.mixins.json:perf.faster_texture_stitching.StitcherMixin from mod modernfix
[05May2026 00:44:09.426] [Worker-ResourceReload-14/DEBUG] [mixin/]: modernfix-modernfix.mixins.json:perf.faster_texture_stitching.StitcherMixin from mod modernfix->@Inject::stitchFast(Lorg/spongepowered/asm/mixin/injection/callback/CallbackInfo;)V does use it's CallbackInfo
[05May2026 00:44:09.426] [Worker-ResourceReload-14/DEBUG] [mixin/]: modernfix-modernfix.mixins.json:perf.faster_texture_stitching.StitcherMixin from mod modernfix->@Inject::gatherSpritesFast(Lnet/minecraft/client/renderer/texture/Stitcher$SpriteLoader;Lorg/spongepowered/asm/mixin/injection/callback/CallbackInfo;)V does use it's CallbackInfo
[05May2026 00:44:09.467] [Worker-ResourceReload-16/WARN] [net.minecraft.client.renderer.texture.SpriteContents/]: Unused frames in sprite relics:item/springy_boot_flawless: [21, 22, 23, 24, 25]
[05May2026 00:44:09.471] [Worker-ResourceReload-7/INFO] [EMIffect/]: Added extra stack appender for effect with ID: minecraft:bad_omen
[05May2026 00:44:09.471] [Worker-ResourceReload-7/INFO] [EMIffect/]: Added extra stack appender for effect with ID: minecraft:bad_omen
[05May2026 00:44:09.471] [Worker-ResourceReload-7/INFO] [EMIffect/]: Added extra stack appender for effect with ID: minecraft:conduit_power
[05May2026 00:44:09.471] [Worker-ResourceReload-7/INFO] [EMIffect/]: Added extra stack appender for effect with ID: minecraft:darkness
[05May2026 00:44:09.471] [Worker-ResourceReload-7/INFO] [EMIffect/]: Added extra stack appender for effect with ID: minecraft:hunger
[05May2026 00:44:09.471] [Worker-ResourceReload-7/INFO] [EMIffect/]: Added extra stack appender for effect with ID: minecraft:levitation
[05May2026 00:44:09.472] [Worker-ResourceReload-7/INFO] [EMIffect/]: Added extra stack appender for effect with ID: minecraft:mining_fatigue
[05May2026 00:44:09.472] [Worker-ResourceReload-7/INFO] [EMIffect/]: Added extra stack appender for effect with ID: minecraft:water_breathing
[05May2026 00:44:09.472] [Worker-ResourceReload-7/INFO] [EMIffect/]: Added extra stack appender for effect with ID: minecraft:wither
[05May2026 00:44:09.525] [Worker-ResourceReload-4/WARN] [net.minecraft.client.renderer.texture.SpriteContents/]: Unused frames in sprite apotheosis:items/gems/molten_breach: [9, 10, 11]
[05May2026 00:44:09.658] [Worker-ResourceReload-6/DEBUG] [mixin/]: Mixing perf.model_optimizations.MultiVariantMixin from modernfix-modernfix.mixins.json into net.minecraft.client.renderer.block.model.MultiVariant
[05May2026 00:44:09.664] [Worker-ResourceReload-6/DEBUG] [mixin/]: Mixing perf.model_optimizations.SelectorMixin from modernfix-modernfix.mixins.json into net.minecraft.client.renderer.block.model.multipart.Selector
[05May2026 00:44:09.664] [Worker-ResourceReload-6/DEBUG] [mixin/]: modernfix-modernfix.mixins.json:perf.model_optimizations.SelectorMixin from mod modernfix->@Inject::useCachedPredicate(Lnet/minecraft/world/level/block/state/StateDefinition;Lorg/spongepowered/asm/mixin/injection/callback/CallbackInfoReturnable;)V does use it's CallbackInfoReturnable
[05May2026 00:44:09.664] [Worker-ResourceReload-6/DEBUG] [mixin/]: modernfix-modernfix.mixins.json:perf.model_optimizations.SelectorMixin from mod modernfix->@Inject::storeCachedPredicate(Lnet/minecraft/world/level/block/state/StateDefinition;Lorg/spongepowered/asm/mixin/injection/callback/CallbackInfoReturnable;)V does use it's CallbackInfoReturnable
[05May2026 00:44:09.668] [Render thread/DEBUG] [mixin/]: Mixing client.MixinFogRenderer from DistantHorizons.neoforge.mixins.json into net.minecraft.client.renderer.FogRenderer
[05May2026 00:44:09.681] [Render thread/DEBUG] [mixin/]: DistantHorizons.neoforge.mixins.json:client.MixinFogRenderer from mod distanthorizons->@Inject::disableSetupFog(Lnet/minecraft/client/Camera;Lnet/minecraft/client/renderer/FogRenderer$FogMode;FZFLorg/spongepowered/asm/mixin/injection/callback/CallbackInfo;)V doesn't use it's CallbackInfo
[05May2026 00:44:09.690] [Render thread/DEBUG] [mixin/]: Mixing LightingMixin from moonlight-common.mixins.json into com.mojang.blaze3d.platform.Lighting
[05May2026 00:44:09.690] [Render thread/DEBUG] [mixin/]: moonlight-common.mixins.json:LightingMixin from mod moonlight: Class version 65 required is higher than the class version supported by the current version of Mixin (JAVA_17 supports class version 61)
[05May2026 00:44:09.691] [Render thread/DEBUG] [mixin/]: moonlight-common.mixins.json:LightingMixin from mod moonlight->@Inject::moonlight$messWithEntityRendererLighting(Lorg/spongepowered/asm/mixin/injection/callback/CallbackInfo;)V does use it's CallbackInfo
[05May2026 00:44:09.691] [Render thread/DEBUG] [mixin/]: moonlight-common.mixins.json:LightingMixin from mod moonlight->@Inject::moonlight$messEntityRendererLightingN(Lorg/spongepowered/asm/mixin/injection/callback/CallbackInfo;)V does use it's CallbackInfo
[05May2026 00:44:09.691] [Render thread/DEBUG] [mixin/]: moonlight-common.mixins.json:LightingMixin from mod moonlight->@Inject::moonlight$resetEntityRendererLightingGui(Lorg/spongepowered/asm/mixin/injection/callback/CallbackInfo;)V does use it's CallbackInfo
[05May2026 00:44:09.719] [Worker-ResourceReload-6/DEBUG] [mixin/]: Mixing KeyValueConditionMixin from ferritecore.predicates.mixin.json into net.minecraft.client.renderer.block.model.multipart.KeyValueCondition
[05May2026 00:44:09.720] [Worker-ResourceReload-6/DEBUG] [mixin/]: ferritecore.predicates.mixin.json:KeyValueConditionMixin from mod ferritecore: Class version 65 required is higher than the class version supported by the current version of Mixin (JAVA_17 supports class version 61)
[05May2026 00:44:09.721] [Worker-ResourceReload-6/DEBUG] [mixin/]: Mixing AndConditionMixin from ferritecore.predicates.mixin.json into net.minecraft.client.renderer.block.model.multipart.AndCondition
[05May2026 00:44:09.721] [Worker-ResourceReload-6/DEBUG] [mixin/]: ferritecore.predicates.mixin.json:AndConditionMixin from mod ferritecore: Class version 65 required is higher than the class version supported by the current version of Mixin (JAVA_17 supports class version 61)
[05May2026 00:44:09.748] [Worker-ResourceReload-6/DEBUG] [mixin/]: Mixing OrConditionMixin from ferritecore.predicates.mixin.json into net.minecraft.client.renderer.block.model.multipart.OrCondition
[05May2026 00:44:09.748] [Worker-ResourceReload-6/DEBUG] [mixin/]: ferritecore.predicates.mixin.json:OrConditionMixin from mod ferritecore: Class version 65 required is higher than the class version supported by the current version of Mixin (JAVA_17 supports class version 61)
[05May2026 00:44:09.784] [Worker-ResourceReload-8/INFO] [net.minecraft.client.gui.font.providers.UnihexProvider/]: Found unifont_jp_patch-15.1.05.hex, loading
[05May2026 00:44:09.945] [Render thread/DEBUG] [net.neoforged.fml.DeferredWorkQueue/LOADING]: Dispatching synchronous work for work queue Common setup: 22 jobs
[05May2026 00:44:09.982] [Render thread/DEBUG] [Configured/]: Loaded com.mrcrayfish.configured.platform.NeoForgePlatformHelper@4b8cf10f for service interface com.mrcrayfish.configured.platform.services.IPlatformHelper
[05May2026 00:44:09.983] [Render thread/DEBUG] [Configured/]: Loaded com.mrcrayfish.configured.platform.NeoForgeConfigHelper@6074f8f9 for service interface com.mrcrayfish.configured.platform.services.IConfigHelper
[05May2026 00:44:10.007] [Render thread/INFO] [Moonlight/]: Initialized color sets in 14ms
[05May2026 00:44:10.026] [Render thread/DEBUG] [net.ixdarklord.ultimine_addition.core.FTBUltimineAddition/]: [Trade Tracker] Trades have been registered!
[05May2026 00:44:10.054] [Worker-ResourceReload-6/DEBUG] [mixin/]: Mixing safety.ItemPropertiesMixin from modernfix-modernfix.mixins.json into net.minecraft.client.renderer.item.ItemProperties
[05May2026 00:44:10.054] [Worker-ResourceReload-6/DEBUG] [mixin/]: modernfix-modernfix.mixins.json:safety.ItemPropertiesMixin from mod modernfix->@Inject::useConcurrentMaps(Lorg/spongepowered/asm/mixin/injection/callback/CallbackInfo;)V doesn't use it's CallbackInfo
[05May2026 00:44:10.062] [Render thread/DEBUG] [net.neoforged.fml.DeferredWorkQueue/LOADING]: Synchronous work queue completed in 116.5 ms
[05May2026 00:44:10.063] [Worker-ResourceReload-15/INFO] [xaero.map.WorldMap/]: Loading Xaero's World Map - Stage 1/2
[05May2026 00:44:10.063] [Worker-ResourceReload-8/INFO] [tfar.quickstack.DropOff/]: Quickstack Reborn client setup...
[05May2026 00:44:10.065] [Worker-ResourceReload-3/INFO] [xaero.lib.XaeroLib/]: Loading XaeroLib client 1/2!
[05May2026 00:44:10.065] [Placebo Patreon Trail Loader/INFO] [placebo/]: Loading patreon trails data...
[05May2026 00:44:10.065] [Worker-ResourceReload-17/DEBUG] [mixin/]: Mixing AccessKeyBindsScreen from controlling.mixins.json into net.minecraft.client.gui.screens.options.controls.KeyBindsScreen
[05May2026 00:44:10.065] [Worker-ResourceReload-17/DEBUG] [mixin/]: controlling.mixins.json:AccessKeyBindsScreen from mod controlling: Class version 65 required is higher than the class version supported by the current version of Mixin (JAVA_17 supports class version 61)
[05May2026 00:44:10.065] [Worker-ResourceReload-17/DEBUG] [mixin/]: Mixing AccessKeyBindsScreenNeoForge from controlling.neoforge.mixins.json into net.minecraft.client.gui.screens.options.controls.KeyBindsScreen
[05May2026 00:44:10.065] [Worker-ResourceReload-17/DEBUG] [mixin/]: controlling.neoforge.mixins.json:AccessKeyBindsScreenNeoForge from mod controlling: Class version 65 required is higher than the class version supported by the current version of Mixin (JAVA_17 supports class version 61)
[05May2026 00:44:10.066] [Worker-ResourceReload-2/INFO] [xaero.minimap.XaeroMinimap/]: Loading Xaero's Minimap - Stage 1/2
[05May2026 00:44:10.066] [Worker-ResourceReload-9/DEBUG] [mixin/]: Mixing perf.patchouli_deduplicate_books.ClientBookRegistryMixin from modernfix-modernfix.mixins.json into vazkii.patchouli.client.book.ClientBookRegistry
[05May2026 00:44:10.066] [Placebo Patreon Wing Loader/INFO] [placebo/]: Loading patreon wing data...
[05May2026 00:44:10.069] [Worker-ResourceReload-9/DEBUG] [mixin/]: modernfix-modernfix.mixins.json:perf.patchouli_deduplicate_books.ClientBookRegistryMixin from mod modernfix->@Inject::performDeduplication(Lorg/spongepowered/asm/mixin/injection/callback/CallbackInfo;)V doesn't use it's CallbackInfo
[05May2026 00:44:10.069] [Worker-ResourceReload-9/DEBUG] [mixin/]: modernfix-modernfix.mixins.json:perf.patchouli_deduplicate_books.ClientBookRegistryMixin from mod modernfix->@Inject::performDeduplication(Lorg/spongepowered/asm/mixin/injection/callback/CallbackInfo;)V has 0 override(s) in child classes
[05May2026 00:44:10.069] [Worker-ResourceReload-9/DEBUG] [mixin/]: modernfix-modernfix.mixins.json:perf.patchouli_deduplicate_books.ClientBookRegistryMixin from mod modernfix->@Inject::performDeduplication(Lorg/spongepowered/asm/mixin/injection/callback/CallbackInfo;)V won't be passed a CallbackInfo as a result
[05May2026 00:44:10.073] [Worker-ResourceReload-7/INFO] [org.anti_ad.mc.common.LogBase/]: [libIPN] Initializing client...
[05May2026 00:44:10.103] [Worker-ResourceReload-14/INFO] [DistantHorizons-DistantHorizons-com.seibel.distanthorizons.common.AbstractModInitializer_neoforge/]: Initializing Distant Horizons client, firing DhApiBeforeDhInitEvent...
[05May2026 00:44:10.118] [Worker-ResourceReload-7/INFO] [org.anti_ad.mc.common.LogBase/]: [libIPN] libIPN - init in Kotlin
[05May2026 00:44:10.119] [Placebo Patreon Trail Loader/INFO] [placebo/]: Loaded 48 patreon trails.
[05May2026 00:44:10.120] [Placebo Patreon Wing Loader/INFO] [placebo/]: Loaded 42 patreon wings.
[05May2026 00:44:10.125] [NeoForge Version Check/DEBUG] [net.neoforged.fml.VersionChecker/]: [controlling] Received version check data:
{"homepage":"https://www.curseforge.com/minecraft/mc-mods/controlling","promos":{"1.21.1-latest":"19.0.5"}}
[05May2026 00:44:10.127] [NeoForge Version Check/INFO] [net.neoforged.fml.VersionChecker/]: [controlling] Found status: BETA Current: 19.0.5 Target: 19.0.5
[05May2026 00:44:10.127] [NeoForge Version Check/INFO] [net.neoforged.fml.VersionChecker/]: [coolcatlib] Starting version check at https://raw.githubusercontent.com/ixDarkLorD/ModUpdateJSONs/refs/heads/main/neoforge/coolcatlib.json
[05May2026 00:44:10.128] [Worker-ResourceReload-14/INFO] [DistantHorizons-DistantHorizons-com.seibel.distanthorizons.core.Initializer/]: Running library validation...
[05May2026 00:44:10.156] [Worker-ResourceReload-0/INFO] [voicechat/]: [voicechat] Initializing Opus
[05May2026 00:44:10.199] [NeoForge Version Check/DEBUG] [net.neoforged.fml.VersionChecker/]: [coolcatlib] Received version check data:
404: Not Found
[05May2026 00:44:10.200] [NeoForge Version Check/WARN] [net.neoforged.fml.VersionChecker/]: Failed to process update information
com.google.gson.JsonSyntaxException: java.lang.IllegalStateException: Expected BEGIN_OBJECT but was NUMBER at line 1 column 4 path $
	at MC-BOOTSTRAP/com.google.gson@2.10.1/com.google.gson.Gson.fromJson(Gson.java:1238) ~[gson-2.10.1.jar%23142!/:?]
	at MC-BOOTSTRAP/com.google.gson@2.10.1/com.google.gson.Gson.fromJson(Gson.java:1137) ~[gson-2.10.1.jar%23142!/:?]
	at MC-BOOTSTRAP/com.google.gson@2.10.1/com.google.gson.Gson.fromJson(Gson.java:1047) ~[gson-2.10.1.jar%23142!/:?]
	at MC-BOOTSTRAP/com.google.gson@2.10.1/com.google.gson.Gson.fromJson(Gson.java:982) ~[gson-2.10.1.jar%23142!/:?]
	at MC-BOOTSTRAP/fml_loader@4.0.42/net.neoforged.fml.VersionChecker$1.process(VersionChecker.java:167) ~[loader-4.0.42.jar%23107!/:4.0]
	at java.base/java.lang.Iterable.forEach(Iterable.java:75) [?:?]
	at MC-BOOTSTRAP/fml_loader@4.0.42/net.neoforged.fml.VersionChecker$1.run(VersionChecker.java:105) [loader-4.0.42.jar%23107!/:4.0]
Caused by: java.lang.IllegalStateException: Expected BEGIN_OBJECT but was NUMBER at line 1 column 4 path $
	at MC-BOOTSTRAP/com.google.gson@2.10.1/com.google.gson.stream.JsonReader.beginObject(JsonReader.java:393) ~[gson-2.10.1.jar%23142!/:?]
	at MC-BOOTSTRAP/com.google.gson@2.10.1/com.google.gson.internal.bind.MapTypeAdapterFactory$Adapter.read(MapTypeAdapterFactory.java:182) ~[gson-2.10.1.jar%23142!/:?]
	at MC-BOOTSTRAP/com.google.gson@2.10.1/com.google.gson.internal.bind.MapTypeAdapterFactory$Adapter.read(MapTypeAdapterFactory.java:144) ~[gson-2.10.1.jar%23142!/:?]
	at MC-BOOTSTRAP/com.google.gson@2.10.1/com.google.gson.Gson.fromJson(Gson.java:1227) ~[gson-2.10.1.jar%23142!/:?]
	... 6 more
[05May2026 00:44:10.203] [NeoForge Version Check/INFO] [net.neoforged.fml.VersionChecker/]: [voicechat] Starting version check at https://update.maxhenkel.de/neoforge/voicechat
[05May2026 00:44:10.292] [Worker-ResourceReload-6/DEBUG] [mixin/]: Mixing MixinMultipartBuilder from ferritecore.dedupmultipart.mixin.json into net.minecraft.client.resources.model.MultiPartBakedModel$Builder
[05May2026 00:44:10.292] [Worker-ResourceReload-6/DEBUG] [mixin/]: ferritecore.dedupmultipart.mixin.json:MixinMultipartBuilder from mod ferritecore: Class version 65 required is higher than the class version supported by the current version of Mixin (JAVA_17 supports class version 61)
[05May2026 00:44:10.297] [Worker-ResourceReload-0/INFO] [voicechat/]: [voicechat] Successfully initialized Opus
[05May2026 00:44:10.299] [Worker-ResourceReload-0/INFO] [voicechat/]: [voicechat] Initializing RNNoise
[05May2026 00:44:10.300] [Worker-ResourceReload-6/DEBUG] [mixin/]: Mixing SimpleModelBuilderMixin from ferritecore.dedupbakedquad.mixin.json into net.minecraft.client.resources.model.SimpleBakedModel$Builder
[05May2026 00:44:10.300] [Worker-ResourceReload-6/DEBUG] [mixin/]: ferritecore.dedupbakedquad.mixin.json:SimpleModelBuilderMixin from mod ferritecore: Class version 65 required is higher than the class version supported by the current version of Mixin (JAVA_17 supports class version 61)
[05May2026 00:44:10.302] [Worker-ResourceReload-6/DEBUG] [mixin/]: ferritecore.dedupbakedquad.mixin.json:SimpleModelBuilderMixin from mod ferritecore->@Inject::deduplicate(Lnet/minecraft/client/renderer/block/model/BakedQuad;Lorg/spongepowered/asm/mixin/injection/callback/CallbackInfoReturnable;)V doesn't use it's CallbackInfoReturnable
[05May2026 00:44:10.302] [Worker-ResourceReload-6/DEBUG] [mixin/]: ferritecore.dedupbakedquad.mixin.json:SimpleModelBuilderMixin from mod ferritecore->@Inject::deduplicate(Lnet/minecraft/client/renderer/block/model/BakedQuad;Lorg/spongepowered/asm/mixin/injection/callback/CallbackInfoReturnable;)V has 0 override(s) in child classes
[05May2026 00:44:10.302] [Worker-ResourceReload-6/DEBUG] [mixin/]: ferritecore.dedupbakedquad.mixin.json:SimpleModelBuilderMixin from mod ferritecore->@Inject::deduplicate(Lnet/minecraft/client/renderer/block/model/BakedQuad;Lorg/spongepowered/asm/mixin/injection/callback/CallbackInfoReturnable;)V won't be passed a CallbackInfoReturnable as a result
[05May2026 00:44:10.302] [Worker-ResourceReload-6/DEBUG] [mixin/]: ferritecore.dedupbakedquad.mixin.json:SimpleModelBuilderMixin from mod ferritecore->@Inject::deduplicate(Lnet/minecraft/core/Direction;Lnet/minecraft/client/renderer/block/model/BakedQuad;Lorg/spongepowered/asm/mixin/injection/callback/CallbackInfoReturnable;)V doesn't use it's CallbackInfoReturnable
[05May2026 00:44:10.302] [Worker-ResourceReload-6/DEBUG] [mixin/]: ferritecore.dedupbakedquad.mixin.json:SimpleModelBuilderMixin from mod ferritecore->@Inject::deduplicate(Lnet/minecraft/core/Direction;Lnet/minecraft/client/renderer/block/model/BakedQuad;Lorg/spongepowered/asm/mixin/injection/callback/CallbackInfoReturnable;)V has 0 override(s) in child classes
[05May2026 00:44:10.302] [Worker-ResourceReload-6/DEBUG] [mixin/]: ferritecore.dedupbakedquad.mixin.json:SimpleModelBuilderMixin from mod ferritecore->@Inject::deduplicate(Lnet/minecraft/core/Direction;Lnet/minecraft/client/renderer/block/model/BakedQuad;Lorg/spongepowered/asm/mixin/injection/callback/CallbackInfoReturnable;)V won't be passed a CallbackInfoReturnable as a result
[05May2026 00:44:10.305] [Worker-ResourceReload-6/DEBUG] [mixin/]: Mixing BakedQuadAccess from ferritecore.accessors.mixin.json into net.minecraft.client.renderer.block.model.BakedQuad
[05May2026 00:44:10.305] [Worker-ResourceReload-6/DEBUG] [mixin/]: ferritecore.accessors.mixin.json:BakedQuadAccess from mod ferritecore: Class version 65 required is higher than the class version supported by the current version of Mixin (JAVA_17 supports class version 61)
[05May2026 00:44:10.311] [Worker-ResourceReload-6/DEBUG] [mixin/]: Mixing MixinMultipartModel from ferritecore.dedupmultipart.mixin.json into net.minecraft.client.resources.model.MultiPartBakedModel
[05May2026 00:44:10.311] [Worker-ResourceReload-6/DEBUG] [mixin/]: ferritecore.dedupmultipart.mixin.json:MixinMultipartModel from mod ferritecore: Class version 65 required is higher than the class version supported by the current version of Mixin (JAVA_17 supports class version 61)
[05May2026 00:44:10.312] [Worker-ResourceReload-0/INFO] [voicechat/]: [voicechat] Successfully initialized RNNoise
[05May2026 00:44:10.314] [Worker-ResourceReload-0/INFO] [voicechat/]: [voicechat] Initializing Speex
[05May2026 00:44:10.323] [Worker-ResourceReload-0/INFO] [voicechat/]: [voicechat] Successfully initialized Speex
[05May2026 00:44:10.324] [Worker-ResourceReload-0/INFO] [voicechat/]: [voicechat] Initializing LAME
[05May2026 00:44:10.335] [Worker-ResourceReload-0/INFO] [voicechat/]: [voicechat] Successfully initialized LAME
[05May2026 00:44:10.341] [Worker-ResourceReload-0/INFO] [voicechat/]: [voicechat] Using Cloth Config GUI
[05May2026 00:44:10.394] [Worker-ResourceReload-6/DEBUG] [mixin/]: Mixing WeightedBakedModelMixin from fusion.mixins.json into net.minecraft.client.resources.model.WeightedBakedModel
[05May2026 00:44:10.394] [Worker-ResourceReload-6/DEBUG] [mixin/]: fusion.mixins.json:WeightedBakedModelMixin from mod fusion: Class version 65 required is higher than the class version supported by the current version of Mixin (JAVA_17 supports class version 61)
[05May2026 00:44:10.394] [Worker-ResourceReload-6/DEBUG] [mixin/]: Renaming synthetic method lambda$onInit$1(Lnet/minecraft/util/random/WeightedEntry$Wrapper;)Z to md9b8020$fusion$lambda$onInit$1$0 in fusion.mixins.json:WeightedBakedModelMixin from mod fusion
[05May2026 00:44:10.394] [Worker-ResourceReload-6/DEBUG] [mixin/]: Renaming synthetic method lambda$onInit$0(Ljava/lang/Class;)Ljava/lang/Boolean; to md9b8020$fusion$lambda$onInit$0$1 in fusion.mixins.json:WeightedBakedModelMixin from mod fusion
[05May2026 00:44:10.400] [Worker-ResourceReload-6/DEBUG] [mixin/]: fusion.mixins.json:WeightedBakedModelMixin from mod fusion->@Inject::onInit(Lorg/spongepowered/asm/mixin/injection/callback/CallbackInfo;)V doesn't use it's CallbackInfo
[05May2026 00:44:10.401] [Worker-ResourceReload-6/DEBUG] [mixin/]: fusion.mixins.json:WeightedBakedModelMixin from mod fusion->@Inject::onInit(Lorg/spongepowered/asm/mixin/injection/callback/CallbackInfo;)V has 0 override(s) in child classes
[05May2026 00:44:10.401] [Worker-ResourceReload-6/DEBUG] [mixin/]: fusion.mixins.json:WeightedBakedModelMixin from mod fusion->@Inject::onInit(Lorg/spongepowered/asm/mixin/injection/callback/CallbackInfo;)V won't be passed a CallbackInfo as a result
[05May2026 00:44:10.517] [Worker-ResourceReload-14/INFO] [DistantHorizons-DistantHorizons-com.seibel.distanthorizons.common.AbstractModInitializer_neoforge/]: Distant Horizons, Version: 3.0.2-b
[05May2026 00:44:10.534] [Worker-ResourceReload-14/INFO] [DistantHorizons-DistantHorizons-com.seibel.distanthorizons.common.AbstractModInitializer_neoforge/]: Skipping mod compatibility accessor for: [optifine]
[05May2026 00:44:10.536] [Worker-ResourceReload-14/INFO] [DistantHorizons-DistantHorizons-com.seibel.distanthorizons.common.AbstractModInitializer_neoforge/]: Skipping mod compatibility accessor for: [c2me]
[05May2026 00:44:10.537] [Worker-ResourceReload-14/INFO] [DistantHorizons-DistantHorizons-com.seibel.distanthorizons.common.AbstractModInitializer_neoforge/]: Skipping mod compatibility accessor for: [iris]
[05May2026 00:44:10.578] [Worker-ResourceReload-14/INFO] [DistantHorizons-DistantHorizons-com.seibel.distanthorizons.core.config.ConfigHandler/]: Initialising config for [DistantHorizons]
[05May2026 00:44:10.693] [Worker-ResourceReload-14/WARN] [DistantHorizons-DistantHorizons-com.seibel.distanthorizons.core.config.file.ConfigFileHandler/]: BlockBiomeWrapperPair [client.advanced.debugging.exampleConfigScreen.mapTest] had an invalid value when loading the config. Using default value.
[05May2026 00:44:10.707] [Worker-ResourceReload-14/INFO] [DistantHorizons-DistantHorizons-com.seibel.distanthorizons.core.config.ConfigHandler/]: [DistantHorizons] Config initialised
[05May2026 00:44:10.716] [Worker-ResourceReload-14/INFO] [DistantHorizons-DistantHorizons-com.seibel.distanthorizons.core.config.eventHandlers.IgnoredDimensionCsvHandler/]: Dimension ignoring disabled, DH will render all dimensions.
[05May2026 00:44:10.716] [Worker-ResourceReload-14/INFO] [com.seibel.distanthorizons.core.logging.DhLogger/]: Applying config to loggers
[05May2026 00:44:10.717] [Worker-ResourceReload-14/INFO] [DistantHorizons-DistantHorizons-com.seibel.distanthorizons.core.Initializer/]: Garbage collectors: [G1 Young Generation, G1 Concurrent GC, G1 Old Generation]
[05May2026 00:44:10.717] [Worker-ResourceReload-14/WARN] [DistantHorizons-DistantHorizons-com.seibel.distanthorizons.core.Initializer/]: Distant Horizons: G1 Garbage collector detected.
This can cause FPS stuttering. 
It's recommended to use a concurrent garbage collector 
like ZGC (Java 21+) or Shenandoah (Java 8 through 17) 
for a smoother experience.
[05May2026 00:44:10.725] [Worker-ResourceReload-14/INFO] [DistantHorizons-DistantHorizons-com.seibel.distanthorizons.common.AbstractModInitializer_neoforge/]: Distant Horizons client Initialized.
[05May2026 00:44:10.725] [Worker-ResourceReload-14/INFO] [DistantHorizons-DistantHorizons-com.seibel.distanthorizons.common.AbstractModInitializer_neoforge/]: Running Delayed setup...
[05May2026 00:44:10.725] [Worker-ResourceReload-14/INFO] [DistantHorizons-DistantHorizons-com.seibel.distanthorizons.common.AbstractModInitializer_neoforge/]: Delayed setup complete, firing DhApiAfterDhInitEvent event...
[05May2026 00:44:10.728] [DH-PostClientInit Thread/INFO] [DistantHorizons-DistantHorizons-com.seibel.distanthorizons.common.wrappers.DependencySetup_neoforge/]: Setting DH Rendering API to: [OPEN_GL].
[05May2026 00:44:10.788] [Render thread/DEBUG] [net.neoforged.fml.DeferredWorkQueue/LOADING]: Dispatching synchronous work for work queue Sided setup: 11 jobs
[05May2026 00:44:10.800] [Render thread/INFO] [xaero.map.WorldMap/]: Loading Xaero's World Map - Stage 2/2
[05May2026 00:44:10.806] [Render thread/INFO] [xaero.map.WorldMap/]: New world map region cache hash code: -535102903
[05May2026 00:44:10.906] [NeoForge Version Check/DEBUG] [net.neoforged.fml.VersionChecker/]: [voicechat] Received version check data:
{"1.20.2":{"1.20.2-2.4.32":"Fixed compatibility with Sound Physics Remastered\nUpdated French translation","1.20.2-2.5.12":"Improved cloth config GUI translations"},"1.21.1":{"1.21.1-2.6.17":"Added voice chat icons to GUI atlas\nImproved invalid packet handling on servers"},"1.21":{"1.21-2.5.20":"Added Vietnamese translation\nFixed crash when clicking mod config button"},"26.1.1":{"2.6.15+26.1.1":"Added Esperanto translation\nFall back to Java microphone implementation when using ALSoft >= 1.25.0"},"26.1.2":{"2.6.17+26.1.2":"Added voice chat icons to GUI atlas\nImproved invalid packet handling on servers"},"26.1":{"2.6.14+26.1.1":"Allow 26.1.x"},"1.21.11":{"1.21.11-2.6.17":"Added voice chat icons to GUI atlas\nImproved invalid packet handling on servers"},"1.21.10":{"1.21.10-2.6.17":"Added voice chat icons to GUI atlas\nImproved invalid packet handling on servers"},"1.21.7":{"1.21.7-2.5.34":"Fixed compatibility with newer NeoForge versions\nUpdated German translation"},"1.21.6":{"1.21.6-2.5.32":"Added \"Default microphone\" and \"Default speaker\" options\nFixed antivirus software detecting the jar as a trojan (This was a false positive)"},"1.21.9":{"1.21.9-2.6.4":"Updated to 1.21.9"},"1.21.8":{"1.21.8-2.6.17":"Added voice chat icons to GUI atlas\nImproved invalid packet handling on servers"},"1.20.4":{"1.20.4-2.5.22":"Updated Traditional Chinese translation\nAdded Portuguese translation\nUpdated Ukrainian translation","1.20.4-2.4.32":"Fixed compatibility with Sound Physics Remastered\nUpdated French translation"},"1.21.3":{"1.21.3-2.5.31":"Improved handling of invalid bind addresses\nFixed bind_address being used in LAN worlds\nUpdated Swedish translation"},"1.20.3":{"1.20.3-2.4.29":"Updated to 1.20.3"},"1.21.2":{"1.21.2-2.5.24":"Updated to 1.21.2"},"promos":{"1.21.4-latest":"1.21.4-2.6.17","1.21.3-latest":"1.21.3-2.5.31","1.21.5-latest":"1.21.5-2.6.17","1.21.1-latest":"1.21.1-2.6.17","1.21.6-latest":"1.21.6-2.5.32","1.21.2-latest":"1.21.2-2.5.24","26.1.2-latest":"2.6.17+26.1.2","26.1.1-latest":"2.6.15+26.1.1","1.21.11-latest":"1.21.11-2.6.17","1.21.10-latest":"1.21.10-2.6.17","26.1-latest":"2.6.14+26.1.1","1.20.2-latest":"1.20.2-2.5.12","1.21.9-latest":"1.21.9-2.6.4","1.21.8-latest":"1.21.8-2.6.17","1.20.4-recommended":"1.20.4-2.4.32","1.21.7-latest":"1.21.7-2.5.34","1.21-latest":"1.21-2.5.20","1.20.3-recommended":"1.20.3-2.4.29","1.20.4-latest":"1.20.4-2.5.22","1.20.5-latest":"1.20.5-2.5.12","1.20.3-latest":"1.20.3-2.4.29","1.20.6-latest":"1.20.6-2.5.22","1.20.2-recommended":"1.20.2-2.4.32"},"1.20.6":{"1.20.6-2.5.22":"Updated Traditional Chinese translation\nAdded Portuguese translation\nUpdated Ukrainian translation"},"1.21.5":{"1.21.5-2.6.17":"Added voice chat icons to GUI atlas\nImproved invalid packet handling on servers"},"1.20.5":{"1.20.5-2.5.12":"Updated to 1.20.5"},"1.21.4":{"1.21.4-2.6.17":"Added voice chat icons to GUI atlas\nImproved invalid packet handling on servers"},"homepage":"https://modrepo.de/minecraft/voicechat"}
[05May2026 00:44:10.906] [NeoForge Version Check/INFO] [net.neoforged.fml.VersionChecker/]: [voicechat] Found status: BETA_OUTDATED Current: 1.21.1-2.6.16 Target: 1.21.1-2.6.17
[05May2026 00:44:10.908] [NeoForge Version Check/INFO] [net.neoforged.fml.VersionChecker/]: [iceberg] Starting version check at https://mc-update-check.anthonyhilyard.com/520110
[05May2026 00:44:11.297] [Render thread/INFO] [xaero.map.WorldMap/]: Registered player tracker system: map_synced
[05May2026 00:44:11.300] [Render thread/INFO] [xaero.map.WorldMap/]: Xaero's WorldMap Mod: Xaero's minimap found!
[05May2026 00:44:11.301] [NeoForge Version Check/DEBUG] [net.neoforged.fml.VersionChecker/]: [iceberg] Received version check data:
{"homepage":"https://www.curseforge.com/minecraft/mc-mods/iceberg","gameVersions":{"1.21.1":{"1.3.2":"View the changelog on CurseForge: https://www.curseforge.com/minecraft/mc-mods/iceberg/files/6423866"},"1.21.4":{"1.2.13":"View the changelog on CurseForge: https://www.curseforge.com/minecraft/mc-mods/iceberg/files/6186850"},"1.21.3":{"1.2.10":"View the changelog on CurseForge: https://www.curseforge.com/minecraft/mc-mods/iceberg/files/5991535"},"1.20.1":{"1.1.25":"View the changelog on CurseForge: https://www.curseforge.com/minecraft/mc-mods/iceberg/files/5838149"},"1.21":{"1.2.5":"View the changelog on CurseForge: https://www.curseforge.com/minecraft/mc-mods/iceberg/files/5625109"},"1.20.6":{"1.1.23":"View the changelog on CurseForge: https://www.curseforge.com/minecraft/mc-mods/iceberg/files/5365013"},"1.20.4":{"1.1.20":"View the changelog on CurseForge: https://www.curseforge.com/minecraft/mc-mods/iceberg/files/5012668"},"1.20":{"1.1.18":"View the changelog on CurseForge: https://www.curseforge.com/minecraft/mc-mods/iceberg/files/4953572"},"1.20.2":{"1.1.17":"View the changelog on CurseForge: https://www.curseforge.com/minecraft/mc-mods/iceberg/files/4918151"},"1.19.4":{"1.1.10":"View the changelog on CurseForge: https://www.curseforge.com/minecraft/mc-mods/iceberg/files/4548283"},"1.19.3":{"1.1.6":"View the changelog on CurseForge: https://www.curseforge.com/minecraft/mc-mods/iceberg/files/4483013"},"1.19.2":{"1.1.4":"View the changelog on CurseForge: https://www.curseforge.com/minecraft/mc-mods/iceberg/files/4300529"},"1.19.1":{"1.1.4":"View the changelog on CurseForge: https://www.curseforge.com/minecraft/mc-mods/iceberg/files/4300529"},"1.19":{"1.1.4":"View the changelog on CurseForge: https://www.curseforge.com/minecraft/mc-mods/iceberg/files/4300529"}},"promos":{"1.21.1-latest":"1.3.2","1.21.4-latest":"1.2.13","1.21.3-latest":"1.2.10","1.20.1-latest":"1.1.25","1.21-latest":"1.2.5","1.20.6-latest":"1.1.23","1.20.4-latest":"1.1.20","1.20-latest":"1.1.18","1.20.2-latest":"1.1.17","1.19.4-latest":"1.1.10","1.19.3-latest":"1.1.6","1.19.2-latest":"1.1.4","1.19.1-latest":"1.1.4","1.19-latest":"1.1.4","1.21.1-recommended":"1.3.2","1.21.4-recommended":"1.2.13","1.21.3-recommended":"1.2.10","1.20.1-recommended":"1.1.25","1.21-recommended":"1.2.5","1.20.6-recommended":"1.1.23","1.20.4-recommended":"1.1.20","1.20-recommended":"1.1.18","1.20.2-recommended":"1.1.17","1.19.4-recommended":"1.1.10","1.19.3-recommended":"1.1.6","1.19.2-recommended":"1.1.4","1.19.1-recommended":"1.1.4","1.19-recommended":"1.1.4"}}
[05May2026 00:44:11.301] [NeoForge Version Check/INFO] [net.neoforged.fml.VersionChecker/]: [iceberg] Found status: UP_TO_DATE Current: 1.3.2 Target: null
[05May2026 00:44:11.302] [NeoForge Version Check/INFO] [net.neoforged.fml.VersionChecker/]: [highlighter] Starting version check at https://mc-update-check.anthonyhilyard.com/521590
[05May2026 00:44:11.307] [Render thread/INFO] [xaero.map.WorldMap/]: Registered player tracker system: minimap_synced
[05May2026 00:44:11.307] [Render thread/INFO] [xaero.map.WorldMap/]: No Optifine!
[05May2026 00:44:11.309] [Render thread/INFO] [xaero.map.WorldMap/]: Xaero's World Map: No Vivecraft!
[05May2026 00:44:11.339] [Render thread/INFO] [xaero.minimap.XaeroMinimap/]: Loading Xaero's Minimap - Stage 2/2
[05May2026 00:44:11.371] [NeoForge Version Check/DEBUG] [net.neoforged.fml.VersionChecker/]: [highlighter] Received version check data:
{"homepage":"https://www.curseforge.com/minecraft/mc-mods/item-highlighter","gameVersions":{"1.21.4":{"1.1.11":"View the changelog on CurseForge: https://www.curseforge.com/minecraft/mc-mods/item-highlighter/files/6168705"},"1.21.3":{"1.1.11":"View the changelog on CurseForge: https://www.curseforge.com/minecraft/mc-mods/item-highlighter/files/5991612"},"1.21":{"1.1.11":"View the changelog on CurseForge: https://www.curseforge.com/minecraft/mc-mods/item-highlighter/files/5591015"},"1.21.1":{"1.1.11":"View the changelog on CurseForge: https://www.curseforge.com/minecraft/mc-mods/item-highlighter/files/5591015"},"1.20.6":{"1.1.10":"View the changelog on CurseForge: https://www.curseforge.com/minecraft/mc-mods/item-highlighter/files/5365033"},"1.20.1":{"1.1.9":"View the changelog on CurseForge: https://www.curseforge.com/minecraft/mc-mods/item-highlighter/files/4985588"},"1.20":{"1.1.9":"View the changelog on CurseForge: https://www.curseforge.com/minecraft/mc-mods/item-highlighter/files/4985588"},"1.20.2":{"1.1.8":"View the changelog on CurseForge: https://www.curseforge.com/minecraft/mc-mods/item-highlighter/files/4918160"},"1.20.4":{"1.1.8":"View the changelog on CurseForge: https://www.curseforge.com/minecraft/mc-mods/item-highlighter/files/4918160"},"1.12.2":{"1.1.7":"View the changelog on CurseForge: https://www.curseforge.com/minecraft/mc-mods/item-highlighter/files/4698918"},"1.19.4":{"1.1.6":"View the changelog on CurseForge: https://www.curseforge.com/minecraft/mc-mods/item-highlighter/files/4501019"},"1.19.3":{"1.1.4":"View the changelog on CurseForge: https://www.curseforge.com/minecraft/mc-mods/item-highlighter/files/4276948"},"1.19.2":{"1.1.4":"View the changelog on CurseForge: https://www.curseforge.com/minecraft/mc-mods/item-highlighter/files/3907155"},"1.19.1":{"1.1.4":"View the changelog on CurseForge: https://www.curseforge.com/minecraft/mc-mods/item-highlighter/files/3907155"},"1.19":{"1.1.4":"View the changelog on CurseForge: https://www.curseforge.com/minecraft/mc-mods/item-highlighter/files/3907155"},"1.18.1":{"1.1.2":"View the changelog on CurseForge: https://www.curseforge.com/minecraft/mc-mods/item-highlighter/files/3561221"},"1.18.2":{"1.1.2":"View the changelog on CurseForge: https://www.curseforge.com/minecraft/mc-mods/item-highlighter/files/3561221"},"1.18":{"1.1.2":"View the changelog on CurseForge: https://www.curseforge.com/minecraft/mc-mods/item-highlighter/files/3555120"},"1.16.5":{"1.1.1":"View the changelog on CurseForge: https://www.curseforge.com/minecraft/mc-mods/item-highlighter/files/3514530"},"1.17.1":{"1.1.1":"View the changelog on CurseForge: https://www.curseforge.com/minecraft/mc-mods/item-highlighter/files/3514507"}},"promos":{"1.21.4-latest":"1.1.11","1.21.3-latest":"1.1.11","1.21-latest":"1.1.11","1.21.1-latest":"1.1.11","1.20.6-latest":"1.1.10","1.20.1-latest":"1.1.9","1.20-latest":"1.1.9","1.20.2-latest":"1.1.8","1.20.4-latest":"1.1.8","1.12.2-latest":"1.1.7","1.19.4-latest":"1.1.6","1.19.3-latest":"1.1.4","1.19.2-latest":"1.1.4","1.19.1-latest":"1.1.4","1.19-latest":"1.1.4","1.18.1-latest":"1.1.2","1.18.2-latest":"1.1.2","1.18-latest":"1.1.2","1.16.5-latest":"1.1.1","1.17.1-latest":"1.1.1","1.21.4-recommended":"1.1.11","1.21.3-recommended":"1.1.11","1.21-recommended":"1.1.11","1.21.1-recommended":"1.1.11","1.20.6-recommended":"1.1.10","1.20.1-recommended":"1.1.9","1.20-recommended":"1.1.9","1.20.2-recommended":"1.1.8","1.20.4-recommended":"1.1.8","1.12.2-recommended":"1.1.7","1.19.4-recommended":"1.1.6","1.19.3-recommended":"1.1.4","1.19.2-recommended":"1.1.4","1.19.1-recommended":"1.1.4","1.19-recommended":"1.1.4","1.18.1-recommended":"1.1.2","1.18.2-recommended":"1.1.2","1.18-recommended":"1.1.2","1.16.5-recommended":"1.1.1","1.17.1-recommended":"1.1.1"}}
[05May2026 00:44:11.371] [NeoForge Version Check/INFO] [net.neoforged.fml.VersionChecker/]: [highlighter] Found status: UP_TO_DATE Current: 1.1.11 Target: null
[05May2026 00:44:11.371] [NeoForge Version Check/INFO] [net.neoforged.fml.VersionChecker/]: [searchables] Starting version check at https://updates.blamejared.com/get?n=searchables&gv=1.21.1&ml=neoforge
[05May2026 00:44:11.536] [NeoForge Version Check/DEBUG] [net.neoforged.fml.VersionChecker/]: [searchables] Received version check data:
{"homepage":"https://www.curseforge.com/minecraft/mc-mods/searchables","promos":{"1.21.1-latest":"1.0.2"}}
[05May2026 00:44:11.538] [NeoForge Version Check/INFO] [net.neoforged.fml.VersionChecker/]: [searchables] Found status: BETA Current: 1.0.2 Target: 1.0.2
[05May2026 00:44:11.538] [NeoForge Version Check/INFO] [net.neoforged.fml.VersionChecker/]: [ultimine_addition] Starting version check at https://raw.githubusercontent.com/ixDarkLorD/ModUpdateJSONs/refs/heads/main/neoforge/ultimine_addition.json
[05May2026 00:44:11.562] [NeoForge Version Check/DEBUG] [net.neoforged.fml.VersionChecker/]: [ultimine_addition] Received version check data:
{
    "homepage": "https://www.curseforge.com/minecraft/mc-mods/ultimine-addition",
    "promos": {
        "1.21-latest": "1.0.0",
        "1.21-recommended": "1.0.0",
        "1.21.1-latest": "1.0.0",
        "1.21.1-recommended": "1.0.0"
    }
}
[05May2026 00:44:11.562] [NeoForge Version Check/INFO] [net.neoforged.fml.VersionChecker/]: [ultimine_addition] Found status: AHEAD Current: 2101.1.2.3 Target: null
[05May2026 00:44:11.562] [NeoForge Version Check/INFO] [net.neoforged.fml.VersionChecker/]: [toms_storage] Starting version check at https://raw.githubusercontent.com/tom5454/Toms-Storage/master/version-check-nf.json
[05May2026 00:44:11.579] [NeoForge Version Check/DEBUG] [net.neoforged.fml.VersionChecker/]: [toms_storage] Received version check data:
{
	"homepage": "https://www.curseforge.com/minecraft/mc-mods/toms-storage",
	"promos": {
		"1.20.2-latest": "1.6.12",
		"1.20.4-latest": "1.6.13",
		"1.20.5-latest": "1.6.13",
		"1.20.6-latest": "1.6.17",
		"1.21-latest": "2.0.12",
		"1.21.1-latest": "2.3.2",
		"1.21.3-latest": "2.1.1",
		"1.21.4-latest": "2.3.3",
		"1.21.5-latest": "2.4.3",
		"1.21.6-latest": "2.4.1",
		"1.21.7-latest": "2.5.2",
		"1.21.8-latest": "2.6.0",
		"1.21.10-latest": "2.7.0",
		"1.21.11-latest": "2.8.0",
		"26.1-latest": "2.9.3",
		"26.1.1-latest": "2.9.3",
		"26.1.2-latest": "2.9.3"
	},
	"26.1.2": {
		"2.9.3": "Fix crash if sophisticatedcore is installed, but not sophisticatedstorage"
	},
	"26.1.1": {
		"2.9.3": "Fix crash if sophisticatedcore is installed, but not sophisticatedstorage",
		"2.9.2": "Added JEI integration"
	},
	"26.1": {
		"2.9.3": "Fix crash if sophisticatedcore is installed, but not sophisticatedstorage",
		"2.9.2": "Added JEI integration",
		"2.9.1": "Fix painted blocks color on NeoForge\nAdded Jade support",
		"2.9.0": "26.1 update"
	},
	"1.21.11": {
		"2.8.0": "Added Sophisticated Storage compat for detecting multiblock inventories (#306, Closes #648)\nFixed Inventory Configurator bug with multiblock inventories\nFixed onlyTrimsConnect (Closes #692)\nImproved French translations (#695)\nIncrease Level Emitter limit to signed int limit 2.1B (Closes #671)",
		"2.7.3": "JEI support on 1.21.11 (Closes #688)",
		"2.7.2": "Fixed crash on NeoForge (Closes #673, #571)\nMade painted blocks scrapable with axes and added missing item cleaning recipes (Closes #663)\nAdded Inventory Hopper information to TOP and Jade (Closes #679)",
		"2.7.1": "Fixed crash with Wireless Terminal and Inventory Configurator (Closes #677)",
		"2.7.0": "1.21.11 port"
	},
	"1.21.10": {
		"2.7.0": "Added Sophisticated Storage compat for detecting multiblock inventories (#306, Closes #648)\nFixed Inventory Configurator bug with multiblock inventories\nFixed onlyTrimsConnect (Closes #692)\nImproved French translations (#695)\nIncrease Level Emitter limit to signed int limit 2.1B (Closes #671)",
		"2.6.3": "Fixed crash on NeoForge (Closes #673, #571)\nMade painted blocks scrapable with axes and added missing item cleaning recipes (Closes #663)\nAdded Inventory Hopper information to TOP and Jade (Closes #679)",
		"2.6.2": "Fixed search bar on 1.21.10+",
		"2.6.1": "Fixed items initially not loading when ghost mode is enabled (#637)\nUpdate description for advanced wireless terminal (Closes #639)\nFixed crash with Blur+ (Closes #619)\nFixed recipe book position (Closes #613)\nFix painted blocks not rendering correctly on 1.21.5+\nFix Jade tooltip on Inventory Connector on 1.21.8+ (Closes #666)\nFix terminal popup menu not rendering on 1.21.8+",
		"2.6.0": "1.21.10 port"
	},
	"1.21.8": {
		"2.6.0": "Added Sophisticated Storage compat for detecting multiblock inventories (#306, Closes #648)\nFixed Inventory Configurator bug with multiblock inventories\nFixed onlyTrimsConnect (Closes #692)\nImproved French translations (#695)\nIncrease Level Emitter limit to signed int limit 2.1B (Closes #671)",
		"2.5.3": "Fixed crash on NeoForge (Closes #673, #571)\nMade painted blocks scrapable with axes and added missing item cleaning recipes (Closes #663)\nAdded Inventory Hopper information to TOP and Jade (Closes #679)",
		"2.5.2": "Fixed items initially not loading when ghost mode is enabled (#637)\nUpdate description for advanced wireless terminal (Closes #639)\nFixed crash with Blur+ (Closes #619)\nFixed recipe book position (Closes #613)\nFix painted blocks not rendering correctly on 1.21.5+\nFix Jade tooltip on Inventory Connector on 1.21.8+ (Closes #666)\nFix terminal popup menu not rendering on 1.21.8+",
		"2.5.1": "Added configurable hopper cooldown (#597)\nFixed crash with inventory proxy (Closes #609)\nFixed crash with legendary tooltips (Closes #603)\nFixed crash with REI on 1.21.6+ (Closes #610)"
	},
	"1.21.7": {
		"2.5.2": "Fixed items initially not loading when ghost mode is enabled (#637)\nUpdate description for advanced wireless terminal (Closes #639)\nFixed crash with Blur+ (Closes #619)\nFixed recipe book position (Closes #613)\nFix painted blocks not rendering correctly on 1.21.5+\nFix Jade tooltip on Inventory Connector on 1.21.8+ (Closes #666)\nFix terminal popup menu not rendering on 1.21.8+",
		"2.5.1": "Added configurable hopper cooldown (#597)\nFixed crash with inventory proxy (Closes #609)\nFixed crash with legendary tooltips (Closes #603)\nFixed crash with REI on 1.21.6+ (Closes #610)",
		"2.5.0": "1.21.7 port"
	},
	"1.21.6": {
		"2.4.1": "Fixed JEI/REI/EMI overlapping with some parts of the menus in the mod (Closes #594)\nFixed missing lang entry for inventory configurator (Closes #596)\nFixed JEI integration on 1.21.4 (Closes #599)\nFixed inventory cable connector linking menu not working on 1.21.6 (Closes #600)\nFixed crash with NeoForge 21.6.16-beta\nUpdated Russian translations (#598)",
		"2.4.0": "1.21.6 port"
	},
	"1.21.5": {
		"2.4.3": "Fixed items initially not loading when ghost mode is enabled (#637)\nUpdate description for advanced wireless terminal (Closes #639)\nFixed crash with Blur+ (Closes #619)\nFixed recipe book position (Closes #613)\nFix painted blocks not rendering correctly on 1.21.5+",
		"2.4.2": "Added configurable hopper cooldown (#597)\nFixed crash with inventory proxy (Closes #609)\nFixed crash with legendary tooltips (Closes #603)\nFixed crash with REI on 1.21.6+ (Closes #610)",
		"2.4.1": "Fixed JEI/REI/EMI overlapping with some parts of the menus in the mod (Closes #594)\nFixed missing lang entry for inventory configurator (Closes #596)\nFixed JEI integration on 1.21.4 (Closes #599)\nUpdated Russian translations (#598)",
		"2.4.0": "Fixed occasional crash on NeoForge (Closes #571)\nAdded HUD information to the configurator (#306)\nAdded Multiblock Inventory API (#306)\nAdded debounce to the Inventory Configurator actions (#306)",
		"2.3.2": "Updated Chinese translations (#576)\nFixed inventory hopper drops filter item on 1.21.5 (Closes #582)\nFixed crash with tag filter and Inventory Sorter (Closes #578)\nFixed recipe book on 1.21.4+ (Closes #564)\nFixed crafting placer breaking the recipe (Closes #581)",
		"2.3.1": "Added: inventory configurators highlight painted blocks (Closes #496)\nAdded storage system information to the terminal UI (Closes #435)\nImproved inventory configurator in-game description\nFixed framed inventory cable connectors missing tool tags\nFixed filing cabinets on fabric (#566, Closes #547)\nFixed beacon indicator not showing if beacon level 0 is required (Closes #546)\nFixed recipe book ghost items rendering in the wrong place\nFixed painted inventory trim name breaking (Closes #565)\nFixed REI not working on NeoForge (Closes #473)\nFixed terminal settings buttons not cycling in reverse with shift held (Closes #313)\nFixed tall terminal UI overlapping with jei search bar (Closes #479)\nFixed polymorph button breaking with tall terminal",
		"2.3.0": "1.21.5 port"
	},
	"1.21.4": {
		"2.3.3": "Fixed items initially not loading when ghost mode is enabled (#637)\nUpdate description for advanced wireless terminal (Closes #639)\nFixed crash with Blur+ (Closes #619)\nFixed recipe book position (Closes #613)",
		"2.3.2": "Added configurable hopper cooldown (#597)\nFixed crash with inventory proxy (Closes #609)\nFixed crash with legendary tooltips (Closes #603)\nFixed crash with REI on 1.21.6+ (Closes #610)",
		"2.3.1": "Fixed JEI/REI/EMI overlapping with some parts of the menus in the mod (Closes #594)\nFixed missing lang entry for inventory configurator (Closes #596)\nFixed JEI integration on 1.21.4 (Closes #599)\nUpdated Russian translations (#598)",
		"2.3.0": "Fixed occasional crash on NeoForge (Closes #571)\nAdded HUD information to the configurator (#306)\nAdded Multiblock Inventory API (#306)\nAdded debounce to the Inventory Configurator actions (#306)",
		"2.2.4": "Updated Chinese translations (#576)\nFixed crash with tag filter and Inventory Sorter (Closes #578)\nFixed recipe book on 1.21.4+ (Closes #564)\nFixed crafting placer breaking the recipe (Closes #581)",
		"2.2.3": "Added: inventory configurators highlight painted blocks (Closes #496)\nAdded storage system information to the terminal UI (Closes #435)\nImproved inventory configurator in-game description\nFixed framed inventory cable connectors missing tool tags\nFixed filing cabinets on fabric (#566, Closes #547)\nFixed beacon indicator not showing if beacon level 0 is required (Closes #546)\nFixed recipe book ghost items rendering in the wrong place\nFixed painted inventory trim name breaking (Closes #565)\nFixed REI not working on NeoForge (Closes #473)\nFixed terminal settings buttons not cycling in reverse with shift held (Closes #313)\nFixed tall terminal UI overlapping with jei search bar (Closes #479)\nFixed polymorph button breaking with tall terminal",
		"2.2.2": "Fixed crash with Inventory Sorter (Closes #487)\nFixed polymorph compat not working (Closes #542)\nFixed level emitter not updating on configuration change",
		"2.2.1": "Updated Chinese translations (#519)\nReplaced the framed inventory cable connector item model (#523)\nFixed world hang on Fabric (Closes #524)\nFixed inventory proxy causing crashes in some cases (#520)\nFixed crafting terminal losing items (Closes #498)\nFixed the level emitter model on 1.21.4",
		"2.2.0": "Add config option to blacklist certain blocks/mods (Closes #507)\nRewritten JEI/REI/EMI recipe integrations (Closes #466)\nFixed crash with 0 size inventories (Closes #516)\nFixed Inventory Cable Connector (Framed) xraying on 1.21.4 (Closes #518)\nFixed Paint Kit item name breaking (Closes #517)\nFixed missing texture warnings",		
		"2.1.3": "Updated ViveCraft support to 1.2.0",
		"2.1.2": "1.21.4 port"
	},
	"1.21.3": {
		"2.1.1": "Added French translations (#489)\nFixed crash on 1.21.3",
		"2.1.0": "1.21.3 port"
	},
	"1.21.1": {
		"2.3.2": "Fix crash if sophisticatedcore is installed, but not sophisticatedstorage",
		"2.3.1": "Fix sophisticated storage compat",
		"2.3.0": "Added Sophisticated Storage compat for detecting multiblock inventories (#306, Closes #648)\nFixed Inventory Configurator bug with multiblock inventories\nFixed onlyTrimsConnect (Closes #692)\nImproved French translations (#695)\nIncrease Level Emitter limit to signed int limit 2.1B (Closes #671)",
		"2.2.3": "Fixed items initially not loading when ghost mode is enabled (#637)\nUpdate description for advanced wireless terminal (Closes #639)\nFixed crash with Blur+ (Closes #619)\nFixed recipe book position (Closes #613)",
		"2.2.2": "Added configurable hopper cooldown (#597)\nFixed crash with inventory proxy (Closes #609)\nFixed crash with legendary tooltips (Closes #603)\nFixed crash with REI on 1.21.6+ (Closes #610)",
		"2.2.1": "Fixed JEI/REI/EMI overlapping with some parts of the menus in the mod (Closes #594)\nFixed missing lang entry for inventory configurator (Closes #596)\nUpdated Russian translations (#598)",
		"2.2.0": "Fixed occasional crash on NeoForge (Closes #571)\nAdded HUD information to the configurator (#306)\nAdded Multiblock Inventory API (#306)\nAdded debounce to the Inventory Configurator actions (#306)",
		"2.1.4": "Updated Chinese translations (#576)\nFixed crash with tag filter and Inventory Sorter (Closes #578)",
		"2.1.3": "Added: inventory configurators highlight painted blocks (Closes #496)\nAdded storage system information to the terminal UI (Closes #435)\nImproved inventory configurator in-game description\nFixed framed inventory cable connectors missing tool tags\nFixed filing cabinets on fabric (#566, Closes #547)\nFixed beacon indicator not showing if beacon level 0 is required (Closes #546)\nFixed inventory interface not working in some cases (Closes #478)\nFixed REI not working on NeoForge (Closes #473)\nFixed terminal settings buttons not cycling in reverse with shift held (Closes #313)\nFixed tall terminal UI overlapping with jei search bar (Closes #479)\nFixed polymorph button breaking with tall terminal",
		"2.1.2": "Fixed crash with Inventory Sorter (Closes #487)\nFixed polymorph compat not working (Closes #542)\nFixed level emitter not updating on configuration change",
		"2.1.1": "Updated Chinese translations (#519)\nReplaced the framed inventory cable connector item model (#523)\nFixed world hang on Fabric (Closes #524)\nFixed inventory proxy causing crashes in some cases (#520)\nFixed crafting terminal losing items (Closes #498)",
		"2.1.0": "Add config option to blacklist certain blocks/mods (Closes #507)\nRewritten JEI/REI/EMI recipe integrations (Closes #466)\nFixed crash with 0 size inventories (Closes #516)",
		"2.0.12": "Updated ViveCraft support to 1.2.0",
		"2.0.11": "Added French translations (#489)",
		"2.0.10": "Fixed wireless terminal highlighting with ViveCraft\nAdded Japanese translations (#461)",
		"2.0.9": "Fixed terminal search keep not working\nFixed drawer like blocks not working\nFixed curios not working"
	},
	"1.21": {
		"2.0.12": "Updated ViveCraft support to 1.2.0",
		"2.0.11": "Added French translations (#489)",
		"2.0.10": "Fixed wireless terminal highlighting with ViveCraft\nAdded Japanese translations (#461)",
		"2.0.9": "Fixed terminal search keep not working\nFixed drawer like blocks not working\nFixed curios not working",
		"2.0.8": "Fixed version number on NeoForge\nFixed Pull from Inventory not working",
		"2.0.7": "Added Smart Search option to toggle EMI craftable item list (previously disabled due to lag)\nAdded Component search with `$` (#417)\nAdded Jade/TheOneProbe support",
		"2.0.6": "Added Polymorph support\nAdded content tooltips for item filters\nImproved inventory configurator\nImproved performance on NeoForge\nFiling Cabinet now drops it's content when broken\nFixed inventory cable connector missing the correct tool\nFixed inventory cable connectors breaking the inventory network in some cases\nFixed inventory cable connectors loosing filters\nFixed advanced terminal keybind not working on NeoForge\nFixed terminal syncing JEI/REI/EMI in some cases, when sync is turned off\nFixed the recipe book in the crafting terminal\nFixed JEI show recipes is in the wrong place",
		"2.0.5": "Fixed crash with inventory interface\nFixed inventory interface not working in some cases\nFixed level emitter not working in some cases",
		"2.0.4": "Added Inventory Proxy\nFixed storage terminals not connecting to inventory cables\nFixed Framed Inventor Cable Connector painting not working\nFixed Advanced Terminal not working across dimensions\nFixed Advanced Terminal range is doubled",
		"2.0.3": "Fixed inventory cable connector showing access denied message incorrectly\nFixed crash with inventory cable connectors on inventory connectors\nFixed deadlock with polymorphic item filter\nFixed configs missing localizations\nFixed existing localizations not loading",
		"2.0.2": "Added Inventory Cable connectors\nFixed inventory configurator menu not updating the filter\nImproved advanced wireless terminal description\nFixed inventory cable network leaking memory",
		"2.0.1": "Fixed dupe bug with crafting terminal\nFixed missing recipes, tags, and loot tables\nFixed recipe book in the crafting terminal not filling in the recipe\nRemoved debug barrier item from the storage terminal\nFixed EMI crafting not working",
		"2.0.0": "2.0.0 rewrite initial release"
	},
	"1.20.6": {
		"1.6.17": "Added NBT/component and tag search",
		"1.6.16": "Added JEI Compat\nFixed dupe bug with Tag Item Filter",
		"1.6.15": "Fixed storage terminal screens background",
		"1.6.14": "Fixed chunks failing to save\nEMI, REI, Curios support",
		"1.6.13": "NeoForge 20.5.14-beta port"
	},
	"1.20.5": {
		"1.6.13": "NeoForge 20.5.14-beta port",
		"1.6.12": "1.20.5 port"
	},
	"1.20.4": {
		"1.6.13": "Added NBT/component and tag search\nFixed dark terminal background on 1.20.4",
		"1.6.12": "Fixed dupe bug with Tag Item Filter",
		"1.6.11": "Fixed crash with Inventory Hopper\nUpdated Chinese Translations",
		"1.6.10": "Added JEI support",
		"1.6.9": "20.4.70-beta port\nAdded curios, EMI, REI support",
		"1.6.8": "1.20.4 port"
	},
	"1.20.2": {
		"1.6.12": "Added NBT/component and tag search",
		"1.6.11": "Fixed dupe bug with Tag Item Filter",
		"1.6.10": "Fixed crash with Inventory Hopper\nUpdated Chinese Translations",
		"1.6.9": "Added curios support",
		"1.6.8": "NeoForge 20.2.59-beta port",
		"1.6.7": "NeoForge port"
	}
}
[05May2026 00:44:11.579] [NeoForge Version Check/INFO] [net.neoforged.fml.VersionChecker/]: [toms_storage] Found status: BETA Current: 2.3.2 Target: 2.3.2
[05May2026 00:44:11.888] [Render thread/INFO] [xaero.hud.minimap.MinimapLogs/]: Registered player tracker system: minimap_synced
[05May2026 00:44:11.888] [Render thread/INFO] [xaero.hud.minimap.MinimapLogs/]: Xaero's Minimap: World Map found!
[05May2026 00:44:11.888] [Render thread/INFO] [xaero.hud.minimap.MinimapLogs/]: No Optifine!
[05May2026 00:44:11.888] [Render thread/INFO] [xaero.hud.minimap.MinimapLogs/]: Xaero's Minimap: No Vivecraft!
[05May2026 00:44:11.904] [Render thread/INFO] [KubeJS/]: Started the local web server at http://localhost:61423
[05May2026 00:44:11.907] [Render thread/INFO] [xaero.lib.XaeroLib/]: Loading XaeroLib common 2/2!
[05May2026 00:44:11.907] [Render thread/INFO] [xaero.lib.XaeroLib/]: Loading XaeroLib client 2/2!
[05May2026 00:44:11.907] [Render thread/DEBUG] [net.neoforged.fml.DeferredWorkQueue/LOADING]: Synchronous work queue completed in 1.119 s
[05May2026 00:44:11.948] [Render thread/INFO] [net.creeperhost.polylib.PolyLib/]: =====Registering Capabilities=====
[05May2026 00:44:11.981] [Render thread/DEBUG] [FTB Library/]: loaded 172 entity face icons (46 using dynamic json textures)
[05May2026 00:44:11.985] [Render thread/DEBUG] [dev.ftb.mods.ftbquests.quest.theme.ThemeLoader/]: Theme:
[05May2026 00:44:11.985] [Render thread/DEBUG] [dev.ftb.mods.ftbquests.quest.theme.ThemeLoader/]: 
[05May2026 00:44:11.985] [Render thread/DEBUG] [dev.ftb.mods.ftbquests.quest.theme.ThemeLoader/]: [*]
[05May2026 00:44:11.985] [Render thread/DEBUG] [dev.ftb.mods.ftbquests.quest.theme.ThemeLoader/]: background: ftblibrary:textures/gui/background_squares.png; color=#DCFFFFFF; tile_size=64
[05May2026 00:44:11.986] [Render thread/DEBUG] [dev.ftb.mods.ftbquests.quest.theme.ThemeLoader/]: chapter_panel_background: hollow_rectangle:#1B1D1E; round_edges + ftblibrary:textures/gui/background_squares.png; color=#DCFFFFFF; tile_size=64; color=#B4B4B4; padding=1
[05May2026 00:44:11.986] [Render thread/DEBUG] [dev.ftb.mods.ftbquests.quest.theme.ThemeLoader/]: key_reference_background: ftblibrary:textures/gui/background_squares.png; color=#DCFFFFFF; tile_size=64
[05May2026 00:44:11.986] [Render thread/DEBUG] [dev.ftb.mods.ftbquests.quest.theme.ThemeLoader/]: extra_quest_shapes: diamond, pentagon, hexagon, octagon, heart, gear
[05May2026 00:44:11.986] [Render thread/DEBUG] [dev.ftb.mods.ftbquests.quest.theme.ThemeLoader/]: selected_chapter_highlight_1: #60999999
[05May2026 00:44:11.986] [Render thread/DEBUG] [dev.ftb.mods.ftbquests.quest.theme.ThemeLoader/]: selected_chapter_highlight_2: #28999999
[05May2026 00:44:11.986] [Render thread/DEBUG] [dev.ftb.mods.ftbquests.quest.theme.ThemeLoader/]: text_color: #FFFFFF
[05May2026 00:44:11.986] [Render thread/DEBUG] [dev.ftb.mods.ftbquests.quest.theme.ThemeLoader/]: hover_text_color: #FFFFA0
[05May2026 00:44:11.986] [Render thread/DEBUG] [dev.ftb.mods.ftbquests.quest.theme.ThemeLoader/]: disabled_text_color: #999999
[05May2026 00:44:11.986] [Render thread/DEBUG] [dev.ftb.mods.ftbquests.quest.theme.ThemeLoader/]: widget_border: #1B1D1E
[05May2026 00:44:11.986] [Render thread/DEBUG] [dev.ftb.mods.ftbquests.quest.theme.ThemeLoader/]: widget_background: #44000000
[05May2026 00:44:11.986] [Render thread/DEBUG] [dev.ftb.mods.ftbquests.quest.theme.ThemeLoader/]: symbol_in: #9BC600
[05May2026 00:44:11.986] [Render thread/DEBUG] [dev.ftb.mods.ftbquests.quest.theme.ThemeLoader/]: symbol_out: #408300
[05May2026 00:44:11.986] [Render thread/DEBUG] [dev.ftb.mods.ftbquests.quest.theme.ThemeLoader/]: button: hollow_rectangle:#1B1D1E
[05May2026 00:44:11.986] [Render thread/DEBUG] [dev.ftb.mods.ftbquests.quest.theme.ThemeLoader/]: panel: hollow_rectangle:#1B1D1E; padding=-1
[05May2026 00:44:11.986] [Render thread/DEBUG] [dev.ftb.mods.ftbquests.quest.theme.ThemeLoader/]: disabled_button: hollow_rectangle:#1B1D1E
[05May2026 00:44:11.986] [Render thread/DEBUG] [dev.ftb.mods.ftbquests.quest.theme.ThemeLoader/]: hover_button: hollow_rectangle:#1B1D1E + #44000000; padding=1
[05May2026 00:44:11.986] [Render thread/DEBUG] [dev.ftb.mods.ftbquests.quest.theme.ThemeLoader/]: context_menu: hollow_rectangle:#1B1D1E; round_edges + ftblibrary:textures/gui/background_squares.png; color=#DCFFFFFF; tile_size=64; color=#B4B4B4; padding=1
[05May2026 00:44:11.986] [Render thread/DEBUG] [dev.ftb.mods.ftbquests.quest.theme.ThemeLoader/]: scroll_bar_background: #44000000
[05May2026 00:44:11.986] [Render thread/DEBUG] [dev.ftb.mods.ftbquests.quest.theme.ThemeLoader/]: scroll_bar: hollow_rectangle:#1B1D1E + #44000000; padding=1
[05May2026 00:44:11.986] [Render thread/DEBUG] [dev.ftb.mods.ftbquests.quest.theme.ThemeLoader/]: container_slot: hollow_rectangle:#1B1D1E; padding=-1
[05May2026 00:44:11.986] [Render thread/DEBUG] [dev.ftb.mods.ftbquests.quest.theme.ThemeLoader/]: text_box: part:minecraft:textures/gui/container/enchanting_table.png; pos=0,185,108,19; corner=6
[05May2026 00:44:11.986] [Render thread/DEBUG] [dev.ftb.mods.ftbquests.quest.theme.ThemeLoader/]: icon: none
[05May2026 00:44:11.986] [Render thread/DEBUG] [dev.ftb.mods.ftbquests.quest.theme.ThemeLoader/]: check_icon: builtin
[05May2026 00:44:11.986] [Render thread/DEBUG] [dev.ftb.mods.ftbquests.quest.theme.ThemeLoader/]: add_icon: builtin
[05May2026 00:44:11.986] [Render thread/DEBUG] [dev.ftb.mods.ftbquests.quest.theme.ThemeLoader/]: alert_icon: ftbquests:textures/gui/alert.png
[05May2026 00:44:11.986] [Render thread/DEBUG] [dev.ftb.mods.ftbquests.quest.theme.ThemeLoader/]: support_icon: ftblibrary:textures/icons/support.png
[05May2026 00:44:11.986] [Render thread/DEBUG] [dev.ftb.mods.ftbquests.quest.theme.ThemeLoader/]: wiki_icon: ftbquests:textures/gui/info.png
[05May2026 00:44:11.986] [Render thread/DEBUG] [dev.ftb.mods.ftbquests.quest.theme.ThemeLoader/]: wiki_url: -
[05May2026 00:44:11.986] [Render thread/DEBUG] [dev.ftb.mods.ftbquests.quest.theme.ThemeLoader/]: pin_icon_on: ftbquests:textures/gui/pin.png; color=#F8BD1C
[05May2026 00:44:11.986] [Render thread/DEBUG] [dev.ftb.mods.ftbquests.quest.theme.ThemeLoader/]: pin_icon_off: ftbquests:textures/gui/pin.png; color=#DBDBDB
[05May2026 00:44:11.986] [Render thread/DEBUG] [dev.ftb.mods.ftbquests.quest.theme.ThemeLoader/]: editor_icon_on: ftbquests:textures/gui/editor.png
[05May2026 00:44:11.986] [Render thread/DEBUG] [dev.ftb.mods.ftbquests.quest.theme.ThemeLoader/]: editor_icon_off: ftbquests:textures/gui/editor_white.png
[05May2026 00:44:11.986] [Render thread/DEBUG] [dev.ftb.mods.ftbquests.quest.theme.ThemeLoader/]: hidden_icon: ftbquests:textures/gui/hidden.png; color=#DBDBDB
[05May2026 00:44:11.986] [Render thread/DEBUG] [dev.ftb.mods.ftbquests.quest.theme.ThemeLoader/]: link_icon: ftbquests:textures/gui/link.png; color=#DBDBDB
[05May2026 00:44:11.986] [Render thread/DEBUG] [dev.ftb.mods.ftbquests.quest.theme.ThemeLoader/]: save_icon: ftbquests:textures/gui/save.png
[05May2026 00:44:11.986] [Render thread/DEBUG] [dev.ftb.mods.ftbquests.quest.theme.ThemeLoader/]: settings_icon: ftbquests:textures/gui/settings.png
[05May2026 00:44:11.986] [Render thread/DEBUG] [dev.ftb.mods.ftbquests.quest.theme.ThemeLoader/]: prefs_icon: ftblibrary:icons/player
[05May2026 00:44:11.986] [Render thread/DEBUG] [dev.ftb.mods.ftbquests.quest.theme.ThemeLoader/]: close_icon: ftbquests:textures/gui/close.png
[05May2026 00:44:11.986] [Render thread/DEBUG] [dev.ftb.mods.ftbquests.quest.theme.ThemeLoader/]: emergency_items_icon: ftbquests:textures/gui/emergency_items.png; color=#F3D9FF
[05May2026 00:44:11.986] [Render thread/DEBUG] [dev.ftb.mods.ftbquests.quest.theme.ThemeLoader/]: guide_icon: ftbquests:textures/gui/guide.png; color=#EF9E1A
[05May2026 00:44:11.986] [Render thread/DEBUG] [dev.ftb.mods.ftbquests.quest.theme.ThemeLoader/]: modpack_icon: ftbquests:textures/item/book.png
[05May2026 00:44:11.986] [Render thread/DEBUG] [dev.ftb.mods.ftbquests.quest.theme.ThemeLoader/]: reward_table_icon: ftblibrary:icons/money_bag
[05May2026 00:44:11.986] [Render thread/DEBUG] [dev.ftb.mods.ftbquests.quest.theme.ThemeLoader/]: shop_icon: ftbquests:textures/gui/shop.png; color=#EF9E1A
[05May2026 00:44:11.986] [Render thread/DEBUG] [dev.ftb.mods.ftbquests.quest.theme.ThemeLoader/]: collect_rewards_icon: ftbquests:textures/gui/collect_rewards.png; color=#EF9E1A
[05May2026 00:44:11.986] [Render thread/DEBUG] [dev.ftb.mods.ftbquests.quest.theme.ThemeLoader/]: lock_icon: ftbquests:textures/gui/quest_locked.png
[05May2026 00:44:11.986] [Render thread/DEBUG] [dev.ftb.mods.ftbquests.quest.theme.ThemeLoader/]: delete_icon: ftblibrary:icons/remove
[05May2026 00:44:11.986] [Render thread/DEBUG] [dev.ftb.mods.ftbquests.quest.theme.ThemeLoader/]: reload_icon: ftblibrary:icons/refresh
[05May2026 00:44:11.986] [Render thread/DEBUG] [dev.ftb.mods.ftbquests.quest.theme.ThemeLoader/]: download_icon: ftblibrary:icons/down
[05May2026 00:44:11.986] [Render thread/DEBUG] [dev.ftb.mods.ftbquests.quest.theme.ThemeLoader/]: edit_icon: ftblibrary:icons/settings
[05May2026 00:44:11.986] [Render thread/DEBUG] [dev.ftb.mods.ftbquests.quest.theme.ThemeLoader/]: move_up_icon: ftblibrary:icons/up
[05May2026 00:44:11.986] [Render thread/DEBUG] [dev.ftb.mods.ftbquests.quest.theme.ThemeLoader/]: move_down_icon: ftblibrary:icons/down
[05May2026 00:44:11.986] [Render thread/DEBUG] [dev.ftb.mods.ftbquests.quest.theme.ThemeLoader/]: left_arrow: ftblibrary:icons/left
[05May2026 00:44:11.987] [Render thread/DEBUG] [dev.ftb.mods.ftbquests.quest.theme.ThemeLoader/]: right_arrow: ftblibrary:icons/right
[05May2026 00:44:11.987] [Render thread/DEBUG] [dev.ftb.mods.ftbquests.quest.theme.ThemeLoader/]: full_screen_quest: 0
[05May2026 00:44:11.987] [Render thread/DEBUG] [dev.ftb.mods.ftbquests.quest.theme.ThemeLoader/]: tasks_text_color: #5555FF
[05May2026 00:44:11.987] [Render thread/DEBUG] [dev.ftb.mods.ftbquests.quest.theme.ThemeLoader/]: rewards_text_color: #FFAA00
[05May2026 00:44:11.987] [Render thread/DEBUG] [dev.ftb.mods.ftbquests.quest.theme.ThemeLoader/]: quest_view_background: hollow_rectangle:#1B1D1E; round_edges + ftblibrary:textures/gui/background_squares.png; color=#DCFFFFFF; tile_size=64; color=#B4B4B4; padding=1
[05May2026 00:44:11.987] [Render thread/DEBUG] [dev.ftb.mods.ftbquests.quest.theme.ThemeLoader/]: quest_view_border: #1B1D1E
[05May2026 00:44:11.987] [Render thread/DEBUG] [dev.ftb.mods.ftbquests.quest.theme.ThemeLoader/]: quest_view_title: #AAAAAA
[05May2026 00:44:11.987] [Render thread/DEBUG] [dev.ftb.mods.ftbquests.quest.theme.ThemeLoader/]: quest_completed_color: #C856FF56
[05May2026 00:44:11.987] [Render thread/DEBUG] [dev.ftb.mods.ftbquests.quest.theme.ThemeLoader/]: quest_started_color: #C800FFFF
[05May2026 00:44:11.987] [Render thread/DEBUG] [dev.ftb.mods.ftbquests.quest.theme.ThemeLoader/]: quest_not_started_color: #96FFFFFF
[05May2026 00:44:11.987] [Render thread/DEBUG] [dev.ftb.mods.ftbquests.quest.theme.ThemeLoader/]: quest_locked_color: #FF999999
[05May2026 00:44:11.987] [Render thread/DEBUG] [dev.ftb.mods.ftbquests.quest.theme.ThemeLoader/]: dependency_line_texture: ftbquests:textures/gui/dependency.png
[05May2026 00:44:11.987] [Render thread/DEBUG] [dev.ftb.mods.ftbquests.quest.theme.ThemeLoader/]: dependency_line_completed_color: #64DC64
[05May2026 00:44:11.987] [Render thread/DEBUG] [dev.ftb.mods.ftbquests.quest.theme.ThemeLoader/]: dependency_line_uncompleted_color: #B4CCA3A3
[05May2026 00:44:11.987] [Render thread/DEBUG] [dev.ftb.mods.ftbquests.quest.theme.ThemeLoader/]: dependency_line_unavailable_color: #64CCA3A3
[05May2026 00:44:11.987] [Render thread/DEBUG] [dev.ftb.mods.ftbquests.quest.theme.ThemeLoader/]: dependency_line_requires_color: #00C8C8
[05May2026 00:44:11.987] [Render thread/DEBUG] [dev.ftb.mods.ftbquests.quest.theme.ThemeLoader/]: dependency_line_required_for_color: #C8C800
[05May2026 00:44:11.987] [Render thread/DEBUG] [dev.ftb.mods.ftbquests.quest.theme.ThemeLoader/]: dependency_line_selected_speed: 1.0
[05May2026 00:44:11.987] [Render thread/DEBUG] [dev.ftb.mods.ftbquests.quest.theme.ThemeLoader/]: dependency_line_unselected_speed: 0.0
[05May2026 00:44:11.987] [Render thread/DEBUG] [dev.ftb.mods.ftbquests.quest.theme.ThemeLoader/]: dependency_line_thickness: 0.17
[05May2026 00:44:11.988] [Render thread/DEBUG] [dev.ftb.mods.ftbquests.quest.theme.ThemeLoader/]: quest_spacing: 1.0
[05May2026 00:44:11.988] [Render thread/DEBUG] [dev.ftb.mods.ftbquests.quest.theme.ThemeLoader/]: pinned_quest_size: 0.75
[05May2026 00:44:11.988] [Render thread/DEBUG] [dev.ftb.mods.ftbquests.quest.theme.ThemeLoader/]: checkmark_task_active: ftblibrary:icons/accept
[05May2026 00:44:11.988] [Render thread/DEBUG] [dev.ftb.mods.ftbquests.quest.theme.ThemeLoader/]: checkmark_task_inactive: ftblibrary:icons/accept_gray
[05May2026 00:44:12.061] [Worker-ResourceReload-11/INFO] [snownee.jade.Jade/]: Start loading plugin from net.p3pp3rf1y.sophisticatedstorage.compat.jade.StorageJadePlugin
[05May2026 00:44:12.075] [Worker-ResourceReload-11/INFO] [snownee.jade.Jade/]: Start loading plugin from dev.shadowsoffire.gateways.compat.GatewayJadePlugin
[05May2026 00:44:12.075] [Worker-ResourceReload-11/INFO] [snownee.jade.Jade/]: Start loading plugin from net.blay09.mods.balm.neoforge.compat.hudinfo.NeoForgeJadeModCompat
[05May2026 00:44:12.076] [Worker-ResourceReload-11/INFO] [snownee.jade.Jade/]: Start loading plugin from dev.shadowsoffire.apothic_spawners.compat.SpawnerHwylaPlugin
[05May2026 00:44:12.076] [Worker-ResourceReload-11/INFO] [snownee.jade.Jade/]: Start loading plugin from snownee.jade.addon.vanilla.VanillaPlugin
[05May2026 00:44:12.095] [Worker-ResourceReload-11/INFO] [snownee.jade.Jade/]: Start loading plugin from snownee.jade.addon.universal.UniversalPlugin
[05May2026 00:44:12.099] [Worker-ResourceReload-11/INFO] [snownee.jade.Jade/]: Start loading plugin from snownee.jade.addon.debug.DebugPlugin
[05May2026 00:44:12.102] [Worker-ResourceReload-11/INFO] [snownee.jade.Jade/]: Start loading plugin from snownee.jade.addon.core.CorePlugin
[05May2026 00:44:12.105] [Worker-ResourceReload-11/INFO] [snownee.jade.Jade/]: Start loading plugin from snownee.jade.addon.access.AccessibilityPlugin
[05May2026 00:44:12.107] [Worker-ResourceReload-11/INFO] [snownee.jade.Jade/]: Start loading plugin from noobanidus.mods.lootr.common.integration.jade.LootrWailaPlugin
[05May2026 00:44:12.108] [Worker-ResourceReload-11/INFO] [snownee.jade.Jade/]: Start loading plugin from dev.shadowsoffire.apothic_enchanting.compat.EnchJadePlugin
[05May2026 00:44:12.108] [Worker-ResourceReload-11/INFO] [snownee.jade.Jade/]: Start loading plugin from dev.shadowsoffire.apotheosis.compat.AdventureHwylaPlugin
[05May2026 00:44:12.108] [Worker-ResourceReload-11/INFO] [snownee.jade.Jade/]: Start loading plugin from com.tom.storagemod.jade.JadePlugin
[05May2026 00:44:12.127] [Render thread/DEBUG] [net.neoforged.fml.DeferredWorkQueue/LOADING]: Dispatching synchronous work for work queue Complete loading of 95 mods: 4 jobs
[05May2026 00:44:12.128] [Render thread/INFO] [Configured/]: Successfully loaded config provider: com.mrcrayfish.configured.impl.neoforge.NeoForgeConfigProvider
[05May2026 00:44:12.128] [Render thread/INFO] [Configured/]: Successfully loaded config provider: com.mrcrayfish.configured.impl.framework.FrameworkConfigProvider
[05May2026 00:44:12.130] [Render thread/INFO] [Configured/]: Successfully loaded config provider: com.mrcrayfish.configured.impl.jei.JeiConfigProvider
[05May2026 00:44:12.130] [Render thread/ERROR] [Configured/]: Failed to load config provider from mod: iceberg
[05May2026 00:44:12.130] [Render thread/INFO] [Configured/]: Creating config GUI factories...
[05May2026 00:44:12.133] [Render thread/INFO] [Configured/]: Registering config factory for mod sophisticatedstorage. Found 3 config(s)
[05May2026 00:44:12.133] [Render thread/INFO] [Configured/]: Registering config factory for mod quickstack. Found 2 config(s)
[05May2026 00:44:12.135] [Render thread/INFO] [Configured/]: Registering config factory for mod incontrol. Found 1 config(s)
[05May2026 00:44:12.135] [Render thread/INFO] [Configured/]: Registering config factory for mod sophisticatedcore. Found 2 config(s)
[05May2026 00:44:12.135] [Render thread/INFO] [Configured/]: Registering config factory for mod ultimine_addition. Found 3 config(s)
[05May2026 00:44:12.135] [Render thread/INFO] [Configured/]: Registering config factory for mod sophisticatedbackpacks. Found 2 config(s)
[05May2026 00:44:12.136] [Render thread/INFO] [Configured/]: Registering config factory for mod curios. Found 3 config(s)
[05May2026 00:44:12.136] [Render thread/INFO] [Configured/]: Registering config factory for mod patchouli. Found 1 config(s)
[05May2026 00:44:12.136] [Render thread/INFO] [Configured/]: Registering config factory for mod improvedmobs. Found 2 config(s)
[05May2026 00:44:12.136] [Render thread/INFO] [Configured/]: Registering config factory for mod fastleafdecay. Found 1 config(s)
[05May2026 00:44:12.146] [Render thread/DEBUG] [net.neoforged.fml.DeferredWorkQueue/LOADING]: Synchronous work queue completed in 19.40 ms
[05May2026 00:44:12.170] [Render thread/DEBUG] [mixin/]: Mixing PacketRecipeTransferAccessor from toomanyrecipeviewers.mixins.json into mezz.jei.common.network.packets.PacketRecipeTransfer
[05May2026 00:44:12.193] [Render thread/INFO] [tfar.quickstack.DropOff/]: Registered network packets
[05May2026 00:44:12.386] [Render thread/WARN] [net.minecraft.client.sounds.SoundEngine/]: Missing sound for event: minecraft:item.goat_horn.play
[05May2026 00:44:12.386] [Render thread/WARN] [net.minecraft.client.sounds.SoundEngine/]: Missing sound for event: minecraft:entity.goat.screaming.horn_break
[05May2026 00:44:12.387] [Render thread/WARN] [net.minecraft.client.sounds.SoundEngine/]: Missing sound for event: reliquified_artifacts:night_vision_toggle
[05May2026 00:44:12.430] [Render thread/INFO] [com.mojang.blaze3d.audio.Library/]: OpenAL initialized on device OpenAL Soft on Speakers (Pebble V3)
[05May2026 00:44:12.430] [Render thread/INFO] [net.minecraft.client.sounds.SoundEngine/SOUNDS]: Sound engine started
[05May2026 00:44:12.533] [Render thread/INFO] [net.minecraft.client.renderer.texture.TextureAtlas/]: Created: 2048x1024x4 minecraft:textures/atlas/blocks.png-atlas
[05May2026 00:44:12.542] [Render thread/INFO] [net.minecraft.client.renderer.texture.TextureAtlas/]: Created: 256x256x4 minecraft:textures/atlas/signs.png-atlas
[05May2026 00:44:12.544] [Render thread/INFO] [net.minecraft.client.renderer.texture.TextureAtlas/]: Created: 512x512x4 minecraft:textures/atlas/banner_patterns.png-atlas
[05May2026 00:44:12.544] [Render thread/INFO] [net.minecraft.client.renderer.texture.TextureAtlas/]: Created: 512x512x4 minecraft:textures/atlas/shield_patterns.png-atlas
[05May2026 00:44:12.545] [Render thread/INFO] [net.minecraft.client.renderer.texture.TextureAtlas/]: Created: 1024x1024x4 minecraft:textures/atlas/armor_trims.png-atlas
[05May2026 00:44:12.549] [Render thread/INFO] [net.minecraft.client.renderer.texture.TextureAtlas/]: Created: 1024x512x4 minecraft:textures/atlas/chest.png-atlas
[05May2026 00:44:12.551] [Render thread/INFO] [net.minecraft.client.renderer.texture.TextureAtlas/]: Created: 128x128x4 minecraft:textures/atlas/decorated_pot.png-atlas
[05May2026 00:44:12.553] [Render thread/INFO] [net.minecraft.client.renderer.texture.TextureAtlas/]: Created: 512x256x4 minecraft:textures/atlas/beds.png-atlas
[05May2026 00:44:12.553] [Render thread/INFO] [net.minecraft.client.renderer.texture.TextureAtlas/]: Created: 512x256x4 minecraft:textures/atlas/shulker_boxes.png-atlas
[05May2026 00:44:12.557] [Render thread/DEBUG] [mixin/]: Mixing CubeDefinitionMixin from tenshilib.mixins.json into net.minecraft.client.model.geom.builders.CubeDefinition
[05May2026 00:44:12.557] [Render thread/DEBUG] [mixin/]: tenshilib.mixins.json:CubeDefinitionMixin from mod tenshilib: Class version 65 required is higher than the class version supported by the current version of Mixin (JAVA_16 supports class version 60)
[05May2026 00:44:12.560] [Render thread/DEBUG] [mixin/]: Mixing MixinLlamaEntityModel from xaerohud.mixins.json into net.minecraft.client.model.LlamaModel
[05May2026 00:44:12.560] [Render thread/DEBUG] [mixin/]: xaerohud.mixins.json:MixinLlamaEntityModel from mod xaerominimap: Class version 65 required is higher than the class version supported by the current version of Mixin (JAVA_17 supports class version 61)
[05May2026 00:44:12.560] [Render thread/DEBUG] [mixin/]: xaerohud.mixins.json:MixinLlamaEntityModel from mod xaerominimap->@Inject::onRender(Lcom/mojang/blaze3d/vertex/PoseStack;Lcom/mojang/blaze3d/vertex/VertexConsumer;IIILorg/spongepowered/asm/mixin/injection/callback/CallbackInfo;)V doesn't use it's CallbackInfo
[05May2026 00:44:12.562] [Render thread/DEBUG] [mixin/]: xaerohud.mixins.json:MixinLlamaEntityModel from mod xaerominimap->@Inject::onRender(Lcom/mojang/blaze3d/vertex/PoseStack;Lcom/mojang/blaze3d/vertex/VertexConsumer;IIILorg/spongepowered/asm/mixin/injection/callback/CallbackInfo;)V has 0 override(s) in child classes
[05May2026 00:44:12.562] [Render thread/DEBUG] [mixin/]: xaerohud.mixins.json:MixinLlamaEntityModel from mod xaerominimap->@Inject::onRender(Lcom/mojang/blaze3d/vertex/PoseStack;Lcom/mojang/blaze3d/vertex/VertexConsumer;IIILorg/spongepowered/asm/mixin/injection/callback/CallbackInfo;)V won't be passed a CallbackInfo as a result
[05May2026 00:44:12.626] [Render thread/DEBUG] [mixin/]: Mixing MixinDragonEntityModel from xaerohud.mixins.json into net.minecraft.client.renderer.entity.EnderDragonRenderer$DragonModel
[05May2026 00:44:12.626] [Render thread/DEBUG] [mixin/]: xaerohud.mixins.json:MixinDragonEntityModel from mod xaerominimap: Class version 65 required is higher than the class version supported by the current version of Mixin (JAVA_17 supports class version 61)
[05May2026 00:44:12.626] [Render thread/DEBUG] [mixin/]: xaerohud.mixins.json:MixinDragonEntityModel from mod xaerominimap->@Inject::onRender(Lcom/mojang/blaze3d/vertex/PoseStack;Lcom/mojang/blaze3d/vertex/VertexConsumer;IIILorg/spongepowered/asm/mixin/injection/callback/CallbackInfo;)V doesn't use it's CallbackInfo
[05May2026 00:44:12.626] [Render thread/DEBUG] [mixin/]: xaerohud.mixins.json:MixinDragonEntityModel from mod xaerominimap->@Inject::onRender(Lcom/mojang/blaze3d/vertex/PoseStack;Lcom/mojang/blaze3d/vertex/VertexConsumer;IIILorg/spongepowered/asm/mixin/injection/callback/CallbackInfo;)V has 0 override(s) in child classes
[05May2026 00:44:12.626] [Render thread/DEBUG] [mixin/]: xaerohud.mixins.json:MixinDragonEntityModel from mod xaerominimap->@Inject::onRender(Lcom/mojang/blaze3d/vertex/PoseStack;Lcom/mojang/blaze3d/vertex/VertexConsumer;IIILorg/spongepowered/asm/mixin/injection/callback/CallbackInfo;)V won't be passed a CallbackInfo as a result
[05May2026 00:44:12.630] [Render thread/DEBUG] [mixin/]: Mixing PlayerItemInHandLayerMixin from moonlight-common.mixins.json into net.minecraft.client.renderer.entity.layers.PlayerItemInHandLayer
[05May2026 00:44:12.630] [Render thread/DEBUG] [mixin/]: moonlight-common.mixins.json:PlayerItemInHandLayerMixin from mod moonlight: Class version 65 required is higher than the class version supported by the current version of Mixin (JAVA_17 supports class version 61)
[05May2026 00:44:12.630] [Render thread/DEBUG] [mixin/]: moonlight-common.mixins.json:PlayerItemInHandLayerMixin from mod moonlight->@Inject::poseRightArm(Lnet/minecraft/world/entity/LivingEntity;Lnet/minecraft/world/item/ItemStack;Lnet/minecraft/world/item/ItemDisplayContext;Lnet/minecraft/world/entity/HumanoidArm;Lcom/mojang/blaze3d/vertex/PoseStack;Lnet/minecraft/client/renderer/MultiBufferSource;ILorg/spongepowered/asm/mixin/injection/callback/CallbackInfo;)V does use it's CallbackInfo
[05May2026 00:44:12.630] [Render thread/DEBUG] [mixin/]: Mixing MixinCapeLayer from caelus.mixins.json into net.minecraft.client.renderer.entity.layers.CapeLayer
[05May2026 00:44:12.630] [Render thread/DEBUG] [mixin/]: caelus.mixins.json:MixinCapeLayer from mod caelus: Class version 65 required is higher than the class version supported by the current version of Mixin (JAVA_17 supports class version 61)
[05May2026 00:44:12.632] [Render thread/DEBUG] [mixin/]: caelus.mixins.json:MixinCapeLayer from mod caelus->@Inject::caelus$canRenderCape(Lcom/mojang/blaze3d/vertex/PoseStack;Lnet/minecraft/client/renderer/MultiBufferSource;ILnet/minecraft/client/player/AbstractClientPlayer;FFFFFFLorg/spongepowered/asm/mixin/injection/callback/CallbackInfo;)V does use it's CallbackInfo
[05May2026 00:44:12.642] [Render thread/INFO] [net.minecraft.client.renderer.texture.TextureAtlas/]: Created: 512x256x0 minecraft:textures/atlas/particles.png-atlas
[05May2026 00:44:12.642] [Render thread/INFO] [net.minecraft.client.renderer.texture.TextureAtlas/]: Created: 512x256x0 minecraft:textures/atlas/paintings.png-atlas
[05May2026 00:44:12.644] [Render thread/INFO] [net.minecraft.client.renderer.texture.TextureAtlas/]: Created: 256x256x0 minecraft:textures/atlas/mob_effects.png-atlas
[05May2026 00:44:12.644] [Render thread/INFO] [net.minecraft.client.renderer.texture.TextureAtlas/]: Created: 256x256x0 minecraft:textures/atlas/map_decorations.png-atlas
[05May2026 00:44:12.644] [Render thread/INFO] [net.minecraft.client.renderer.texture.TextureAtlas/]: Created: 1024x1024x0 minecraft:textures/atlas/gui.png-atlas
[05May2026 00:44:12.667] [Render thread/WARN] [net.minecraft.client.renderer.ShaderInstance/]: Shader rendertype_entity_translucent_emissive could not find sampler named Sampler2 in the specified shader program.
[05May2026 00:44:12.720] [Render thread/WARN] [net.minecraft.client.renderer.ShaderInstance/]: Shader relics:reveal_panel could not find uniform named ColorModulator in the specified shader program.
[05May2026 00:44:12.720] [Render thread/WARN] [net.minecraft.client.renderer.ShaderInstance/]: Shader relics:reveal_panel could not find uniform named color in the specified shader program.
[05May2026 00:44:12.729] [Render thread/WARN] [net.minecraft.client.renderer.ShaderInstance/]: Shader apotheosis:gray could not find uniform named IViewRotMat in the specified shader program.
[05May2026 00:44:12.740] [Render thread/INFO] [net.minecraft.client.renderer.texture.TextureAtlas/]: Created: 256x256x0 jei:textures/atlas/gui.png-atlas
[05May2026 00:44:12.746] [Render thread/INFO] [xaero.lib.XaeroLib/]: Successfully reloaded the XaeroLib shaders!
[05May2026 00:44:12.747] [Render thread/INFO] [net.neoforged.neoforge.client.entity.animation.json.AnimationLoader/]: Loaded 0 entity animations
[05May2026 00:44:13.177] [Render thread/DEBUG] [io.netty.util.internal.ThreadLocalRandom/]: -Dio.netty.initialSeedUniquifier: 0x6a7d66b45c538174
[05May2026 00:44:13.186] [Render thread/INFO] [patchouli/]: BookContentResourceListenerLoader preloaded 721 jsons
[05May2026 00:44:13.186] [Render thread/DEBUG] [patchouli/]: Not reloading resource pack-based books as client world is missing
[05May2026 00:44:13.187] [Render thread/INFO] [net.minecraft.client.renderer.texture.TextureAtlas/]: Created: 512x256x0 polylib:textures/atlas/gui.png-atlas
[05May2026 00:44:13.193] [Render thread/INFO] [DistantHorizons-DistantHorizons-com.seibel.distanthorizons.core.jar.updater.SelfUpdater/]: Checking for Distant Horizons update
[05May2026 00:44:13.407] [Render thread/INFO] [DistantHorizons-DistantHorizons-com.seibel.distanthorizons.core.jar.updater.SelfUpdater/]: New version (3.0.3-b) of Distant Horizons is available
[05May2026 00:44:13.407] [Render thread/INFO] [DistantHorizons-DistantHorizons-com.seibel.distanthorizons.core.jar.updater.SelfUpdater/]: Download link: https://cdn.modrinth.com/data/uCdwusMi/versions/oYXIfeus/DistantHorizons-3.0.3-b-1.21.1-fabric-neoforge.jar
[05May2026 00:44:13.410] [Render thread/INFO] [com.cupboard.Cupboard/]: Loaded config for: lootintegrations.json
[05May2026 00:44:13.412] [Render thread/INFO] [com.cupboard.Cupboard/]: Loaded config for: connectivity.json
[05May2026 00:44:13.440] [Render thread/DEBUG] [mixin/]: Mixing RecipeScreenAccessor from emiffect.mixins.json into dev.emi.emi.screen.RecipeScreen
[05May2026 00:44:13.440] [Render thread/DEBUG] [mixin/]: emiffect.mixins.json:RecipeScreenAccessor from mod emiffect: Class version 65 required is higher than the class version supported by the current version of Mixin (JAVA_17 supports class version 61)
[05May2026 00:44:15.225] [Render thread/DEBUG] [mixin/]: Mixing StringRenderOutputMixin from jade.mixins.json into net.minecraft.client.gui.Font$StringRenderOutput
[05May2026 00:44:15.225] [Render thread/DEBUG] [mixin/]: jade.mixins.json:StringRenderOutputMixin from mod jade: Class version 65 required is higher than the class version supported by the current version of Mixin (JAVA_16 supports class version 60)
[05May2026 00:44:15.225] [Render thread/DEBUG] [mixin/]: Mixing fast_text_lookup.MixinTextRenderer_Drawer from immediatelyfast-common.mixins.json into net.minecraft.client.gui.Font$StringRenderOutput
[05May2026 00:44:15.225] [Render thread/DEBUG] [mixin/]: immediatelyfast-common.mixins.json:fast_text_lookup.MixinTextRenderer_Drawer from mod immediatelyfast: Class version 65 required is higher than the class version supported by the current version of Mixin (JAVA_17 supports class version 61)
[05May2026 00:44:15.227] [Render thread/DEBUG] [mixin/]: jade.mixins.json:StringRenderOutputMixin from mod jade->@Inject::jade$init(Lnet/minecraft/client/gui/Font;Lnet/minecraft/client/renderer/MultiBufferSource;FFIZLorg/joml/Matrix4f;Lnet/minecraft/client/gui/Font$DisplayMode;ILorg/spongepowered/asm/mixin/injection/callback/CallbackInfo;)V doesn't use it's CallbackInfo
[05May2026 00:44:15.227] [Render thread/DEBUG] [mixin/]: jade.mixins.json:StringRenderOutputMixin from mod jade->@Inject::jade$init(Lnet/minecraft/client/gui/Font;Lnet/minecraft/client/renderer/MultiBufferSource;FFIZLorg/joml/Matrix4f;Lnet/minecraft/client/gui/Font$DisplayMode;ILorg/spongepowered/asm/mixin/injection/callback/CallbackInfo;)V has 0 override(s) in child classes
[05May2026 00:44:15.227] [Render thread/DEBUG] [mixin/]: jade.mixins.json:StringRenderOutputMixin from mod jade->@Inject::jade$init(Lnet/minecraft/client/gui/Font;Lnet/minecraft/client/renderer/MultiBufferSource;FFIZLorg/joml/Matrix4f;Lnet/minecraft/client/gui/Font$DisplayMode;ILorg/spongepowered/asm/mixin/injection/callback/CallbackInfo;)V won't be passed a CallbackInfo as a result
[05May2026 00:44:15.227] [Render thread/DEBUG] [mixin/]: jade.mixins.json:StringRenderOutputMixin from mod jade->@Inject::jade$accept(ILnet/minecraft/network/chat/Style;ILorg/spongepowered/asm/mixin/injection/callback/CallbackInfoReturnable;)V does use it's CallbackInfoReturnable
[05May2026 00:44:15.244] [Render thread/WARN] [ModernFix/]: Game took 20.304 seconds to start
[05May2026 00:44:16.561] [FTB Backups Config Watcher 0/INFO] [net.creeperhost.ftbbackups.FTBBackups/]: Config at C:\Users\mahat\Twitch\Minecraft\Instances\PBMC 2026\config\ftbbackups2.json has changed, reloaded!
[05May2026 00:44:16.591] [Render thread/DEBUG] [net.neoforged.neoforge.network.DualStackUtils/]: Detected IPv6 address: "0:0:0:0:0:0:0:0"
[05May2026 00:44:16.593] [Render thread/DEBUG] [mixin/]: Mixing AbstractSelectionListMixin from kubejs.mixins.json into net.minecraft.client.gui.components.AbstractSelectionList
[05May2026 00:44:16.596] [Render thread/DEBUG] [mixin/]: Mixing client.MixinOnlineServerEntry from mixins/common/nochatreports.mixins.json into net.minecraft.client.gui.screens.multiplayer.ServerSelectionList$OnlineServerEntry
[05May2026 00:44:16.596] [Render thread/DEBUG] [mixin/]: Renaming synthetic method lambda$onRender$0()Ljava/util/ArrayList; to md9b8020$nochatreports$lambda$onRender$0$0 in mixins/common/nochatreports.mixins.json:client.MixinOnlineServerEntry from mod nochatreports
[05May2026 00:44:16.598] [Render thread/DEBUG] [mixin/]: mixins/common/nochatreports.mixins.json:client.MixinOnlineServerEntry from mod nochatreports->@Inject::onRender(Lnet/minecraft/client/gui/GuiGraphics;IIIIIIIZFLorg/spongepowered/asm/mixin/injection/callback/CallbackInfo;)V doesn't use it's CallbackInfo
[05May2026 00:44:16.598] [Render thread/DEBUG] [mixin/]: mixins/common/nochatreports.mixins.json:client.MixinOnlineServerEntry from mod nochatreports->@Inject::onRender(Lnet/minecraft/client/gui/GuiGraphics;IIIIIIIZFLorg/spongepowered/asm/mixin/injection/callback/CallbackInfo;)V has 0 override(s) in child classes
[05May2026 00:44:16.598] [Render thread/DEBUG] [mixin/]: mixins/common/nochatreports.mixins.json:client.MixinOnlineServerEntry from mod nochatreports->@Inject::onRender(Lnet/minecraft/client/gui/GuiGraphics;IIIIIIIZFLorg/spongepowered/asm/mixin/injection/callback/CallbackInfo;)V won't be passed a CallbackInfo as a result
[05May2026 00:44:17.676] [Server Pinger #0/DEBUG] [mixin/]: Mixing PacketDecoderMixin from connectivity.mixins.json into net.minecraft.network.PacketDecoder
[05May2026 00:44:17.678] [Server Pinger #0/DEBUG] [mixin/]: connectivity.mixins.json:PacketDecoderMixin from mod connectivity->@Inject::checkSize(Lio/netty/channel/ChannelHandlerContext;Lio/netty/buffer/ByteBuf;Ljava/util/List;Lorg/spongepowered/asm/mixin/injection/callback/CallbackInfo;ILnet/minecraft/network/protocol/Packet;)V doesn't use it's CallbackInfo
[05May2026 00:44:17.678] [Server Pinger #0/DEBUG] [mixin/]: connectivity.mixins.json:PacketDecoderMixin from mod connectivity->@Inject::checkSize(Lio/netty/channel/ChannelHandlerContext;Lio/netty/buffer/ByteBuf;Ljava/util/List;Lorg/spongepowered/asm/mixin/injection/callback/CallbackInfo;ILnet/minecraft/network/protocol/Packet;)V has 0 override(s) in child classes
[05May2026 00:44:17.678] [Server Pinger #0/DEBUG] [mixin/]: connectivity.mixins.json:PacketDecoderMixin from mod connectivity->@Inject::checkSize(Lio/netty/channel/ChannelHandlerContext;Lio/netty/buffer/ByteBuf;Ljava/util/List;Lorg/spongepowered/asm/mixin/injection/callback/CallbackInfo;ILnet/minecraft/network/protocol/Packet;)V won't be passed a CallbackInfo as a result
[05May2026 00:44:17.678] [Server Pinger #0/DEBUG] [mixin/]: connectivity.mixins.json:PacketDecoderMixin from mod connectivity->@Inject::onDecode(Lio/netty/channel/ChannelHandlerContext;Lio/netty/buffer/ByteBuf;Ljava/util/List;Lorg/spongepowered/asm/mixin/injection/callback/CallbackInfo;ILnet/minecraft/network/protocol/Packet;)V doesn't use it's CallbackInfo
[05May2026 00:44:17.678] [Server Pinger #0/DEBUG] [mixin/]: connectivity.mixins.json:PacketDecoderMixin from mod connectivity->@Inject::onDecode(Lio/netty/channel/ChannelHandlerContext;Lio/netty/buffer/ByteBuf;Ljava/util/List;Lorg/spongepowered/asm/mixin/injection/callback/CallbackInfo;ILnet/minecraft/network/protocol/Packet;)V has 0 override(s) in child classes
[05May2026 00:44:17.678] [Server Pinger #0/DEBUG] [mixin/]: connectivity.mixins.json:PacketDecoderMixin from mod connectivity->@Inject::onDecode(Lio/netty/channel/ChannelHandlerContext;Lio/netty/buffer/ByteBuf;Ljava/util/List;Lorg/spongepowered/asm/mixin/injection/callback/CallbackInfo;ILnet/minecraft/network/protocol/Packet;)V won't be passed a CallbackInfo as a result
[05May2026 00:44:17.680] [Server Pinger #0/DEBUG] [mixin/]: Mixing PacketEncoderMixin from connectivity.mixins.json into net.minecraft.network.PacketEncoder
[05May2026 00:44:17.680] [Server Pinger #0/DEBUG] [mixin/]: Mixing networkstats.NettyPacketEncoderMixin from connectivity.mixins.json into net.minecraft.network.PacketEncoder
[05May2026 00:44:17.682] [Server Pinger #0/DEBUG] [mixin/]: connectivity.mixins.json:PacketEncoderMixin from mod connectivity->@Inject::onError(Lio/netty/channel/ChannelHandlerContext;Lnet/minecraft/network/protocol/Packet;Lio/netty/buffer/ByteBuf;Lorg/spongepowered/asm/mixin/injection/callback/CallbackInfo;)V doesn't use it's CallbackInfo
[05May2026 00:44:17.682] [Server Pinger #0/DEBUG] [mixin/]: connectivity.mixins.json:PacketEncoderMixin from mod connectivity->@Inject::onError(Lio/netty/channel/ChannelHandlerContext;Lnet/minecraft/network/protocol/Packet;Lio/netty/buffer/ByteBuf;Lorg/spongepowered/asm/mixin/injection/callback/CallbackInfo;)V has 0 override(s) in child classes
[05May2026 00:44:17.682] [Server Pinger #0/DEBUG] [mixin/]: connectivity.mixins.json:PacketEncoderMixin from mod connectivity->@Inject::onError(Lio/netty/channel/ChannelHandlerContext;Lnet/minecraft/network/protocol/Packet;Lio/netty/buffer/ByteBuf;Lorg/spongepowered/asm/mixin/injection/callback/CallbackInfo;)V won't be passed a CallbackInfo as a result
[05May2026 00:44:17.682] [Server Pinger #0/DEBUG] [mixin/]: connectivity.mixins.json:PacketEncoderMixin from mod connectivity->@Inject::checkSize(Lio/netty/channel/ChannelHandlerContext;Lnet/minecraft/network/protocol/Packet;Lio/netty/buffer/ByteBuf;Lorg/spongepowered/asm/mixin/injection/callback/CallbackInfo;)V doesn't use it's CallbackInfo
[05May2026 00:44:17.682] [Server Pinger #0/DEBUG] [mixin/]: connectivity.mixins.json:PacketEncoderMixin from mod connectivity->@Inject::checkSize(Lio/netty/channel/ChannelHandlerContext;Lnet/minecraft/network/protocol/Packet;Lio/netty/buffer/ByteBuf;Lorg/spongepowered/asm/mixin/injection/callback/CallbackInfo;)V has 0 override(s) in child classes
[05May2026 00:44:17.682] [Server Pinger #0/DEBUG] [mixin/]: connectivity.mixins.json:PacketEncoderMixin from mod connectivity->@Inject::checkSize(Lio/netty/channel/ChannelHandlerContext;Lnet/minecraft/network/protocol/Packet;Lio/netty/buffer/ByteBuf;Lorg/spongepowered/asm/mixin/injection/callback/CallbackInfo;)V won't be passed a CallbackInfo as a result
[05May2026 00:44:17.682] [Server Pinger #0/DEBUG] [mixin/]: connectivity.mixins.json:networkstats.NettyPacketEncoderMixin from mod connectivity->@Inject::onEncode(Lio/netty/channel/ChannelHandlerContext;Lnet/minecraft/network/protocol/Packet;Lio/netty/buffer/ByteBuf;Lorg/spongepowered/asm/mixin/injection/callback/CallbackInfo;)V doesn't use it's CallbackInfo
[05May2026 00:44:17.682] [Server Pinger #0/DEBUG] [mixin/]: connectivity.mixins.json:networkstats.NettyPacketEncoderMixin from mod connectivity->@Inject::onEncode(Lio/netty/channel/ChannelHandlerContext;Lnet/minecraft/network/protocol/Packet;Lio/netty/buffer/ByteBuf;Lorg/spongepowered/asm/mixin/injection/callback/CallbackInfo;)V has 0 override(s) in child classes
[05May2026 00:44:17.682] [Server Pinger #0/DEBUG] [mixin/]: connectivity.mixins.json:networkstats.NettyPacketEncoderMixin from mod connectivity->@Inject::onEncode(Lio/netty/channel/ChannelHandlerContext;Lnet/minecraft/network/protocol/Packet;Lio/netty/buffer/ByteBuf;Lorg/spongepowered/asm/mixin/injection/callback/CallbackInfo;)V won't be passed a CallbackInfo as a result
[05May2026 00:44:17.692] [Server Pinger #0/DEBUG] [io.netty.channel.MultithreadEventLoopGroup/]: -Dio.netty.eventLoopThreads: 40
[05May2026 00:44:17.695] [Server Pinger #0/DEBUG] [io.netty.util.concurrent.GlobalEventExecutor/]: -Dio.netty.globalEventExecutor.quietPeriodSeconds: 1
[05May2026 00:44:17.701] [Server Pinger #0/DEBUG] [io.netty.channel.nio.NioEventLoop/]: -Dio.netty.noKeySetOptimization: false
[05May2026 00:44:17.701] [Server Pinger #0/DEBUG] [io.netty.channel.nio.NioEventLoop/]: -Dio.netty.selectorAutoRebuildThreshold: 512
[05May2026 00:44:17.703] [Server Pinger #0/DEBUG] [io.netty.util.internal.PlatformDependent/]: org.jctools-core.MpscChunkedArrayQueue: available
[05May2026 00:44:17.725] [Server Pinger #0/DEBUG] [mixin/]: Mixing ConnectionTimeoutMixin from connectivity.mixins.json into net.minecraft.network.Connection$1
[05May2026 00:44:17.733] [Server Pinger #0/DEBUG] [io.netty.channel.DefaultChannelId/]: -Dio.netty.processId: 16708 (auto-detected)
[05May2026 00:44:17.733] [Server Pinger #0/DEBUG] [io.netty.util.NetUtil/]: -Djava.net.preferIPv4Stack: true
[05May2026 00:44:17.734] [Server Pinger #0/DEBUG] [io.netty.util.NetUtil/]: -Djava.net.preferIPv6Addresses: false
[05May2026 00:44:17.736] [Server Pinger #0/DEBUG] [io.netty.util.NetUtilInitializations/]: Loopback interface: loopback_2 (Software Loopback Interface 1, 0:0:0:0:0:0:0:1)
[05May2026 00:44:17.736] [Server Pinger #0/DEBUG] [io.netty.util.NetUtil/]: Failed to get SOMAXCONN from sysctl and file \proc\sys\net\core\somaxconn. Default: 200
[05May2026 00:44:17.736] [Server Pinger #0/DEBUG] [io.netty.channel.DefaultChannelId/]: -Dio.netty.machineId: 88:d8:2e:ff:fe:a5:e8:34 (auto-detected)
[05May2026 00:44:17.760] [Server Pinger #0/DEBUG] [mixin/]: Mixing client.MixinServerStatusPinger$1 from mixins/common/nochatreports.mixins.json into net.minecraft.client.multiplayer.ServerStatusPinger$1
[05May2026 00:44:17.761] [Server Pinger #0/DEBUG] [mixin/]: mixins/common/nochatreports.mixins.json:client.MixinServerStatusPinger$1 from mod nochatreports->@Inject::captureServerData(Lnet/minecraft/client/multiplayer/ServerStatusPinger;Lnet/minecraft/network/Connection;Lnet/minecraft/client/multiplayer/ServerData;Ljava/lang/Runnable;Ljava/lang/Runnable;Ljava/net/InetSocketAddress;Lnet/minecraft/client/multiplayer/resolver/ServerAddress;Lorg/spongepowered/asm/mixin/injection/callback/CallbackInfo;)V doesn't use it's CallbackInfo
[05May2026 00:44:17.761] [Server Pinger #0/DEBUG] [mixin/]: mixins/common/nochatreports.mixins.json:client.MixinServerStatusPinger$1 from mod nochatreports->@Inject::captureServerData(Lnet/minecraft/client/multiplayer/ServerStatusPinger;Lnet/minecraft/network/Connection;Lnet/minecraft/client/multiplayer/ServerData;Ljava/lang/Runnable;Ljava/lang/Runnable;Ljava/net/InetSocketAddress;Lnet/minecraft/client/multiplayer/resolver/ServerAddress;Lorg/spongepowered/asm/mixin/injection/callback/CallbackInfo;)V has 0 override(s) in child classes
[05May2026 00:44:17.761] [Server Pinger #0/DEBUG] [mixin/]: mixins/common/nochatreports.mixins.json:client.MixinServerStatusPinger$1 from mod nochatreports->@Inject::captureServerData(Lnet/minecraft/client/multiplayer/ServerStatusPinger;Lnet/minecraft/network/Connection;Lnet/minecraft/client/multiplayer/ServerData;Ljava/lang/Runnable;Ljava/lang/Runnable;Ljava/net/InetSocketAddress;Lnet/minecraft/client/multiplayer/resolver/ServerAddress;Lorg/spongepowered/asm/mixin/injection/callback/CallbackInfo;)V won't be passed a CallbackInfo as a result
[05May2026 00:44:17.761] [Server Pinger #0/DEBUG] [mixin/]: mixins/common/nochatreports.mixins.json:client.MixinServerStatusPinger$1 from mod nochatreports->@Inject::getNoChatReports(Lnet/minecraft/network/protocol/status/ClientboundStatusResponsePacket;Lorg/spongepowered/asm/mixin/injection/callback/CallbackInfo;)V doesn't use it's CallbackInfo
[05May2026 00:44:17.761] [Server Pinger #0/DEBUG] [mixin/]: mixins/common/nochatreports.mixins.json:client.MixinServerStatusPinger$1 from mod nochatreports->@Inject::getNoChatReports(Lnet/minecraft/network/protocol/status/ClientboundStatusResponsePacket;Lorg/spongepowered/asm/mixin/injection/callback/CallbackInfo;)V has 0 override(s) in child classes
[05May2026 00:44:17.761] [Server Pinger #0/DEBUG] [mixin/]: mixins/common/nochatreports.mixins.json:client.MixinServerStatusPinger$1 from mod nochatreports->@Inject::getNoChatReports(Lnet/minecraft/network/protocol/status/ClientboundStatusResponsePacket;Lorg/spongepowered/asm/mixin/injection/callback/CallbackInfo;)V won't be passed a CallbackInfo as a result
[05May2026 00:44:17.765] [Server Pinger #0/DEBUG] [io.netty.util.Recycler/]: -Dio.netty.recycler.maxCapacityPerThread: 4096
[05May2026 00:44:17.765] [Server Pinger #0/DEBUG] [io.netty.util.Recycler/]: -Dio.netty.recycler.ratio: 8
[05May2026 00:44:17.765] [Server Pinger #0/DEBUG] [io.netty.util.Recycler/]: -Dio.netty.recycler.chunkSize: 32
[05May2026 00:44:17.765] [Server Pinger #0/DEBUG] [io.netty.util.Recycler/]: -Dio.netty.recycler.blocking: false
[05May2026 00:44:17.765] [Server Pinger #0/DEBUG] [io.netty.util.Recycler/]: -Dio.netty.recycler.batchFastThreadLocalOnly: true
[05May2026 00:44:17.836] [Netty Client IO #0/DEBUG] [mixin/]: Mixing common.MixinServerStatus from mixins/common/nochatreports.mixins.json into net.minecraft.network.protocol.status.ServerStatus
[05May2026 00:44:17.847] [Netty Client IO #0/DEBUG] [mixin/]: Mixing client.MixinClientHandshakePacketListenerImpl from mixins/neoforge/nochatreports-neoforge.mixins.json into net.minecraft.client.multiplayer.ClientHandshakePacketListenerImpl
[05May2026 00:44:17.847] [Netty Client IO #0/DEBUG] [mixin/]: mixins/neoforge/nochatreports-neoforge.mixins.json:client.MixinClientHandshakePacketListenerImpl from mod nochatreports->@Inject::invokeLoginDisconnectEvent(Lnet/minecraft/network/DisconnectionDetails;Lorg/spongepowered/asm/mixin/injection/callback/CallbackInfo;)V doesn't use it's CallbackInfo
[05May2026 00:44:17.847] [Netty Client IO #0/DEBUG] [mixin/]: mixins/neoforge/nochatreports-neoforge.mixins.json:client.MixinClientHandshakePacketListenerImpl from mod nochatreports->@Inject::invokeLoginDisconnectEvent(Lnet/minecraft/network/DisconnectionDetails;Lorg/spongepowered/asm/mixin/injection/callback/CallbackInfo;)V has 0 override(s) in child classes
[05May2026 00:44:17.847] [Netty Client IO #0/DEBUG] [mixin/]: mixins/neoforge/nochatreports-neoforge.mixins.json:client.MixinClientHandshakePacketListenerImpl from mod nochatreports->@Inject::invokeLoginDisconnectEvent(Lnet/minecraft/network/DisconnectionDetails;Lorg/spongepowered/asm/mixin/injection/callback/CallbackInfo;)V won't be passed a CallbackInfo as a result
[05May2026 00:44:18.289] [LanServerDetector #1/DEBUG] [net.neoforged.neoforge.network.DualStackUtils/]: Detected IPv6 address: "2600:1700:692e:8030:f8d3:b53:1d3b:e766"
[05May2026 00:44:19.789] [LanServerDetector #1/DEBUG] [net.neoforged.neoforge.network.DualStackUtils/]: Detected IPv6 address: "2600:1700:692e:8030:f8d3:b53:1d3b:e766"
[05May2026 00:44:21.291] [LanServerDetector #1/DEBUG] [net.neoforged.neoforge.network.DualStackUtils/]: Detected IPv6 address: "2600:1700:692e:8030:f8d3:b53:1d3b:e766"
[05May2026 00:44:22.790] [LanServerDetector #1/DEBUG] [net.neoforged.neoforge.network.DualStackUtils/]: Detected IPv6 address: "2600:1700:692e:8030:f8d3:b53:1d3b:e766"
[05May2026 00:44:24.293] [LanServerDetector #1/DEBUG] [net.neoforged.neoforge.network.DualStackUtils/]: Detected IPv6 address: "2600:1700:692e:8030:f8d3:b53:1d3b:e766"
[05May2026 00:44:25.793] [LanServerDetector #1/DEBUG] [net.neoforged.neoforge.network.DualStackUtils/]: Detected IPv6 address: "2600:1700:692e:8030:f8d3:b53:1d3b:e766"
[05May2026 00:44:27.292] [LanServerDetector #1/DEBUG] [net.neoforged.neoforge.network.DualStackUtils/]: Detected IPv6 address: "2600:1700:692e:8030:f8d3:b53:1d3b:e766"
[05May2026 00:44:28.793] [LanServerDetector #1/DEBUG] [net.neoforged.neoforge.network.DualStackUtils/]: Detected IPv6 address: "2600:1700:692e:8030:f8d3:b53:1d3b:e766"
[05May2026 00:44:30.294] [LanServerDetector #1/DEBUG] [net.neoforged.neoforge.network.DualStackUtils/]: Detected IPv6 address: "2600:1700:692e:8030:f8d3:b53:1d3b:e766"
[05May2026 00:44:31.795] [LanServerDetector #1/DEBUG] [net.neoforged.neoforge.network.DualStackUtils/]: Detected IPv6 address: "2600:1700:692e:8030:f8d3:b53:1d3b:e766"
[05May2026 00:44:33.122] [ftbbackups2_QuartzSchedulerThread/DEBUG] [net.creeperhost.ftbbackups.repack.org.quartz.core.QuartzSchedulerThread/]: batch acquisition of 0 triggers
[05May2026 00:44:33.296] [LanServerDetector #1/DEBUG] [net.neoforged.neoforge.network.DualStackUtils/]: Detected IPv6 address: "2600:1700:692e:8030:f8d3:b53:1d3b:e766"
[05May2026 00:44:34.797] [LanServerDetector #1/DEBUG] [net.neoforged.neoforge.network.DualStackUtils/]: Detected IPv6 address: "2600:1700:692e:8030:f8d3:b53:1d3b:e766"
[05May2026 00:44:36.297] [LanServerDetector #1/DEBUG] [net.neoforged.neoforge.network.DualStackUtils/]: Detected IPv6 address: "2600:1700:692e:8030:f8d3:b53:1d3b:e766"
[05May2026 00:44:37.796] [LanServerDetector #1/DEBUG] [net.neoforged.neoforge.network.DualStackUtils/]: Detected IPv6 address: "2600:1700:692e:8030:f8d3:b53:1d3b:e766"
[05May2026 00:44:39.299] [LanServerDetector #1/DEBUG] [net.neoforged.neoforge.network.DualStackUtils/]: Detected IPv6 address: "2600:1700:692e:8030:f8d3:b53:1d3b:e766"
[05May2026 00:44:40.800] [LanServerDetector #1/DEBUG] [net.neoforged.neoforge.network.DualStackUtils/]: Detected IPv6 address: "2600:1700:692e:8030:f8d3:b53:1d3b:e766"
[05May2026 00:44:42.299] [LanServerDetector #1/DEBUG] [net.neoforged.neoforge.network.DualStackUtils/]: Detected IPv6 address: "2600:1700:692e:8030:f8d3:b53:1d3b:e766"
[05May2026 00:44:44.158] [LanServerDetector #1/DEBUG] [net.neoforged.neoforge.network.DualStackUtils/]: Detected IPv6 address: "2600:1700:692e:8030:f8d3:b53:1d3b:e766"
[05May2026 00:44:45.301] [LanServerDetector #1/DEBUG] [net.neoforged.neoforge.network.DualStackUtils/]: Detected IPv6 address: "2600:1700:692e:8030:f8d3:b53:1d3b:e766"
[05May2026 00:44:46.801] [LanServerDetector #1/DEBUG] [net.neoforged.neoforge.network.DualStackUtils/]: Detected IPv6 address: "2600:1700:692e:8030:f8d3:b53:1d3b:e766"
[05May2026 00:44:48.309] [LanServerDetector #1/DEBUG] [net.neoforged.neoforge.network.DualStackUtils/]: Detected IPv6 address: "2600:1700:692e:8030:f8d3:b53:1d3b:e766"
[05May2026 00:44:49.802] [LanServerDetector #1/DEBUG] [net.neoforged.neoforge.network.DualStackUtils/]: Detected IPv6 address: "2600:1700:692e:8030:f8d3:b53:1d3b:e766"
[05May2026 00:44:51.300] [LanServerDetector #1/DEBUG] [net.neoforged.neoforge.network.DualStackUtils/]: Detected IPv6 address: "2600:1700:692e:8030:f8d3:b53:1d3b:e766"
[05May2026 00:44:52.801] [LanServerDetector #1/DEBUG] [net.neoforged.neoforge.network.DualStackUtils/]: Detected IPv6 address: "2600:1700:692e:8030:f8d3:b53:1d3b:e766"
[05May2026 00:44:54.303] [LanServerDetector #1/DEBUG] [net.neoforged.neoforge.network.DualStackUtils/]: Detected IPv6 address: "2600:1700:692e:8030:f8d3:b53:1d3b:e766"
[05May2026 00:44:55.804] [LanServerDetector #1/DEBUG] [net.neoforged.neoforge.network.DualStackUtils/]: Detected IPv6 address: "2600:1700:692e:8030:f8d3:b53:1d3b:e766"
[05May2026 00:44:57.303] [LanServerDetector #1/DEBUG] [net.neoforged.neoforge.network.DualStackUtils/]: Detected IPv6 address: "2600:1700:692e:8030:f8d3:b53:1d3b:e766"
[05May2026 00:44:58.805] [LanServerDetector #1/DEBUG] [net.neoforged.neoforge.network.DualStackUtils/]: Detected IPv6 address: "2600:1700:692e:8030:f8d3:b53:1d3b:e766"
[05May2026 00:45:00.305] [LanServerDetector #1/DEBUG] [net.neoforged.neoforge.network.DualStackUtils/]: Detected IPv6 address: "2600:1700:692e:8030:f8d3:b53:1d3b:e766"
[05May2026 00:45:01.776] [ftbbackups2_QuartzSchedulerThread/DEBUG] [net.creeperhost.ftbbackups.repack.org.quartz.core.QuartzSchedulerThread/]: batch acquisition of 0 triggers
[05May2026 00:45:01.812] [LanServerDetector #1/DEBUG] [net.neoforged.neoforge.network.DualStackUtils/]: Detected IPv6 address: "2600:1700:692e:8030:f8d3:b53:1d3b:e766"
[05May2026 00:45:03.306] [LanServerDetector #1/DEBUG] [net.neoforged.neoforge.network.DualStackUtils/]: Detected IPv6 address: "2600:1700:692e:8030:f8d3:b53:1d3b:e766"
[05May2026 00:45:04.806] [LanServerDetector #1/DEBUG] [net.neoforged.neoforge.network.DualStackUtils/]: Detected IPv6 address: "2600:1700:692e:8030:f8d3:b53:1d3b:e766"
[05May2026 00:45:06.309] [LanServerDetector #1/DEBUG] [net.neoforged.neoforge.network.DualStackUtils/]: Detected IPv6 address: "2600:1700:692e:8030:f8d3:b53:1d3b:e766"
[05May2026 00:45:07.813] [LanServerDetector #1/DEBUG] [net.neoforged.neoforge.network.DualStackUtils/]: Detected IPv6 address: "2600:1700:692e:8030:f8d3:b53:1d3b:e766"
[05May2026 00:45:09.310] [LanServerDetector #1/DEBUG] [net.neoforged.neoforge.network.DualStackUtils/]: Detected IPv6 address: "2600:1700:692e:8030:f8d3:b53:1d3b:e766"
[05May2026 00:45:10.811] [LanServerDetector #1/DEBUG] [net.neoforged.neoforge.network.DualStackUtils/]: Detected IPv6 address: "2600:1700:692e:8030:f8d3:b53:1d3b:e766"
[05May2026 00:45:12.127] [Worker-ResourceReload-11/DEBUG] [ModernFix/]: Worker-ResourceReload-11 shutdown
[05May2026 00:45:12.313] [LanServerDetector #1/DEBUG] [net.neoforged.neoforge.network.DualStackUtils/]: Detected IPv6 address: "2600:1700:692e:8030:f8d3:b53:1d3b:e766"
[05May2026 00:45:13.812] [LanServerDetector #1/DEBUG] [net.neoforged.neoforge.network.DualStackUtils/]: Detected IPv6 address: "2600:1700:692e:8030:f8d3:b53:1d3b:e766"
[05May2026 00:45:15.311] [LanServerDetector #1/DEBUG] [net.neoforged.neoforge.network.DualStackUtils/]: Detected IPv6 address: "2600:1700:692e:8030:f8d3:b53:1d3b:e766"
[05May2026 00:45:16.812] [LanServerDetector #1/DEBUG] [net.neoforged.neoforge.network.DualStackUtils/]: Detected IPv6 address: "2600:1700:692e:8030:f8d3:b53:1d3b:e766"
[05May2026 00:45:18.456] [LanServerDetector #1/DEBUG] [net.neoforged.neoforge.network.DualStackUtils/]: Detected IPv6 address: "2600:1700:692e:8030:f8d3:b53:1d3b:e766"
[05May2026 00:45:19.825] [LanServerDetector #1/DEBUG] [net.neoforged.neoforge.network.DualStackUtils/]: Detected IPv6 address: "2600:1700:692e:8030:f8d3:b53:1d3b:e766"
[05May2026 00:45:21.315] [LanServerDetector #1/DEBUG] [net.neoforged.neoforge.network.DualStackUtils/]: Detected IPv6 address: "2600:1700:692e:8030:f8d3:b53:1d3b:e766"
[05May2026 00:45:21.315] [LanServerDetector #2/DEBUG] [net.neoforged.neoforge.network.DualStackUtils/]: Detected IPv6 address: "2600:1700:692e:8030:f8d3:b53:1d3b:e766"
[05May2026 00:45:22.814] [LanServerDetector #2/DEBUG] [net.neoforged.neoforge.network.DualStackUtils/]: Detected IPv6 address: "2600:1700:692e:8030:f8d3:b53:1d3b:e766"
[05May2026 00:45:24.316] [LanServerDetector #2/DEBUG] [net.neoforged.neoforge.network.DualStackUtils/]: Detected IPv6 address: "2600:1700:692e:8030:f8d3:b53:1d3b:e766"
[05May2026 00:45:25.815] [LanServerDetector #2/DEBUG] [net.neoforged.neoforge.network.DualStackUtils/]: Detected IPv6 address: "2600:1700:692e:8030:f8d3:b53:1d3b:e766"
[05May2026 00:45:26.270] [ftbbackups2_QuartzSchedulerThread/DEBUG] [net.creeperhost.ftbbackups.repack.org.quartz.core.QuartzSchedulerThread/]: batch acquisition of 0 triggers
[05May2026 00:45:27.316] [LanServerDetector #2/DEBUG] [net.neoforged.neoforge.network.DualStackUtils/]: Detected IPv6 address: "2600:1700:692e:8030:f8d3:b53:1d3b:e766"
[05May2026 00:45:28.820] [LanServerDetector #2/DEBUG] [net.neoforged.neoforge.network.DualStackUtils/]: Detected IPv6 address: "2600:1700:692e:8030:f8d3:b53:1d3b:e766"
[05May2026 00:45:30.320] [LanServerDetector #2/DEBUG] [net.neoforged.neoforge.network.DualStackUtils/]: Detected IPv6 address: "2600:1700:692e:8030:f8d3:b53:1d3b:e766"
[05May2026 00:45:31.817] [LanServerDetector #2/DEBUG] [net.neoforged.neoforge.network.DualStackUtils/]: Detected IPv6 address: "2600:1700:692e:8030:f8d3:b53:1d3b:e766"
[05May2026 00:45:33.326] [LanServerDetector #2/DEBUG] [net.neoforged.neoforge.network.DualStackUtils/]: Detected IPv6 address: "2600:1700:692e:8030:f8d3:b53:1d3b:e766"
[05May2026 00:45:34.820] [LanServerDetector #2/DEBUG] [net.neoforged.neoforge.network.DualStackUtils/]: Detected IPv6 address: "2600:1700:692e:8030:f8d3:b53:1d3b:e766"
[05May2026 00:45:36.320] [LanServerDetector #2/DEBUG] [net.neoforged.neoforge.network.DualStackUtils/]: Detected IPv6 address: "2600:1700:692e:8030:f8d3:b53:1d3b:e766"
[05May2026 00:45:37.821] [LanServerDetector #2/DEBUG] [net.neoforged.neoforge.network.DualStackUtils/]: Detected IPv6 address: "2600:1700:692e:8030:f8d3:b53:1d3b:e766"
[05May2026 00:45:39.319] [LanServerDetector #2/DEBUG] [net.neoforged.neoforge.network.DualStackUtils/]: Detected IPv6 address: "2600:1700:692e:8030:f8d3:b53:1d3b:e766"
[05May2026 00:45:40.824] [LanServerDetector #2/DEBUG] [net.neoforged.neoforge.network.DualStackUtils/]: Detected IPv6 address: "2600:1700:692e:8030:f8d3:b53:1d3b:e766"
[05May2026 00:45:42.321] [LanServerDetector #2/DEBUG] [net.neoforged.neoforge.network.DualStackUtils/]: Detected IPv6 address: "2600:1700:692e:8030:f8d3:b53:1d3b:e766"
[05May2026 00:45:43.822] [LanServerDetector #2/DEBUG] [net.neoforged.neoforge.network.DualStackUtils/]: Detected IPv6 address: "2600:1700:692e:8030:f8d3:b53:1d3b:e766"
[05May2026 00:45:45.323] [LanServerDetector #2/DEBUG] [net.neoforged.neoforge.network.DualStackUtils/]: Detected IPv6 address: "2600:1700:692e:8030:f8d3:b53:1d3b:e766"
[05May2026 00:45:46.824] [LanServerDetector #2/DEBUG] [net.neoforged.neoforge.network.DualStackUtils/]: Detected IPv6 address: "2600:1700:692e:8030:f8d3:b53:1d3b:e766"
[05May2026 00:45:48.323] [LanServerDetector #2/DEBUG] [net.neoforged.neoforge.network.DualStackUtils/]: Detected IPv6 address: "2600:1700:692e:8030:f8d3:b53:1d3b:e766"
[05May2026 00:45:49.825] [LanServerDetector #2/DEBUG] [net.neoforged.neoforge.network.DualStackUtils/]: Detected IPv6 address: "2600:1700:692e:8030:f8d3:b53:1d3b:e766"
[05May2026 00:45:51.332] [LanServerDetector #2/DEBUG] [net.neoforged.neoforge.network.DualStackUtils/]: Detected IPv6 address: "2600:1700:692e:8030:f8d3:b53:1d3b:e766"
[05May2026 00:45:52.187] [ftbbackups2_QuartzSchedulerThread/DEBUG] [net.creeperhost.ftbbackups.repack.org.quartz.core.QuartzSchedulerThread/]: batch acquisition of 0 triggers
[05May2026 00:45:52.825] [LanServerDetector #2/DEBUG] [net.neoforged.neoforge.network.DualStackUtils/]: Detected IPv6 address: "2600:1700:692e:8030:f8d3:b53:1d3b:e766"
[05May2026 00:45:54.326] [LanServerDetector #2/DEBUG] [net.neoforged.neoforge.network.DualStackUtils/]: Detected IPv6 address: "2600:1700:692e:8030:f8d3:b53:1d3b:e766"
[05May2026 00:45:55.827] [LanServerDetector #2/DEBUG] [net.neoforged.neoforge.network.DualStackUtils/]: Detected IPv6 address: "2600:1700:692e:8030:f8d3:b53:1d3b:e766"
[05May2026 00:45:57.327] [LanServerDetector #2/DEBUG] [net.neoforged.neoforge.network.DualStackUtils/]: Detected IPv6 address: "2600:1700:692e:8030:f8d3:b53:1d3b:e766"
[05May2026 00:45:58.828] [LanServerDetector #2/DEBUG] [net.neoforged.neoforge.network.DualStackUtils/]: Detected IPv6 address: "2600:1700:692e:8030:f8d3:b53:1d3b:e766"
[05May2026 00:46:00.328] [LanServerDetector #2/DEBUG] [net.neoforged.neoforge.network.DualStackUtils/]: Detected IPv6 address: "2600:1700:692e:8030:f8d3:b53:1d3b:e766"
[05May2026 00:46:01.830] [LanServerDetector #2/DEBUG] [net.neoforged.neoforge.network.DualStackUtils/]: Detected IPv6 address: "2600:1700:692e:8030:f8d3:b53:1d3b:e766"
[05May2026 00:46:03.330] [LanServerDetector #2/DEBUG] [net.neoforged.neoforge.network.DualStackUtils/]: Detected IPv6 address: "2600:1700:692e:8030:f8d3:b53:1d3b:e766"
[05May2026 00:46:04.830] [LanServerDetector #2/DEBUG] [net.neoforged.neoforge.network.DualStackUtils/]: Detected IPv6 address: "2600:1700:692e:8030:f8d3:b53:1d3b:e766"
[05May2026 00:46:06.331] [LanServerDetector #2/DEBUG] [net.neoforged.neoforge.network.DualStackUtils/]: Detected IPv6 address: "2600:1700:692e:8030:f8d3:b53:1d3b:e766"
[05May2026 00:46:07.832] [LanServerDetector #2/DEBUG] [net.neoforged.neoforge.network.DualStackUtils/]: Detected IPv6 address: "2600:1700:692e:8030:f8d3:b53:1d3b:e766"
[05May2026 00:46:09.333] [LanServerDetector #2/DEBUG] [net.neoforged.neoforge.network.DualStackUtils/]: Detected IPv6 address: "2600:1700:692e:8030:f8d3:b53:1d3b:e766"
[05May2026 00:46:10.833] [LanServerDetector #2/DEBUG] [net.neoforged.neoforge.network.DualStackUtils/]: Detected IPv6 address: "2600:1700:692e:8030:f8d3:b53:1d3b:e766"
[05May2026 00:46:12.127] [Worker-ResourceReload-16/DEBUG] [ModernFix/]: Worker-ResourceReload-16 shutdown
[05May2026 00:46:12.333] [LanServerDetector #2/DEBUG] [net.neoforged.neoforge.network.DualStackUtils/]: Detected IPv6 address: "2600:1700:692e:8030:f8d3:b53:1d3b:e766"
[05May2026 00:46:13.832] [LanServerDetector #2/DEBUG] [net.neoforged.neoforge.network.DualStackUtils/]: Detected IPv6 address: "2600:1700:692e:8030:f8d3:b53:1d3b:e766"
[05May2026 00:46:15.335] [LanServerDetector #2/DEBUG] [net.neoforged.neoforge.network.DualStackUtils/]: Detected IPv6 address: "2600:1700:692e:8030:f8d3:b53:1d3b:e766"
[05May2026 00:46:16.835] [LanServerDetector #2/DEBUG] [net.neoforged.neoforge.network.DualStackUtils/]: Detected IPv6 address: "2600:1700:692e:8030:f8d3:b53:1d3b:e766"
[05May2026 00:46:17.393] [ftbbackups2_QuartzSchedulerThread/DEBUG] [net.creeperhost.ftbbackups.repack.org.quartz.core.QuartzSchedulerThread/]: batch acquisition of 0 triggers
[05May2026 00:46:18.336] [LanServerDetector #2/DEBUG] [net.neoforged.neoforge.network.DualStackUtils/]: Detected IPv6 address: "2600:1700:692e:8030:f8d3:b53:1d3b:e766"
[05May2026 00:46:19.839] [LanServerDetector #2/DEBUG] [net.neoforged.neoforge.network.DualStackUtils/]: Detected IPv6 address: "2600:1700:692e:8030:f8d3:b53:1d3b:e766"
[05May2026 00:46:45.700] [ftbbackups2_QuartzSchedulerThread/DEBUG] [net.creeperhost.ftbbackups.repack.org.quartz.core.QuartzSchedulerThread/]: batch acquisition of 0 triggers
[05May2026 00:47:08.349] [LanServerDetector #2/DEBUG] [net.neoforged.neoforge.network.DualStackUtils/]: Detected IPv6 address: "2600:1700:692e:8030:f8d3:b53:1d3b:e766"
[05May2026 00:47:09.850] [LanServerDetector #2/DEBUG] [net.neoforged.neoforge.network.DualStackUtils/]: Detected IPv6 address: "2600:1700:692e:8030:f8d3:b53:1d3b:e766"
[05May2026 00:47:10.842] [ftbbackups2_QuartzSchedulerThread/DEBUG] [net.creeperhost.ftbbackups.repack.org.quartz.core.QuartzSchedulerThread/]: batch acquisition of 0 triggers
[05May2026 00:47:11.348] [LanServerDetector #2/DEBUG] [net.neoforged.neoforge.network.DualStackUtils/]: Detected IPv6 address: "2600:1700:692e:8030:f8d3:b53:1d3b:e766"
[05May2026 00:47:11.348] [LanServerDetector #3/DEBUG] [net.neoforged.neoforge.network.DualStackUtils/]: Detected IPv6 address: "2600:1700:692e:8030:f8d3:b53:1d3b:e766"
[05May2026 00:47:12.128] [Worker-ResourceReload-3/DEBUG] [ModernFix/]: Worker-ResourceReload-3 shutdown
[05May2026 00:47:12.852] [LanServerDetector #3/DEBUG] [net.neoforged.neoforge.network.DualStackUtils/]: Detected IPv6 address: "2600:1700:692e:8030:f8d3:b53:1d3b:e766"
[05May2026 00:47:14.353] [LanServerDetector #3/DEBUG] [net.neoforged.neoforge.network.DualStackUtils/]: Detected IPv6 address: "2600:1700:692e:8030:f8d3:b53:1d3b:e766"
[05May2026 00:47:15.853] [LanServerDetector #3/DEBUG] [net.neoforged.neoforge.network.DualStackUtils/]: Detected IPv6 address: "2600:1700:692e:8030:f8d3:b53:1d3b:e766"
[05May2026 00:47:17.353] [LanServerDetector #3/DEBUG] [net.neoforged.neoforge.network.DualStackUtils/]: Detected IPv6 address: "2600:1700:692e:8030:f8d3:b53:1d3b:e766"
[05May2026 00:47:18.853] [LanServerDetector #3/DEBUG] [net.neoforged.neoforge.network.DualStackUtils/]: Detected IPv6 address: "2600:1700:692e:8030:f8d3:b53:1d3b:e766"
[05May2026 00:47:20.355] [LanServerDetector #3/DEBUG] [net.neoforged.neoforge.network.DualStackUtils/]: Detected IPv6 address: "2600:1700:692e:8030:f8d3:b53:1d3b:e766"
[05May2026 00:47:21.862] [LanServerDetector #3/DEBUG] [net.neoforged.neoforge.network.DualStackUtils/]: Detected IPv6 address: "2600:1700:692e:8030:f8d3:b53:1d3b:e766"
[05May2026 00:47:23.356] [LanServerDetector #3/DEBUG] [net.neoforged.neoforge.network.DualStackUtils/]: Detected IPv6 address: "2600:1700:692e:8030:f8d3:b53:1d3b:e766"
[05May2026 00:47:24.857] [LanServerDetector #3/DEBUG] [net.neoforged.neoforge.network.DualStackUtils/]: Detected IPv6 address: "2600:1700:692e:8030:f8d3:b53:1d3b:e766"
[05May2026 00:47:26.360] [LanServerDetector #3/DEBUG] [net.neoforged.neoforge.network.DualStackUtils/]: Detected IPv6 address: "2600:1700:692e:8030:f8d3:b53:1d3b:e766"
[05May2026 00:47:27.857] [LanServerDetector #3/DEBUG] [net.neoforged.neoforge.network.DualStackUtils/]: Detected IPv6 address: "2600:1700:692e:8030:f8d3:b53:1d3b:e766"
[05May2026 00:47:29.356] [LanServerDetector #3/DEBUG] [net.neoforged.neoforge.network.DualStackUtils/]: Detected IPv6 address: "2600:1700:692e:8030:f8d3:b53:1d3b:e766"
[05May2026 00:47:30.860] [LanServerDetector #3/DEBUG] [net.neoforged.neoforge.network.DualStackUtils/]: Detected IPv6 address: "2600:1700:692e:8030:f8d3:b53:1d3b:e766"
[05May2026 00:47:32.360] [LanServerDetector #3/DEBUG] [net.neoforged.neoforge.network.DualStackUtils/]: Detected IPv6 address: "2600:1700:692e:8030:f8d3:b53:1d3b:e766"
[05May2026 00:47:33.861] [LanServerDetector #3/DEBUG] [net.neoforged.neoforge.network.DualStackUtils/]: Detected IPv6 address: "2600:1700:692e:8030:f8d3:b53:1d3b:e766"
[05May2026 00:47:35.360] [LanServerDetector #3/DEBUG] [net.neoforged.neoforge.network.DualStackUtils/]: Detected IPv6 address: "2600:1700:692e:8030:f8d3:b53:1d3b:e766"
[05May2026 00:47:36.865] [LanServerDetector #3/DEBUG] [net.neoforged.neoforge.network.DualStackUtils/]: Detected IPv6 address: "2600:1700:692e:8030:f8d3:b53:1d3b:e766"
[05May2026 00:47:38.362] [LanServerDetector #3/DEBUG] [net.neoforged.neoforge.network.DualStackUtils/]: Detected IPv6 address: "2600:1700:692e:8030:f8d3:b53:1d3b:e766"
[05May2026 00:47:39.862] [LanServerDetector #3/DEBUG] [net.neoforged.neoforge.network.DualStackUtils/]: Detected IPv6 address: "2600:1700:692e:8030:f8d3:b53:1d3b:e766"
[05May2026 00:47:40.593] [ftbbackups2_QuartzSchedulerThread/DEBUG] [net.creeperhost.ftbbackups.repack.org.quartz.core.QuartzSchedulerThread/]: batch acquisition of 0 triggers
[05May2026 00:47:41.362] [LanServerDetector #3/DEBUG] [net.neoforged.neoforge.network.DualStackUtils/]: Detected IPv6 address: "2600:1700:692e:8030:f8d3:b53:1d3b:e766"
[05May2026 00:47:42.865] [LanServerDetector #3/DEBUG] [net.neoforged.neoforge.network.DualStackUtils/]: Detected IPv6 address: "2600:1700:692e:8030:f8d3:b53:1d3b:e766"
[05May2026 00:47:44.366] [LanServerDetector #3/DEBUG] [net.neoforged.neoforge.network.DualStackUtils/]: Detected IPv6 address: "2600:1700:692e:8030:f8d3:b53:1d3b:e766"
[05May2026 00:47:45.866] [LanServerDetector #3/DEBUG] [net.neoforged.neoforge.network.DualStackUtils/]: Detected IPv6 address: "2600:1700:692e:8030:f8d3:b53:1d3b:e766"
[05May2026 00:47:47.365] [LanServerDetector #3/DEBUG] [net.neoforged.neoforge.network.DualStackUtils/]: Detected IPv6 address: "2600:1700:692e:8030:f8d3:b53:1d3b:e766"
[05May2026 00:47:48.867] [LanServerDetector #3/DEBUG] [net.neoforged.neoforge.network.DualStackUtils/]: Detected IPv6 address: "2600:1700:692e:8030:f8d3:b53:1d3b:e766"
[05May2026 00:47:50.370] [LanServerDetector #3/DEBUG] [net.neoforged.neoforge.network.DualStackUtils/]: Detected IPv6 address: "2600:1700:692e:8030:f8d3:b53:1d3b:e766"
[05May2026 00:47:51.868] [LanServerDetector #3/DEBUG] [net.neoforged.neoforge.network.DualStackUtils/]: Detected IPv6 address: "2600:1700:692e:8030:f8d3:b53:1d3b:e766"
[05May2026 00:47:53.368] [LanServerDetector #3/DEBUG] [net.neoforged.neoforge.network.DualStackUtils/]: Detected IPv6 address: "2600:1700:692e:8030:f8d3:b53:1d3b:e766"
[05May2026 00:47:54.869] [LanServerDetector #3/DEBUG] [net.neoforged.neoforge.network.DualStackUtils/]: Detected IPv6 address: "2600:1700:692e:8030:f8d3:b53:1d3b:e766"
[05May2026 00:47:56.370] [LanServerDetector #3/DEBUG] [net.neoforged.neoforge.network.DualStackUtils/]: Detected IPv6 address: "2600:1700:692e:8030:f8d3:b53:1d3b:e766"
[05May2026 00:47:57.870] [LanServerDetector #3/DEBUG] [net.neoforged.neoforge.network.DualStackUtils/]: Detected IPv6 address: "2600:1700:692e:8030:f8d3:b53:1d3b:e766"
[05May2026 00:47:59.371] [LanServerDetector #3/DEBUG] [net.neoforged.neoforge.network.DualStackUtils/]: Detected IPv6 address: "2600:1700:692e:8030:f8d3:b53:1d3b:e766"
[05May2026 00:48:00.874] [LanServerDetector #3/DEBUG] [net.neoforged.neoforge.network.DualStackUtils/]: Detected IPv6 address: "2600:1700:692e:8030:f8d3:b53:1d3b:e766"
[05May2026 00:48:02.374] [LanServerDetector #3/DEBUG] [net.neoforged.neoforge.network.DualStackUtils/]: Detected IPv6 address: "2600:1700:692e:8030:f8d3:b53:1d3b:e766"
[05May2026 00:48:03.881] [LanServerDetector #3/DEBUG] [net.neoforged.neoforge.network.DualStackUtils/]: Detected IPv6 address: "2600:1700:692e:8030:f8d3:b53:1d3b:e766"
[05May2026 00:48:05.375] [LanServerDetector #3/DEBUG] [net.neoforged.neoforge.network.DualStackUtils/]: Detected IPv6 address: "2600:1700:692e:8030:f8d3:b53:1d3b:e766"
[05May2026 00:48:06.879] [LanServerDetector #3/DEBUG] [net.neoforged.neoforge.network.DualStackUtils/]: Detected IPv6 address: "2600:1700:692e:8030:f8d3:b53:1d3b:e766"
[05May2026 00:48:08.119] [ftbbackups2_QuartzSchedulerThread/DEBUG] [net.creeperhost.ftbbackups.repack.org.quartz.core.QuartzSchedulerThread/]: batch acquisition of 0 triggers
[05May2026 00:48:08.375] [LanServerDetector #3/DEBUG] [net.neoforged.neoforge.network.DualStackUtils/]: Detected IPv6 address: "2600:1700:692e:8030:f8d3:b53:1d3b:e766"
[05May2026 00:48:09.875] [LanServerDetector #3/DEBUG] [net.neoforged.neoforge.network.DualStackUtils/]: Detected IPv6 address: "2600:1700:692e:8030:f8d3:b53:1d3b:e766"
[05May2026 00:48:11.375] [LanServerDetector #3/DEBUG] [net.neoforged.neoforge.network.DualStackUtils/]: Detected IPv6 address: "2600:1700:692e:8030:f8d3:b53:1d3b:e766"
[05May2026 00:48:12.129] [Worker-ResourceReload-14/DEBUG] [ModernFix/]: Worker-ResourceReload-14 shutdown
[05May2026 00:48:12.875] [LanServerDetector #3/DEBUG] [net.neoforged.neoforge.network.DualStackUtils/]: Detected IPv6 address: "2600:1700:692e:8030:f8d3:b53:1d3b:e766"
[05May2026 00:48:14.377] [LanServerDetector #3/DEBUG] [net.neoforged.neoforge.network.DualStackUtils/]: Detected IPv6 address: "2600:1700:692e:8030:f8d3:b53:1d3b:e766"
[05May2026 00:48:15.875] [LanServerDetector #3/DEBUG] [net.neoforged.neoforge.network.DualStackUtils/]: Detected IPv6 address: "2600:1700:692e:8030:f8d3:b53:1d3b:e766"
[05May2026 00:48:17.379] [LanServerDetector #3/DEBUG] [net.neoforged.neoforge.network.DualStackUtils/]: Detected IPv6 address: "2600:1700:692e:8030:f8d3:b53:1d3b:e766"
[05May2026 00:48:37.673] [ftbbackups2_QuartzSchedulerThread/DEBUG] [net.creeperhost.ftbbackups.repack.org.quartz.core.QuartzSchedulerThread/]: batch acquisition of 0 triggers
[05May2026 00:48:45.098] [LanServerDetector #5/DEBUG] [net.neoforged.neoforge.network.DualStackUtils/]: Detected IPv6 address: "2600:1700:692e:8030:f8d3:b53:1d3b:e766"
[05May2026 00:48:46.603] [LanServerDetector #5/DEBUG] [net.neoforged.neoforge.network.DualStackUtils/]: Detected IPv6 address: "2600:1700:692e:8030:f8d3:b53:1d3b:e766"
[05May2026 00:48:48.103] [LanServerDetector #5/DEBUG] [net.neoforged.neoforge.network.DualStackUtils/]: Detected IPv6 address: "2600:1700:692e:8030:f8d3:b53:1d3b:e766"
[05May2026 00:48:49.606] [LanServerDetector #5/DEBUG] [net.neoforged.neoforge.network.DualStackUtils/]: Detected IPv6 address: "2600:1700:692e:8030:f8d3:b53:1d3b:e766"
[05May2026 00:48:51.105] [LanServerDetector #5/DEBUG] [net.neoforged.neoforge.network.DualStackUtils/]: Detected IPv6 address: "2600:1700:692e:8030:f8d3:b53:1d3b:e766"
[05May2026 00:48:51.105] [LanServerDetector #6/DEBUG] [net.neoforged.neoforge.network.DualStackUtils/]: Detected IPv6 address: "2600:1700:692e:8030:f8d3:b53:1d3b:e766"
[05May2026 00:48:52.608] [LanServerDetector #6/DEBUG] [net.neoforged.neoforge.network.DualStackUtils/]: Detected IPv6 address: "2600:1700:692e:8030:f8d3:b53:1d3b:e766"
[05May2026 00:48:54.106] [LanServerDetector #6/DEBUG] [net.neoforged.neoforge.network.DualStackUtils/]: Detected IPv6 address: "2600:1700:692e:8030:f8d3:b53:1d3b:e766"
[05May2026 00:48:55.607] [LanServerDetector #6/DEBUG] [net.neoforged.neoforge.network.DualStackUtils/]: Detected IPv6 address: "2600:1700:692e:8030:f8d3:b53:1d3b:e766"
[05May2026 00:48:57.120] [LanServerDetector #6/DEBUG] [net.neoforged.neoforge.network.DualStackUtils/]: Detected IPv6 address: "2600:1700:692e:8030:f8d3:b53:1d3b:e766"
[05May2026 00:48:58.625] [LanServerDetector #6/DEBUG] [net.neoforged.neoforge.network.DualStackUtils/]: Detected IPv6 address: "2600:1700:692e:8030:f8d3:b53:1d3b:e766"
[05May2026 00:49:00.106] [LanServerDetector #6/DEBUG] [net.neoforged.neoforge.network.DualStackUtils/]: Detected IPv6 address: "2600:1700:692e:8030:f8d3:b53:1d3b:e766"
[05May2026 00:49:01.609] [LanServerDetector #6/DEBUG] [net.neoforged.neoforge.network.DualStackUtils/]: Detected IPv6 address: "2600:1700:692e:8030:f8d3:b53:1d3b:e766"
[05May2026 00:49:03.109] [LanServerDetector #6/DEBUG] [net.neoforged.neoforge.network.DualStackUtils/]: Detected IPv6 address: "2600:1700:692e:8030:f8d3:b53:1d3b:e766"
[05May2026 00:49:04.611] [LanServerDetector #6/DEBUG] [net.neoforged.neoforge.network.DualStackUtils/]: Detected IPv6 address: "2600:1700:692e:8030:f8d3:b53:1d3b:e766"
[05May2026 00:49:06.073] [ftbbackups2_QuartzSchedulerThread/DEBUG] [net.creeperhost.ftbbackups.repack.org.quartz.core.QuartzSchedulerThread/]: batch acquisition of 0 triggers
[05May2026 00:49:06.111] [LanServerDetector #6/DEBUG] [net.neoforged.neoforge.network.DualStackUtils/]: Detected IPv6 address: "2600:1700:692e:8030:f8d3:b53:1d3b:e766"
[05May2026 00:49:07.610] [LanServerDetector #6/DEBUG] [net.neoforged.neoforge.network.DualStackUtils/]: Detected IPv6 address: "2600:1700:692e:8030:f8d3:b53:1d3b:e766"
[05May2026 00:49:09.111] [LanServerDetector #6/DEBUG] [net.neoforged.neoforge.network.DualStackUtils/]: Detected IPv6 address: "2600:1700:692e:8030:f8d3:b53:1d3b:e766"
[05May2026 00:49:10.611] [LanServerDetector #6/DEBUG] [net.neoforged.neoforge.network.DualStackUtils/]: Detected IPv6 address: "2600:1700:692e:8030:f8d3:b53:1d3b:e766"
[05May2026 00:49:12.130] [Worker-ResourceReload-2/DEBUG] [ModernFix/]: Worker-ResourceReload-2 shutdown
[05May2026 00:49:12.250] [LanServerDetector #6/DEBUG] [net.neoforged.neoforge.network.DualStackUtils/]: Detected IPv6 address: "2600:1700:692e:8030:f8d3:b53:1d3b:e766"
[05May2026 00:49:13.763] [LanServerDetector #6/DEBUG] [net.neoforged.neoforge.network.DualStackUtils/]: Detected IPv6 address: "2600:1700:692e:8030:f8d3:b53:1d3b:e766"
[05May2026 00:49:15.299] [LanServerDetector #6/DEBUG] [net.neoforged.neoforge.network.DualStackUtils/]: Detected IPv6 address: "2600:1700:692e:8030:f8d3:b53:1d3b:e766"
[05May2026 00:49:16.846] [LanServerDetector #6/DEBUG] [net.neoforged.neoforge.network.DualStackUtils/]: Detected IPv6 address: "2600:1700:692e:8030:f8d3:b53:1d3b:e766"
[05May2026 00:49:18.372] [LanServerDetector #6/DEBUG] [net.neoforged.neoforge.network.DualStackUtils/]: Detected IPv6 address: "2600:1700:692e:8030:f8d3:b53:1d3b:e766"
[05May2026 00:49:19.616] [LanServerDetector #6/DEBUG] [net.neoforged.neoforge.network.DualStackUtils/]: Detected IPv6 address: "2600:1700:692e:8030:f8d3:b53:1d3b:e766"
[05May2026 00:49:21.115] [LanServerDetector #6/DEBUG] [net.neoforged.neoforge.network.DualStackUtils/]: Detected IPv6 address: "2600:1700:692e:8030:f8d3:b53:1d3b:e766"
[05May2026 00:49:22.617] [LanServerDetector #6/DEBUG] [net.neoforged.neoforge.network.DualStackUtils/]: Detected IPv6 address: "2600:1700:692e:8030:f8d3:b53:1d3b:e766"
[05May2026 00:49:24.117] [LanServerDetector #6/DEBUG] [net.neoforged.neoforge.network.DualStackUtils/]: Detected IPv6 address: "2600:1700:692e:8030:f8d3:b53:1d3b:e766"
[05May2026 00:49:25.616] [LanServerDetector #6/DEBUG] [net.neoforged.neoforge.network.DualStackUtils/]: Detected IPv6 address: "2600:1700:692e:8030:f8d3:b53:1d3b:e766"
[05May2026 00:49:27.118] [LanServerDetector #6/DEBUG] [net.neoforged.neoforge.network.DualStackUtils/]: Detected IPv6 address: "2600:1700:692e:8030:f8d3:b53:1d3b:e766"
[05May2026 00:49:28.617] [LanServerDetector #6/DEBUG] [net.neoforged.neoforge.network.DualStackUtils/]: Detected IPv6 address: "2600:1700:692e:8030:f8d3:b53:1d3b:e766"
[05May2026 00:49:29.078] [ftbbackups2_QuartzSchedulerThread/DEBUG] [net.creeperhost.ftbbackups.repack.org.quartz.core.QuartzSchedulerThread/]: batch acquisition of 0 triggers
[05May2026 00:49:30.120] [LanServerDetector #6/DEBUG] [net.neoforged.neoforge.network.DualStackUtils/]: Detected IPv6 address: "2600:1700:692e:8030:f8d3:b53:1d3b:e766"
[05May2026 00:49:31.620] [LanServerDetector #6/DEBUG] [net.neoforged.neoforge.network.DualStackUtils/]: Detected IPv6 address: "2600:1700:692e:8030:f8d3:b53:1d3b:e766"
[05May2026 00:49:33.120] [LanServerDetector #6/DEBUG] [net.neoforged.neoforge.network.DualStackUtils/]: Detected IPv6 address: "2600:1700:692e:8030:f8d3:b53:1d3b:e766"
[05May2026 00:49:34.628] [LanServerDetector #6/DEBUG] [net.neoforged.neoforge.network.DualStackUtils/]: Detected IPv6 address: "2600:1700:692e:8030:f8d3:b53:1d3b:e766"
[05May2026 00:49:36.126] [LanServerDetector #6/DEBUG] [net.neoforged.neoforge.network.DualStackUtils/]: Detected IPv6 address: "2600:1700:692e:8030:f8d3:b53:1d3b:e766"
[05May2026 00:49:37.623] [LanServerDetector #6/DEBUG] [net.neoforged.neoforge.network.DualStackUtils/]: Detected IPv6 address: "2600:1700:692e:8030:f8d3:b53:1d3b:e766"
[05May2026 00:49:39.125] [LanServerDetector #6/DEBUG] [net.neoforged.neoforge.network.DualStackUtils/]: Detected IPv6 address: "2600:1700:692e:8030:f8d3:b53:1d3b:e766"
[05May2026 00:49:40.626] [LanServerDetector #6/DEBUG] [net.neoforged.neoforge.network.DualStackUtils/]: Detected IPv6 address: "2600:1700:692e:8030:f8d3:b53:1d3b:e766"
[05May2026 00:49:42.126] [LanServerDetector #6/DEBUG] [net.neoforged.neoforge.network.DualStackUtils/]: Detected IPv6 address: "2600:1700:692e:8030:f8d3:b53:1d3b:e766"
[05May2026 00:49:43.626] [LanServerDetector #6/DEBUG] [net.neoforged.neoforge.network.DualStackUtils/]: Detected IPv6 address: "2600:1700:692e:8030:f8d3:b53:1d3b:e766"
[05May2026 00:49:45.128] [LanServerDetector #6/DEBUG] [net.neoforged.neoforge.network.DualStackUtils/]: Detected IPv6 address: "2600:1700:692e:8030:f8d3:b53:1d3b:e766"
[05May2026 00:49:46.628] [LanServerDetector #6/DEBUG] [net.neoforged.neoforge.network.DualStackUtils/]: Detected IPv6 address: "2600:1700:692e:8030:f8d3:b53:1d3b:e766"
[05May2026 00:49:48.129] [LanServerDetector #6/DEBUG] [net.neoforged.neoforge.network.DualStackUtils/]: Detected IPv6 address: "2600:1700:692e:8030:f8d3:b53:1d3b:e766"
[05May2026 00:49:49.631] [LanServerDetector #6/DEBUG] [net.neoforged.neoforge.network.DualStackUtils/]: Detected IPv6 address: "2600:1700:692e:8030:f8d3:b53:1d3b:e766"
[05May2026 00:49:51.130] [LanServerDetector #6/DEBUG] [net.neoforged.neoforge.network.DualStackUtils/]: Detected IPv6 address: "2600:1700:692e:8030:f8d3:b53:1d3b:e766"
[05May2026 00:49:52.629] [LanServerDetector #6/DEBUG] [net.neoforged.neoforge.network.DualStackUtils/]: Detected IPv6 address: "2600:1700:692e:8030:f8d3:b53:1d3b:e766"
[05May2026 00:49:54.131] [LanServerDetector #6/DEBUG] [net.neoforged.neoforge.network.DualStackUtils/]: Detected IPv6 address: "2600:1700:692e:8030:f8d3:b53:1d3b:e766"
[05May2026 00:49:55.630] [LanServerDetector #6/DEBUG] [net.neoforged.neoforge.network.DualStackUtils/]: Detected IPv6 address: "2600:1700:692e:8030:f8d3:b53:1d3b:e766"
[05May2026 00:49:57.132] [LanServerDetector #6/DEBUG] [net.neoforged.neoforge.network.DualStackUtils/]: Detected IPv6 address: "2600:1700:692e:8030:f8d3:b53:1d3b:e766"
[05May2026 00:49:58.534] [ftbbackups2_QuartzSchedulerThread/DEBUG] [net.creeperhost.ftbbackups.repack.org.quartz.core.QuartzSchedulerThread/]: batch acquisition of 0 triggers
[05May2026 00:49:58.638] [LanServerDetector #6/DEBUG] [net.neoforged.neoforge.network.DualStackUtils/]: Detected IPv6 address: "2600:1700:692e:8030:f8d3:b53:1d3b:e766"
[05May2026 00:50:00.132] [LanServerDetector #6/DEBUG] [net.neoforged.neoforge.network.DualStackUtils/]: Detected IPv6 address: "2600:1700:692e:8030:f8d3:b53:1d3b:e766"
[05May2026 00:50:01.632] [LanServerDetector #6/DEBUG] [net.neoforged.neoforge.network.DualStackUtils/]: Detected IPv6 address: "2600:1700:692e:8030:f8d3:b53:1d3b:e766"
[05May2026 00:50:03.132] [LanServerDetector #6/DEBUG] [net.neoforged.neoforge.network.DualStackUtils/]: Detected IPv6 address: "2600:1700:692e:8030:f8d3:b53:1d3b:e766"
[05May2026 00:50:04.632] [LanServerDetector #6/DEBUG] [net.neoforged.neoforge.network.DualStackUtils/]: Detected IPv6 address: "2600:1700:692e:8030:f8d3:b53:1d3b:e766"
[05May2026 00:50:06.132] [LanServerDetector #6/DEBUG] [net.neoforged.neoforge.network.DualStackUtils/]: Detected IPv6 address: "2600:1700:692e:8030:f8d3:b53:1d3b:e766"
[05May2026 00:50:12.130] [Worker-ResourceReload-18/DEBUG] [ModernFix/]: Worker-ResourceReload-18 shutdown
[05May2026 00:50:26.913] [ftbbackups2_QuartzSchedulerThread/DEBUG] [net.creeperhost.ftbbackups.repack.org.quartz.core.QuartzSchedulerThread/]: batch acquisition of 0 triggers
[05May2026 00:50:35.046] [LanServerDetector #6/DEBUG] [net.neoforged.neoforge.network.DualStackUtils/]: Detected IPv6 address: "2600:1700:692e:8030:f8d3:b53:1d3b:e766"
[05May2026 00:50:36.547] [LanServerDetector #6/DEBUG] [net.neoforged.neoforge.network.DualStackUtils/]: Detected IPv6 address: "2600:1700:692e:8030:f8d3:b53:1d3b:e766"
[05May2026 00:50:38.051] [LanServerDetector #6/DEBUG] [net.neoforged.neoforge.network.DualStackUtils/]: Detected IPv6 address: "2600:1700:692e:8030:f8d3:b53:1d3b:e766"
[05May2026 00:50:39.548] [LanServerDetector #6/DEBUG] [net.neoforged.neoforge.network.DualStackUtils/]: Detected IPv6 address: "2600:1700:692e:8030:f8d3:b53:1d3b:e766"
[05May2026 00:50:41.048] [LanServerDetector #6/DEBUG] [net.neoforged.neoforge.network.DualStackUtils/]: Detected IPv6 address: "2600:1700:692e:8030:f8d3:b53:1d3b:e766"
[05May2026 00:50:42.550] [LanServerDetector #6/DEBUG] [net.neoforged.neoforge.network.DualStackUtils/]: Detected IPv6 address: "2600:1700:692e:8030:f8d3:b53:1d3b:e766"
[05May2026 00:50:44.050] [LanServerDetector #6/DEBUG] [net.neoforged.neoforge.network.DualStackUtils/]: Detected IPv6 address: "2600:1700:692e:8030:f8d3:b53:1d3b:e766"
[05May2026 00:50:45.551] [LanServerDetector #6/DEBUG] [net.neoforged.neoforge.network.DualStackUtils/]: Detected IPv6 address: "2600:1700:692e:8030:f8d3:b53:1d3b:e766"
[05May2026 00:50:47.052] [LanServerDetector #6/DEBUG] [net.neoforged.neoforge.network.DualStackUtils/]: Detected IPv6 address: "2600:1700:692e:8030:f8d3:b53:1d3b:e766"
[05May2026 00:50:48.552] [LanServerDetector #6/DEBUG] [net.neoforged.neoforge.network.DualStackUtils/]: Detected IPv6 address: "2600:1700:692e:8030:f8d3:b53:1d3b:e766"
[05May2026 00:50:50.050] [LanServerDetector #6/DEBUG] [net.neoforged.neoforge.network.DualStackUtils/]: Detected IPv6 address: "2600:1700:692e:8030:f8d3:b53:1d3b:e766"
[05May2026 00:50:50.140] [ftbbackups2_QuartzSchedulerThread/DEBUG] [net.creeperhost.ftbbackups.repack.org.quartz.core.QuartzSchedulerThread/]: batch acquisition of 0 triggers
[05May2026 00:50:51.553] [LanServerDetector #6/DEBUG] [net.neoforged.neoforge.network.DualStackUtils/]: Detected IPv6 address: "2600:1700:692e:8030:f8d3:b53:1d3b:e766"
[05May2026 00:50:53.053] [LanServerDetector #6/DEBUG] [net.neoforged.neoforge.network.DualStackUtils/]: Detected IPv6 address: "2600:1700:692e:8030:f8d3:b53:1d3b:e766"
[05May2026 00:50:54.554] [LanServerDetector #6/DEBUG] [net.neoforged.neoforge.network.DualStackUtils/]: Detected IPv6 address: "2600:1700:692e:8030:f8d3:b53:1d3b:e766"
[05May2026 00:50:56.054] [LanServerDetector #6/DEBUG] [net.neoforged.neoforge.network.DualStackUtils/]: Detected IPv6 address: "2600:1700:692e:8030:f8d3:b53:1d3b:e766"
[05May2026 00:50:57.555] [LanServerDetector #6/DEBUG] [net.neoforged.neoforge.network.DualStackUtils/]: Detected IPv6 address: "2600:1700:692e:8030:f8d3:b53:1d3b:e766"
[05May2026 00:50:59.058] [LanServerDetector #6/DEBUG] [net.neoforged.neoforge.network.DualStackUtils/]: Detected IPv6 address: "2600:1700:692e:8030:f8d3:b53:1d3b:e766"
[05May2026 00:51:00.555] [LanServerDetector #6/DEBUG] [net.neoforged.neoforge.network.DualStackUtils/]: Detected IPv6 address: "2600:1700:692e:8030:f8d3:b53:1d3b:e766"
[05May2026 00:51:00.555] [LanServerDetector #7/DEBUG] [net.neoforged.neoforge.network.DualStackUtils/]: Detected IPv6 address: "2600:1700:692e:8030:f8d3:b53:1d3b:e766"
[05May2026 00:51:02.055] [LanServerDetector #7/DEBUG] [net.neoforged.neoforge.network.DualStackUtils/]: Detected IPv6 address: "2600:1700:692e:8030:f8d3:b53:1d3b:e766"
[05May2026 00:51:03.558] [LanServerDetector #7/DEBUG] [net.neoforged.neoforge.network.DualStackUtils/]: Detected IPv6 address: "2600:1700:692e:8030:f8d3:b53:1d3b:e766"
[05May2026 00:51:05.058] [LanServerDetector #7/DEBUG] [net.neoforged.neoforge.network.DualStackUtils/]: Detected IPv6 address: "2600:1700:692e:8030:f8d3:b53:1d3b:e766"
[05May2026 00:51:06.559] [LanServerDetector #7/DEBUG] [net.neoforged.neoforge.network.DualStackUtils/]: Detected IPv6 address: "2600:1700:692e:8030:f8d3:b53:1d3b:e766"
[05May2026 00:51:08.056] [LanServerDetector #7/DEBUG] [net.neoforged.neoforge.network.DualStackUtils/]: Detected IPv6 address: "2600:1700:692e:8030:f8d3:b53:1d3b:e766"
[05May2026 00:51:09.559] [LanServerDetector #7/DEBUG] [net.neoforged.neoforge.network.DualStackUtils/]: Detected IPv6 address: "2600:1700:692e:8030:f8d3:b53:1d3b:e766"
[05May2026 00:51:11.065] [LanServerDetector #7/DEBUG] [net.neoforged.neoforge.network.DualStackUtils/]: Detected IPv6 address: "2600:1700:692e:8030:f8d3:b53:1d3b:e766"
[05May2026 00:51:12.130] [Worker-ResourceReload-13/DEBUG] [ModernFix/]: Worker-ResourceReload-13 shutdown
[05May2026 00:51:12.566] [LanServerDetector #7/DEBUG] [net.neoforged.neoforge.network.DualStackUtils/]: Detected IPv6 address: "2600:1700:692e:8030:f8d3:b53:1d3b:e766"
[05May2026 00:51:14.060] [LanServerDetector #7/DEBUG] [net.neoforged.neoforge.network.DualStackUtils/]: Detected IPv6 address: "2600:1700:692e:8030:f8d3:b53:1d3b:e766"
[05May2026 00:51:15.560] [LanServerDetector #7/DEBUG] [net.neoforged.neoforge.network.DualStackUtils/]: Detected IPv6 address: "2600:1700:692e:8030:f8d3:b53:1d3b:e766"
[05May2026 00:51:17.060] [LanServerDetector #7/DEBUG] [net.neoforged.neoforge.network.DualStackUtils/]: Detected IPv6 address: "2600:1700:692e:8030:f8d3:b53:1d3b:e766"
[05May2026 00:51:18.560] [LanServerDetector #7/DEBUG] [net.neoforged.neoforge.network.DualStackUtils/]: Detected IPv6 address: "2600:1700:692e:8030:f8d3:b53:1d3b:e766"
[05May2026 00:51:18.995] [ftbbackups2_QuartzSchedulerThread/DEBUG] [net.creeperhost.ftbbackups.repack.org.quartz.core.QuartzSchedulerThread/]: batch acquisition of 0 triggers
[05May2026 00:51:20.060] [LanServerDetector #7/DEBUG] [net.neoforged.neoforge.network.DualStackUtils/]: Detected IPv6 address: "2600:1700:692e:8030:f8d3:b53:1d3b:e766"
[05May2026 00:51:47.617] [LanServerDetector #14/DEBUG] [net.neoforged.neoforge.network.DualStackUtils/]: Detected IPv6 address: "2600:1700:692e:8030:f8d3:b53:1d3b:e766"
[05May2026 00:51:48.094] [ftbbackups2_QuartzSchedulerThread/DEBUG] [net.creeperhost.ftbbackups.repack.org.quartz.core.QuartzSchedulerThread/]: batch acquisition of 0 triggers
[05May2026 00:51:49.120] [LanServerDetector #14/DEBUG] [net.neoforged.neoforge.network.DualStackUtils/]: Detected IPv6 address: "2600:1700:692e:8030:f8d3:b53:1d3b:e766"
[05May2026 00:51:50.622] [LanServerDetector #14/DEBUG] [net.neoforged.neoforge.network.DualStackUtils/]: Detected IPv6 address: "2600:1700:692e:8030:f8d3:b53:1d3b:e766"
[05May2026 00:51:50.622] [LanServerDetector #15/DEBUG] [net.neoforged.neoforge.network.DualStackUtils/]: Detected IPv6 address: "2600:1700:692e:8030:f8d3:b53:1d3b:e766"
[05May2026 00:51:52.125] [LanServerDetector #15/DEBUG] [net.neoforged.neoforge.network.DualStackUtils/]: Detected IPv6 address: "2600:1700:692e:8030:f8d3:b53:1d3b:e766"
[05May2026 00:51:53.623] [LanServerDetector #15/DEBUG] [net.neoforged.neoforge.network.DualStackUtils/]: Detected IPv6 address: "2600:1700:692e:8030:f8d3:b53:1d3b:e766"
[05May2026 00:51:53.623] [LanServerDetector #16/DEBUG] [net.neoforged.neoforge.network.DualStackUtils/]: Detected IPv6 address: "2600:1700:692e:8030:f8d3:b53:1d3b:e766"
[05May2026 00:51:55.124] [LanServerDetector #16/DEBUG] [net.neoforged.neoforge.network.DualStackUtils/]: Detected IPv6 address: "2600:1700:692e:8030:f8d3:b53:1d3b:e766"
[05May2026 00:51:56.625] [LanServerDetector #16/DEBUG] [net.neoforged.neoforge.network.DualStackUtils/]: Detected IPv6 address: "2600:1700:692e:8030:f8d3:b53:1d3b:e766"
[05May2026 00:51:56.857] [Render thread/INFO] [net.minecraft.client.Minecraft/]: Stopping!
[05May2026 00:51:56.860] [Render thread/DEBUG] [net.ixdarklord.ultimine_addition.core.FTBUltimineAddition/]: No preserved config values to restore
[05May2026 00:51:56.883] [Render thread/INFO] [FTB Chunks/]: Shutting down map thread
